timestamp,corridor,segment_id,segment_index,from_lat,from_lng,to_lat,to_lng,hour,day_of_week,congestion_index
2026-07-30T00:00:00,Port Klang - KL Distribution,Port Klang - KL Distribution :: Port Klang->Shah Alam,0,3.0,101.39,3.0733,101.5185,0,3,0.2923
2026-07-30T01:00:00,Port Klang - KL Distribution,Port Klang - KL Distribution :: Port Klang->Shah Alam,0,3.0,101.39,3.0733,101.5185,1,3,0.2542
2026-07-30T02:00:00,Port Klang - KL Distribution,Port Klang - KL Distribution :: Port Klang->Shah Alam,0,3.0,101.39,3.0733,101.5185,2,3,0.3014
2026-07-30T03:00:00,Port Klang - KL Distribution,Port Klang - KL Distribution :: Port Klang->Shah Alam,0,3.0,101.39,3.0733,101.5185,3,3,0.3552
2026-07-30T04:00:00,Port Klang - KL Distribution,Port Klang - KL Distribution :: Port Klang->Shah Alam,0,3.0,101.39,3.0733,101.5185,4,3,0.2608
2026-07-30T05:00:00,Port Klang - KL Distribution,Port Klang - KL Distribution :: Port Klang->Shah Alam,0,3.0,101.39,3.0733,101.5185,5,3,0.3196
2026-07-30T06:00:00,Port Klang - KL Distribution,Port Klang - KL Distribution :: Port Klang->Shah Alam,0,3.0,101.39,3.0733,101.5185,6,3,0.6056
2026-07-30T07:00:00,Port Klang - KL Distribution,Port Klang - KL Distribution :: Port Klang->Shah Alam,0,3.0,101.39,3.0733,101.5185,7,3,0.8342
2026-07-30T08:00:00,Port Klang - KL Distribution,Port Klang - KL Distribution :: Port Klang->Shah Alam,0,3.0,101.39,3.0733,101.5185,8,3,0.9093
2026-07-30T09:00:00,Port Klang - KL Distribution,Port Klang - KL Distribution :: Port Klang->Shah Alam,0,3.0,101.39,3.0733,101.5185,9,3,0.8207
2026-07-30T10:00:00,Port Klang - KL Distribution,Port Klang - KL Distribution :: Port Klang->Shah Alam,0,3.0,101.39,3.0733,101.5185,10,3,0.483
2026-07-30T11:00:00,Port Klang - KL Distribution,Port Klang - KL Distribution :: Port Klang->Shah Alam,0,3.0,101.39,3.0733,101.5185,11,3,0.3057
2026-07-30T12:00:00,Port Klang - KL Distribution,Port Klang - KL Distribution :: Port Klang->Shah Alam,0,3.0,101.39,3.0733,101.5185,12,3,0.2899
2026-07-30T13:00:00,Port Klang - KL Distribution,Port Klang - KL Distribution :: Port Klang->Shah Alam,0,3.0,101.39,3.0733,101.5185,13,3,0.1541
2026-07-30T14:00:00,Port Klang - KL Distribution,Port Klang - KL Distribution :: Port Klang->Shah Alam,0,3.0,101.39,3.0733,101.5185,14,3,0.1897
2026-07-30T15:00:00,Port Klang - KL Distribution,Port Klang - KL Distribution :: Port Klang->Shah Alam,0,3.0,101.39,3.0733,101.5185,15,3,0.3527
2026-07-30T16:00:00,Port Klang - KL Distribution,Port Klang - KL Distribution :: Port Klang->Shah Alam,0,3.0,101.39,3.0733,101.5185,16,3,0.5387
2026-07-30T17:00:00,Port Klang - KL Distribution,Port Klang - KL Distribution :: Port Klang->Shah Alam,0,3.0,101.39,3.0733,101.5185,17,3,0.8954
2026-07-30T18:00:00,Port Klang - KL Distribution,Port Klang - KL Distribution :: Port Klang->Shah Alam,0,3.0,101.39,3.0733,101.5185,18,3,0.9455
2026-07-30T19:00:00,Port Klang - KL Distribution,Port Klang - KL Distribution :: Port Klang->Shah Alam,0,3.0,101.39,3.0733,101.5185,19,3,0.7918
2026-07-30T20:00:00,Port Klang - KL Distribution,Port Klang - KL Distribution :: Port Klang->Shah Alam,0,3.0,101.39,3.0733,101.5185,20,3,0.6874
2026-07-30T21:00:00,Port Klang - KL Distribution,Port Klang - KL Distribution :: Port Klang->Shah Alam,0,3.0,101.39,3.0733,101.5185,21,3,0.3729
2026-07-30T22:00:00,Port Klang - KL Distribution,Port Klang - KL Distribution :: Port Klang->Shah Alam,0,3.0,101.39,3.0733,101.5185,22,3,0.2971
2026-07-30T23:00:00,Port Klang - KL Distribution,Port Klang - KL Distribution :: Port Klang->Shah Alam,0,3.0,101.39,3.0733,101.5185,23,3,0.1821
2026-07-31T00:00:00,Port Klang - KL Distribution,Port Klang - KL Distribution :: Port Klang->Shah Alam,0,3.0,101.39,3.0733,101.5185,0,4,0.2298
2026-07-31T01:00:00,Port Klang - KL Distribution,Port Klang - KL Distribution :: Port Klang->Shah Alam,0,3.0,101.39,3.0733,101.5185,1,4,0.2692
2026-07-31T02:00:00,Port Klang - KL Distribution,Port Klang - KL Distribution :: Port Klang->Shah Alam,0,3.0,101.39,3.0733,101.5185,2,4,0.1935
2026-07-31T03:00:00,Port Klang - KL Distribution,Port Klang - KL Distribution :: Port Klang->Shah Alam,0,3.0,101.39,3.0733,101.5185,3,4,0.2863
2026-07-31T04:00:00,Port Klang - KL Distribution,Port Klang - KL Distribution :: Port Klang->Shah Alam,0,3.0,101.39,3.0733,101.5185,4,4,0.2388
2026-07-31T05:00:00,Port Klang - KL Distribution,Port Klang - KL Distribution :: Port Klang->Shah Alam,0,3.0,101.39,3.0733,101.5185,5,4,0.3161
2026-07-31T06:00:00,Port Klang - KL Distribution,Port Klang - KL Distribution :: Port Klang->Shah Alam,0,3.0,101.39,3.0733,101.5185,6,4,0.4747
2026-07-31T07:00:00,Port Klang - KL Distribution,Port Klang - KL Distribution :: Port Klang->Shah Alam,0,3.0,101.39,3.0733,101.5185,7,4,0.8993
2026-07-31T08:00:00,Port Klang - KL Distribution,Port Klang - KL Distribution :: Port Klang->Shah Alam,0,3.0,101.39,3.0733,101.5185,8,4,0.9367
2026-07-31T09:00:00,Port Klang - KL Distribution,Port Klang - KL Distribution :: Port Klang->Shah Alam,0,3.0,101.39,3.0733,101.5185,9,4,0.7247
2026-07-31T10:00:00,Port Klang - KL Distribution,Port Klang - KL Distribution :: Port Klang->Shah Alam,0,3.0,101.39,3.0733,101.5185,10,4,0.5602
2026-07-31T11:00:00,Port Klang - KL Distribution,Port Klang - KL Distribution :: Port Klang->Shah Alam,0,3.0,101.39,3.0733,101.5185,11,4,0.2604
2026-07-31T12:00:00,Port Klang - KL Distribution,Port Klang - KL Distribution :: Port Klang->Shah Alam,0,3.0,101.39,3.0733,101.5185,12,4,0.288
2026-07-31T13:00:00,Port Klang - KL Distribution,Port Klang - KL Distribution :: Port Klang->Shah Alam,0,3.0,101.39,3.0733,101.5185,13,4,0.1513
2026-07-31T14:00:00,Port Klang - KL Distribution,Port Klang - KL Distribution :: Port Klang->Shah Alam,0,3.0,101.39,3.0733,101.5185,14,4,0.2135
2026-07-31T15:00:00,Port Klang - KL Distribution,Port Klang - KL Distribution :: Port Klang->Shah Alam,0,3.0,101.39,3.0733,101.5185,15,4,0.3983
2026-07-31T16:00:00,Port Klang - KL Distribution,Port Klang - KL Distribution :: Port Klang->Shah Alam,0,3.0,101.39,3.0733,101.5185,16,4,0.6438
2026-07-31T17:00:00,Port Klang - KL Distribution,Port Klang - KL Distribution :: Port Klang->Shah Alam,0,3.0,101.39,3.0733,101.5185,17,4,0.8868
2026-07-31T18:00:00,Port Klang - KL Distribution,Port Klang - KL Distribution :: Port Klang->Shah Alam,0,3.0,101.39,3.0733,101.5185,18,4,0.9931
2026-07-31T19:00:00,Port Klang - KL Distribution,Port Klang - KL Distribution :: Port Klang->Shah Alam,0,3.0,101.39,3.0733,101.5185,19,4,0.8585
2026-07-31T20:00:00,Port Klang - KL Distribution,Port Klang - KL Distribution :: Port Klang->Shah Alam,0,3.0,101.39,3.0733,101.5185,20,4,0.5108
2026-07-31T21:00:00,Port Klang - KL Distribution,Port Klang - KL Distribution :: Port Klang->Shah Alam,0,3.0,101.39,3.0733,101.5185,21,4,0.3433
2026-07-31T22:00:00,Port Klang - KL Distribution,Port Klang - KL Distribution :: Port Klang->Shah Alam,0,3.0,101.39,3.0733,101.5185,22,4,0.2654
2026-07-31T23:00:00,Port Klang - KL Distribution,Port Klang - KL Distribution :: Port Klang->Shah Alam,0,3.0,101.39,3.0733,101.5185,23,4,0.331
2026-08-01T00:00:00,Port Klang - KL Distribution,Port Klang - KL Distribution :: Port Klang->Shah Alam,0,3.0,101.39,3.0733,101.5185,0,5,0.2831
2026-08-01T01:00:00,Port Klang - KL Distribution,Port Klang - KL Distribution :: Port Klang->Shah Alam,0,3.0,101.39,3.0733,101.5185,1,5,0.1567
2026-08-01T02:00:00,Port Klang - KL Distribution,Port Klang - KL Distribution :: Port Klang->Shah Alam,0,3.0,101.39,3.0733,101.5185,2,5,0.282
2026-08-01T03:00:00,Port Klang - KL Distribution,Port Klang - KL Distribution :: Port Klang->Shah Alam,0,3.0,101.39,3.0733,101.5185,3,5,0.2407
2026-08-01T04:00:00,Port Klang - KL Distribution,Port Klang - KL Distribution :: Port Klang->Shah Alam,0,3.0,101.39,3.0733,101.5185,4,5,0.2342
2026-08-01T05:00:00,Port Klang - KL Distribution,Port Klang - KL Distribution :: Port Klang->Shah Alam,0,3.0,101.39,3.0733,101.5185,5,5,0.3703
2026-08-01T06:00:00,Port Klang - KL Distribution,Port Klang - KL Distribution :: Port Klang->Shah Alam,0,3.0,101.39,3.0733,101.5185,6,5,0.5727
2026-08-01T07:00:00,Port Klang - KL Distribution,Port Klang - KL Distribution :: Port Klang->Shah Alam,0,3.0,101.39,3.0733,101.5185,7,5,0.8441
2026-08-01T08:00:00,Port Klang - KL Distribution,Port Klang - KL Distribution :: Port Klang->Shah Alam,0,3.0,101.39,3.0733,101.5185,8,5,0.8871
2026-08-01T09:00:00,Port Klang - KL Distribution,Port Klang - KL Distribution :: Port Klang->Shah Alam,0,3.0,101.39,3.0733,101.5185,9,5,0.7696
2026-08-01T10:00:00,Port Klang - KL Distribution,Port Klang - KL Distribution :: Port Klang->Shah Alam,0,3.0,101.39,3.0733,101.5185,10,5,0.5307
2026-08-01T11:00:00,Port Klang - KL Distribution,Port Klang - KL Distribution :: Port Klang->Shah Alam,0,3.0,101.39,3.0733,101.5185,11,5,0.3922
2026-08-01T12:00:00,Port Klang - KL Distribution,Port Klang - KL Distribution :: Port Klang->Shah Alam,0,3.0,101.39,3.0733,101.5185,12,5,0.2467
2026-08-01T13:00:00,Port Klang - KL Distribution,Port Klang - KL Distribution :: Port Klang->Shah Alam,0,3.0,101.39,3.0733,101.5185,13,5,0.2577
2026-08-01T14:00:00,Port Klang - KL Distribution,Port Klang - KL Distribution :: Port Klang->Shah Alam,0,3.0,101.39,3.0733,101.5185,14,5,0.2268
2026-08-01T15:00:00,Port Klang - KL Distribution,Port Klang - KL Distribution :: Port Klang->Shah Alam,0,3.0,101.39,3.0733,101.5185,15,5,0.3147
2026-08-01T16:00:00,Port Klang - KL Distribution,Port Klang - KL Distribution :: Port Klang->Shah Alam,0,3.0,101.39,3.0733,101.5185,16,5,0.6482
2026-08-01T17:00:00,Port Klang - KL Distribution,Port Klang - KL Distribution :: Port Klang->Shah Alam,0,3.0,101.39,3.0733,101.5185,17,5,0.9579
2026-08-01T18:00:00,Port Klang - KL Distribution,Port Klang - KL Distribution :: Port Klang->Shah Alam,0,3.0,101.39,3.0733,101.5185,18,5,0.9957
2026-08-01T19:00:00,Port Klang - KL Distribution,Port Klang - KL Distribution :: Port Klang->Shah Alam,0,3.0,101.39,3.0733,101.5185,19,5,0.9368
2026-08-01T20:00:00,Port Klang - KL Distribution,Port Klang - KL Distribution :: Port Klang->Shah Alam,0,3.0,101.39,3.0733,101.5185,20,5,0.6212
2026-08-01T21:00:00,Port Klang - KL Distribution,Port Klang - KL Distribution :: Port Klang->Shah Alam,0,3.0,101.39,3.0733,101.5185,21,5,0.3478
2026-08-01T22:00:00,Port Klang - KL Distribution,Port Klang - KL Distribution :: Port Klang->Shah Alam,0,3.0,101.39,3.0733,101.5185,22,5,0.3148
2026-08-01T23:00:00,Port Klang - KL Distribution,Port Klang - KL Distribution :: Port Klang->Shah Alam,0,3.0,101.39,3.0733,101.5185,23,5,0.3598
2026-08-02T00:00:00,Port Klang - KL Distribution,Port Klang - KL Distribution :: Port Klang->Shah Alam,0,3.0,101.39,3.0733,101.5185,0,6,0.2604
2026-08-02T01:00:00,Port Klang - KL Distribution,Port Klang - KL Distribution :: Port Klang->Shah Alam,0,3.0,101.39,3.0733,101.5185,1,6,0.3564
2026-08-02T02:00:00,Port Klang - KL Distribution,Port Klang - KL Distribution :: Port Klang->Shah Alam,0,3.0,101.39,3.0733,101.5185,2,6,0.1054
2026-08-02T03:00:00,Port Klang - KL Distribution,Port Klang - KL Distribution :: Port Klang->Shah Alam,0,3.0,101.39,3.0733,101.5185,3,6,0.3131
2026-08-02T04:00:00,Port Klang - KL Distribution,Port Klang - KL Distribution :: Port Klang->Shah Alam,0,3.0,101.39,3.0733,101.5185,4,6,0.2801
2026-08-02T05:00:00,Port Klang - KL Distribution,Port Klang - KL Distribution :: Port Klang->Shah Alam,0,3.0,101.39,3.0733,101.5185,5,6,0.3157
2026-08-02T06:00:00,Port Klang - KL Distribution,Port Klang - KL Distribution :: Port Klang->Shah Alam,0,3.0,101.39,3.0733,101.5185,6,6,0.5163
2026-08-02T07:00:00,Port Klang - KL Distribution,Port Klang - KL Distribution :: Port Klang->Shah Alam,0,3.0,101.39,3.0733,101.5185,7,6,0.6689
2026-08-02T08:00:00,Port Klang - KL Distribution,Port Klang - KL Distribution :: Port Klang->Shah Alam,0,3.0,101.39,3.0733,101.5185,8,6,0.9243
2026-08-02T09:00:00,Port Klang - KL Distribution,Port Klang - KL Distribution :: Port Klang->Shah Alam,0,3.0,101.39,3.0733,101.5185,9,6,0.8096
2026-08-02T10:00:00,Port Klang - KL Distribution,Port Klang - KL Distribution :: Port Klang->Shah Alam,0,3.0,101.39,3.0733,101.5185,10,6,0.5995
2026-08-02T11:00:00,Port Klang - KL Distribution,Port Klang - KL Distribution :: Port Klang->Shah Alam,0,3.0,101.39,3.0733,101.5185,11,6,0.3026
2026-08-02T12:00:00,Port Klang - KL Distribution,Port Klang - KL Distribution :: Port Klang->Shah Alam,0,3.0,101.39,3.0733,101.5185,12,6,0.2269
2026-08-02T13:00:00,Port Klang - KL Distribution,Port Klang - KL Distribution :: Port Klang->Shah Alam,0,3.0,101.39,3.0733,101.5185,13,6,0.2388
2026-08-02T14:00:00,Port Klang - KL Distribution,Port Klang - KL Distribution :: Port Klang->Shah Alam,0,3.0,101.39,3.0733,101.5185,14,6,0.3481
2026-08-02T15:00:00,Port Klang - KL Distribution,Port Klang - KL Distribution :: Port Klang->Shah Alam,0,3.0,101.39,3.0733,101.5185,15,6,0.4062
2026-08-02T16:00:00,Port Klang - KL Distribution,Port Klang - KL Distribution :: Port Klang->Shah Alam,0,3.0,101.39,3.0733,101.5185,16,6,0.5677
2026-08-02T17:00:00,Port Klang - KL Distribution,Port Klang - KL Distribution :: Port Klang->Shah Alam,0,3.0,101.39,3.0733,101.5185,17,6,0.9073
2026-08-02T18:00:00,Port Klang - KL Distribution,Port Klang - KL Distribution :: Port Klang->Shah Alam,0,3.0,101.39,3.0733,101.5185,18,6,1.0
2026-08-02T19:00:00,Port Klang - KL Distribution,Port Klang - KL Distribution :: Port Klang->Shah Alam,0,3.0,101.39,3.0733,101.5185,19,6,0.9347
2026-08-02T20:00:00,Port Klang - KL Distribution,Port Klang - KL Distribution :: Port Klang->Shah Alam,0,3.0,101.39,3.0733,101.5185,20,6,0.5574
2026-08-02T21:00:00,Port Klang - KL Distribution,Port Klang - KL Distribution :: Port Klang->Shah Alam,0,3.0,101.39,3.0733,101.5185,21,6,0.3668
2026-08-02T22:00:00,Port Klang - KL Distribution,Port Klang - KL Distribution :: Port Klang->Shah Alam,0,3.0,101.39,3.0733,101.5185,22,6,0.2695
2026-08-02T23:00:00,Port Klang - KL Distribution,Port Klang - KL Distribution :: Port Klang->Shah Alam,0,3.0,101.39,3.0733,101.5185,23,6,0.1797
2026-08-03T00:00:00,Port Klang - KL Distribution,Port Klang - KL Distribution :: Port Klang->Shah Alam,0,3.0,101.39,3.0733,101.5185,0,0,0.2803
2026-08-03T01:00:00,Port Klang - KL Distribution,Port Klang - KL Distribution :: Port Klang->Shah Alam,0,3.0,101.39,3.0733,101.5185,1,0,0.2782
2026-08-03T02:00:00,Port Klang - KL Distribution,Port Klang - KL Distribution :: Port Klang->Shah Alam,0,3.0,101.39,3.0733,101.5185,2,0,0.2629
2026-08-03T03:00:00,Port Klang - KL Distribution,Port Klang - KL Distribution :: Port Klang->Shah Alam,0,3.0,101.39,3.0733,101.5185,3,0,0.2497
2026-08-03T04:00:00,Port Klang - KL Distribution,Port Klang - KL Distribution :: Port Klang->Shah Alam,0,3.0,101.39,3.0733,101.5185,4,0,0.1899
2026-08-03T05:00:00,Port Klang - KL Distribution,Port Klang - KL Distribution :: Port Klang->Shah Alam,0,3.0,101.39,3.0733,101.5185,5,0,0.3084
2026-08-03T06:00:00,Port Klang - KL Distribution,Port Klang - KL Distribution :: Port Klang->Shah Alam,0,3.0,101.39,3.0733,101.5185,6,0,0.4903
2026-08-03T07:00:00,Port Klang - KL Distribution,Port Klang - KL Distribution :: Port Klang->Shah Alam,0,3.0,101.39,3.0733,101.5185,7,0,0.7401
2026-08-03T08:00:00,Port Klang - KL Distribution,Port Klang - KL Distribution :: Port Klang->Shah Alam,0,3.0,101.39,3.0733,101.5185,8,0,0.9278
2026-08-03T09:00:00,Port Klang - KL Distribution,Port Klang - KL Distribution :: Port Klang->Shah Alam,0,3.0,101.39,3.0733,101.5185,9,0,0.8124
2026-08-03T10:00:00,Port Klang - KL Distribution,Port Klang - KL Distribution :: Port Klang->Shah Alam,0,3.0,101.39,3.0733,101.5185,10,0,0.624
2026-08-03T11:00:00,Port Klang - KL Distribution,Port Klang - KL Distribution :: Port Klang->Shah Alam,0,3.0,101.39,3.0733,101.5185,11,0,0.3442
2026-08-03T12:00:00,Port Klang - KL Distribution,Port Klang - KL Distribution :: Port Klang->Shah Alam,0,3.0,101.39,3.0733,101.5185,12,0,0.2909
2026-08-03T13:00:00,Port Klang - KL Distribution,Port Klang - KL Distribution :: Port Klang->Shah Alam,0,3.0,101.39,3.0733,101.5185,13,0,0.2644
2026-08-03T14:00:00,Port Klang - KL Distribution,Port Klang - KL Distribution :: Port Klang->Shah Alam,0,3.0,101.39,3.0733,101.5185,14,0,0.178
2026-08-03T15:00:00,Port Klang - KL Distribution,Port Klang - KL Distribution :: Port Klang->Shah Alam,0,3.0,101.39,3.0733,101.5185,15,0,0.3849
2026-08-03T16:00:00,Port Klang - KL Distribution,Port Klang - KL Distribution :: Port Klang->Shah Alam,0,3.0,101.39,3.0733,101.5185,16,0,0.6031
2026-08-03T17:00:00,Port Klang - KL Distribution,Port Klang - KL Distribution :: Port Klang->Shah Alam,0,3.0,101.39,3.0733,101.5185,17,0,1.0
2026-08-03T18:00:00,Port Klang - KL Distribution,Port Klang - KL Distribution :: Port Klang->Shah Alam,0,3.0,101.39,3.0733,101.5185,18,0,0.9885
2026-08-03T19:00:00,Port Klang - KL Distribution,Port Klang - KL Distribution :: Port Klang->Shah Alam,0,3.0,101.39,3.0733,101.5185,19,0,0.8946
2026-08-03T20:00:00,Port Klang - KL Distribution,Port Klang - KL Distribution :: Port Klang->Shah Alam,0,3.0,101.39,3.0733,101.5185,20,0,0.5974
2026-08-03T21:00:00,Port Klang - KL Distribution,Port Klang - KL Distribution :: Port Klang->Shah Alam,0,3.0,101.39,3.0733,101.5185,21,0,0.3164
2026-08-03T22:00:00,Port Klang - KL Distribution,Port Klang - KL Distribution :: Port Klang->Shah Alam,0,3.0,101.39,3.0733,101.5185,22,0,0.3616
2026-08-03T23:00:00,Port Klang - KL Distribution,Port Klang - KL Distribution :: Port Klang->Shah Alam,0,3.0,101.39,3.0733,101.5185,23,0,0.3127
2026-08-04T00:00:00,Port Klang - KL Distribution,Port Klang - KL Distribution :: Port Klang->Shah Alam,0,3.0,101.39,3.0733,101.5185,0,1,0.31
2026-08-04T01:00:00,Port Klang - KL Distribution,Port Klang - KL Distribution :: Port Klang->Shah Alam,0,3.0,101.39,3.0733,101.5185,1,1,0.2079
2026-08-04T02:00:00,Port Klang - KL Distribution,Port Klang - KL Distribution :: Port Klang->Shah Alam,0,3.0,101.39,3.0733,101.5185,2,1,0.3468
2026-08-04T03:00:00,Port Klang - KL Distribution,Port Klang - KL Distribution :: Port Klang->Shah Alam,0,3.0,101.39,3.0733,101.5185,3,1,0.1797
2026-08-04T04:00:00,Port Klang - KL Distribution,Port Klang - KL Distribution :: Port Klang->Shah Alam,0,3.0,101.39,3.0733,101.5185,4,1,0.3101
2026-08-04T05:00:00,Port Klang - KL Distribution,Port Klang - KL Distribution :: Port Klang->Shah Alam,0,3.0,101.39,3.0733,101.5185,5,1,0.4651
2026-08-04T06:00:00,Port Klang - KL Distribution,Port Klang - KL Distribution :: Port Klang->Shah Alam,0,3.0,101.39,3.0733,101.5185,6,1,0.4514
2026-08-04T07:00:00,Port Klang - KL Distribution,Port Klang - KL Distribution :: Port Klang->Shah Alam,0,3.0,101.39,3.0733,101.5185,7,1,0.7542
2026-08-04T08:00:00,Port Klang - KL Distribution,Port Klang - KL Distribution :: Port Klang->Shah Alam,0,3.0,101.39,3.0733,101.5185,8,1,0.9435
2026-08-04T09:00:00,Port Klang - KL Distribution,Port Klang - KL Distribution :: Port Klang->Shah Alam,0,3.0,101.39,3.0733,101.5185,9,1,0.758
2026-08-04T10:00:00,Port Klang - KL Distribution,Port Klang - KL Distribution :: Port Klang->Shah Alam,0,3.0,101.39,3.0733,101.5185,10,1,0.4178
2026-08-04T11:00:00,Port Klang - KL Distribution,Port Klang - KL Distribution :: Port Klang->Shah Alam,0,3.0,101.39,3.0733,101.5185,11,1,0.3378
2026-08-04T12:00:00,Port Klang - KL Distribution,Port Klang - KL Distribution :: Port Klang->Shah Alam,0,3.0,101.39,3.0733,101.5185,12,1,0.2117
2026-08-04T13:00:00,Port Klang - KL Distribution,Port Klang - KL Distribution :: Port Klang->Shah Alam,0,3.0,101.39,3.0733,101.5185,13,1,0.2973
2026-08-04T14:00:00,Port Klang - KL Distribution,Port Klang - KL Distribution :: Port Klang->Shah Alam,0,3.0,101.39,3.0733,101.5185,14,1,0.238
2026-08-04T15:00:00,Port Klang - KL Distribution,Port Klang - KL Distribution :: Port Klang->Shah Alam,0,3.0,101.39,3.0733,101.5185,15,1,0.4795
2026-08-04T16:00:00,Port Klang - KL Distribution,Port Klang - KL Distribution :: Port Klang->Shah Alam,0,3.0,101.39,3.0733,101.5185,16,1,0.5525
2026-08-04T17:00:00,Port Klang - KL Distribution,Port Klang - KL Distribution :: Port Klang->Shah Alam,0,3.0,101.39,3.0733,101.5185,17,1,0.8572
2026-08-04T18:00:00,Port Klang - KL Distribution,Port Klang - KL Distribution :: Port Klang->Shah Alam,0,3.0,101.39,3.0733,101.5185,18,1,1.0
2026-08-04T19:00:00,Port Klang - KL Distribution,Port Klang - KL Distribution :: Port Klang->Shah Alam,0,3.0,101.39,3.0733,101.5185,19,1,0.8027
2026-08-04T20:00:00,Port Klang - KL Distribution,Port Klang - KL Distribution :: Port Klang->Shah Alam,0,3.0,101.39,3.0733,101.5185,20,1,0.6131
2026-08-04T21:00:00,Port Klang - KL Distribution,Port Klang - KL Distribution :: Port Klang->Shah Alam,0,3.0,101.39,3.0733,101.5185,21,1,0.4649
2026-08-04T22:00:00,Port Klang - KL Distribution,Port Klang - KL Distribution :: Port Klang->Shah Alam,0,3.0,101.39,3.0733,101.5185,22,1,0.1966
2026-08-04T23:00:00,Port Klang - KL Distribution,Port Klang - KL Distribution :: Port Klang->Shah Alam,0,3.0,101.39,3.0733,101.5185,23,1,0.2786
2026-08-05T00:00:00,Port Klang - KL Distribution,Port Klang - KL Distribution :: Port Klang->Shah Alam,0,3.0,101.39,3.0733,101.5185,0,2,0.2781
2026-08-05T01:00:00,Port Klang - KL Distribution,Port Klang - KL Distribution :: Port Klang->Shah Alam,0,3.0,101.39,3.0733,101.5185,1,2,0.3094
2026-08-05T02:00:00,Port Klang - KL Distribution,Port Klang - KL Distribution :: Port Klang->Shah Alam,0,3.0,101.39,3.0733,101.5185,2,2,0.1884
2026-08-05T03:00:00,Port Klang - KL Distribution,Port Klang - KL Distribution :: Port Klang->Shah Alam,0,3.0,101.39,3.0733,101.5185,3,2,0.1846
2026-08-05T04:00:00,Port Klang - KL Distribution,Port Klang - KL Distribution :: Port Klang->Shah Alam,0,3.0,101.39,3.0733,101.5185,4,2,0.3062
2026-08-05T05:00:00,Port Klang - KL Distribution,Port Klang - KL Distribution :: Port Klang->Shah Alam,0,3.0,101.39,3.0733,101.5185,5,2,0.3515
2026-08-05T06:00:00,Port Klang - KL Distribution,Port Klang - KL Distribution :: Port Klang->Shah Alam,0,3.0,101.39,3.0733,101.5185,6,2,0.5258
2026-08-05T07:00:00,Port Klang - KL Distribution,Port Klang - KL Distribution :: Port Klang->Shah Alam,0,3.0,101.39,3.0733,101.5185,7,2,0.809
2026-08-05T08:00:00,Port Klang - KL Distribution,Port Klang - KL Distribution :: Port Klang->Shah Alam,0,3.0,101.39,3.0733,101.5185,8,2,0.8967
2026-08-05T09:00:00,Port Klang - KL Distribution,Port Klang - KL Distribution :: Port Klang->Shah Alam,0,3.0,101.39,3.0733,101.5185,9,2,0.8021
2026-08-05T10:00:00,Port Klang - KL Distribution,Port Klang - KL Distribution :: Port Klang->Shah Alam,0,3.0,101.39,3.0733,101.5185,10,2,0.5284
2026-08-05T11:00:00,Port Klang - KL Distribution,Port Klang - KL Distribution :: Port Klang->Shah Alam,0,3.0,101.39,3.0733,101.5185,11,2,0.2908
2026-08-05T12:00:00,Port Klang - KL Distribution,Port Klang - KL Distribution :: Port Klang->Shah Alam,0,3.0,101.39,3.0733,101.5185,12,2,0.3874
2026-08-05T13:00:00,Port Klang - KL Distribution,Port Klang - KL Distribution :: Port Klang->Shah Alam,0,3.0,101.39,3.0733,101.5185,13,2,0.2973
2026-08-05T14:00:00,Port Klang - KL Distribution,Port Klang - KL Distribution :: Port Klang->Shah Alam,0,3.0,101.39,3.0733,101.5185,14,2,0.2217
2026-08-05T15:00:00,Port Klang - KL Distribution,Port Klang - KL Distribution :: Port Klang->Shah Alam,0,3.0,101.39,3.0733,101.5185,15,2,0.4259
2026-08-05T16:00:00,Port Klang - KL Distribution,Port Klang - KL Distribution :: Port Klang->Shah Alam,0,3.0,101.39,3.0733,101.5185,16,2,0.541
2026-08-05T17:00:00,Port Klang - KL Distribution,Port Klang - KL Distribution :: Port Klang->Shah Alam,0,3.0,101.39,3.0733,101.5185,17,2,0.9238
2026-08-05T18:00:00,Port Klang - KL Distribution,Port Klang - KL Distribution :: Port Klang->Shah Alam,0,3.0,101.39,3.0733,101.5185,18,2,1.0
2026-08-05T19:00:00,Port Klang - KL Distribution,Port Klang - KL Distribution :: Port Klang->Shah Alam,0,3.0,101.39,3.0733,101.5185,19,2,0.8273
2026-08-05T20:00:00,Port Klang - KL Distribution,Port Klang - KL Distribution :: Port Klang->Shah Alam,0,3.0,101.39,3.0733,101.5185,20,2,0.6573
2026-08-05T21:00:00,Port Klang - KL Distribution,Port Klang - KL Distribution :: Port Klang->Shah Alam,0,3.0,101.39,3.0733,101.5185,21,2,0.4112
2026-08-05T22:00:00,Port Klang - KL Distribution,Port Klang - KL Distribution :: Port Klang->Shah Alam,0,3.0,101.39,3.0733,101.5185,22,2,0.3424
2026-08-05T23:00:00,Port Klang - KL Distribution,Port Klang - KL Distribution :: Port Klang->Shah Alam,0,3.0,101.39,3.0733,101.5185,23,2,0.3814
2026-08-06T00:00:00,Port Klang - KL Distribution,Port Klang - KL Distribution :: Port Klang->Shah Alam,0,3.0,101.39,3.0733,101.5185,0,3,0.2478
2026-08-06T01:00:00,Port Klang - KL Distribution,Port Klang - KL Distribution :: Port Klang->Shah Alam,0,3.0,101.39,3.0733,101.5185,1,3,0.2173
2026-08-06T02:00:00,Port Klang - KL Distribution,Port Klang - KL Distribution :: Port Klang->Shah Alam,0,3.0,101.39,3.0733,101.5185,2,3,0.2092
2026-08-06T03:00:00,Port Klang - KL Distribution,Port Klang - KL Distribution :: Port Klang->Shah Alam,0,3.0,101.39,3.0733,101.5185,3,3,0.2149
2026-08-06T04:00:00,Port Klang - KL Distribution,Port Klang - KL Distribution :: Port Klang->Shah Alam,0,3.0,101.39,3.0733,101.5185,4,3,0.2702
2026-08-06T05:00:00,Port Klang - KL Distribution,Port Klang - KL Distribution :: Port Klang->Shah Alam,0,3.0,101.39,3.0733,101.5185,5,3,0.3541
2026-08-06T06:00:00,Port Klang - KL Distribution,Port Klang - KL Distribution :: Port Klang->Shah Alam,0,3.0,101.39,3.0733,101.5185,6,3,0.5274
2026-08-06T07:00:00,Port Klang - KL Distribution,Port Klang - KL Distribution :: Port Klang->Shah Alam,0,3.0,101.39,3.0733,101.5185,7,3,0.8378
2026-08-06T08:00:00,Port Klang - KL Distribution,Port Klang - KL Distribution :: Port Klang->Shah Alam,0,3.0,101.39,3.0733,101.5185,8,3,0.9383
2026-08-06T09:00:00,Port Klang - KL Distribution,Port Klang - KL Distribution :: Port Klang->Shah Alam,0,3.0,101.39,3.0733,101.5185,9,3,0.8754
2026-08-06T10:00:00,Port Klang - KL Distribution,Port Klang - KL Distribution :: Port Klang->Shah Alam,0,3.0,101.39,3.0733,101.5185,10,3,0.4949
2026-08-06T11:00:00,Port Klang - KL Distribution,Port Klang - KL Distribution :: Port Klang->Shah Alam,0,3.0,101.39,3.0733,101.5185,11,3,0.4969
2026-08-06T12:00:00,Port Klang - KL Distribution,Port Klang - KL Distribution :: Port Klang->Shah Alam,0,3.0,101.39,3.0733,101.5185,12,3,0.313
2026-08-06T13:00:00,Port Klang - KL Distribution,Port Klang - KL Distribution :: Port Klang->Shah Alam,0,3.0,101.39,3.0733,101.5185,13,3,0.2174
2026-08-06T14:00:00,Port Klang - KL Distribution,Port Klang - KL Distribution :: Port Klang->Shah Alam,0,3.0,101.39,3.0733,101.5185,14,3,0.2289
2026-08-06T15:00:00,Port Klang - KL Distribution,Port Klang - KL Distribution :: Port Klang->Shah Alam,0,3.0,101.39,3.0733,101.5185,15,3,0.4154
2026-08-06T16:00:00,Port Klang - KL Distribution,Port Klang - KL Distribution :: Port Klang->Shah Alam,0,3.0,101.39,3.0733,101.5185,16,3,0.5861
2026-08-06T17:00:00,Port Klang - KL Distribution,Port Klang - KL Distribution :: Port Klang->Shah Alam,0,3.0,101.39,3.0733,101.5185,17,3,0.9194
2026-08-06T18:00:00,Port Klang - KL Distribution,Port Klang - KL Distribution :: Port Klang->Shah Alam,0,3.0,101.39,3.0733,101.5185,18,3,1.0
2026-08-06T19:00:00,Port Klang - KL Distribution,Port Klang - KL Distribution :: Port Klang->Shah Alam,0,3.0,101.39,3.0733,101.5185,19,3,0.8722
2026-08-06T20:00:00,Port Klang - KL Distribution,Port Klang - KL Distribution :: Port Klang->Shah Alam,0,3.0,101.39,3.0733,101.5185,20,3,0.5487
2026-08-06T21:00:00,Port Klang - KL Distribution,Port Klang - KL Distribution :: Port Klang->Shah Alam,0,3.0,101.39,3.0733,101.5185,21,3,0.2956
2026-08-06T22:00:00,Port Klang - KL Distribution,Port Klang - KL Distribution :: Port Klang->Shah Alam,0,3.0,101.39,3.0733,101.5185,22,3,0.2663
2026-08-06T23:00:00,Port Klang - KL Distribution,Port Klang - KL Distribution :: Port Klang->Shah Alam,0,3.0,101.39,3.0733,101.5185,23,3,0.3189
2026-08-07T00:00:00,Port Klang - KL Distribution,Port Klang - KL Distribution :: Port Klang->Shah Alam,0,3.0,101.39,3.0733,101.5185,0,4,0.2753
2026-08-07T01:00:00,Port Klang - KL Distribution,Port Klang - KL Distribution :: Port Klang->Shah Alam,0,3.0,101.39,3.0733,101.5185,1,4,0.1878
2026-08-07T02:00:00,Port Klang - KL Distribution,Port Klang - KL Distribution :: Port Klang->Shah Alam,0,3.0,101.39,3.0733,101.5185,2,4,0.273
2026-08-07T03:00:00,Port Klang - KL Distribution,Port Klang - KL Distribution :: Port Klang->Shah Alam,0,3.0,101.39,3.0733,101.5185,3,4,0.2869
2026-08-07T04:00:00,Port Klang - KL Distribution,Port Klang - KL Distribution :: Port Klang->Shah Alam,0,3.0,101.39,3.0733,101.5185,4,4,0.2218
2026-08-07T05:00:00,Port Klang - KL Distribution,Port Klang - KL Distribution :: Port Klang->Shah Alam,0,3.0,101.39,3.0733,101.5185,5,4,0.3429
2026-08-07T06:00:00,Port Klang - KL Distribution,Port Klang - KL Distribution :: Port Klang->Shah Alam,0,3.0,101.39,3.0733,101.5185,6,4,0.5143
2026-08-07T07:00:00,Port Klang - KL Distribution,Port Klang - KL Distribution :: Port Klang->Shah Alam,0,3.0,101.39,3.0733,101.5185,7,4,0.7196
2026-08-07T08:00:00,Port Klang - KL Distribution,Port Klang - KL Distribution :: Port Klang->Shah Alam,0,3.0,101.39,3.0733,101.5185,8,4,0.959
2026-08-07T09:00:00,Port Klang - KL Distribution,Port Klang - KL Distribution :: Port Klang->Shah Alam,0,3.0,101.39,3.0733,101.5185,9,4,0.8218
2026-08-07T10:00:00,Port Klang - KL Distribution,Port Klang - KL Distribution :: Port Klang->Shah Alam,0,3.0,101.39,3.0733,101.5185,10,4,0.5758
2026-08-07T11:00:00,Port Klang - KL Distribution,Port Klang - KL Distribution :: Port Klang->Shah Alam,0,3.0,101.39,3.0733,101.5185,11,4,0.3969
2026-08-07T12:00:00,Port Klang - KL Distribution,Port Klang - KL Distribution :: Port Klang->Shah Alam,0,3.0,101.39,3.0733,101.5185,12,4,0.1928
2026-08-07T13:00:00,Port Klang - KL Distribution,Port Klang - KL Distribution :: Port Klang->Shah Alam,0,3.0,101.39,3.0733,101.5185,13,4,0.2126
2026-08-07T14:00:00,Port Klang - KL Distribution,Port Klang - KL Distribution :: Port Klang->Shah Alam,0,3.0,101.39,3.0733,101.5185,14,4,0.3241
2026-08-07T15:00:00,Port Klang - KL Distribution,Port Klang - KL Distribution :: Port Klang->Shah Alam,0,3.0,101.39,3.0733,101.5185,15,4,0.4173
2026-08-07T16:00:00,Port Klang - KL Distribution,Port Klang - KL Distribution :: Port Klang->Shah Alam,0,3.0,101.39,3.0733,101.5185,16,4,0.6304
2026-08-07T17:00:00,Port Klang - KL Distribution,Port Klang - KL Distribution :: Port Klang->Shah Alam,0,3.0,101.39,3.0733,101.5185,17,4,1.0
2026-08-07T18:00:00,Port Klang - KL Distribution,Port Klang - KL Distribution :: Port Klang->Shah Alam,0,3.0,101.39,3.0733,101.5185,18,4,1.0
2026-08-07T19:00:00,Port Klang - KL Distribution,Port Klang - KL Distribution :: Port Klang->Shah Alam,0,3.0,101.39,3.0733,101.5185,19,4,0.9447
2026-08-07T20:00:00,Port Klang - KL Distribution,Port Klang - KL Distribution :: Port Klang->Shah Alam,0,3.0,101.39,3.0733,101.5185,20,4,0.6567
2026-08-07T21:00:00,Port Klang - KL Distribution,Port Klang - KL Distribution :: Port Klang->Shah Alam,0,3.0,101.39,3.0733,101.5185,21,4,0.4256
2026-08-07T22:00:00,Port Klang - KL Distribution,Port Klang - KL Distribution :: Port Klang->Shah Alam,0,3.0,101.39,3.0733,101.5185,22,4,0.2742
2026-08-07T23:00:00,Port Klang - KL Distribution,Port Klang - KL Distribution :: Port Klang->Shah Alam,0,3.0,101.39,3.0733,101.5185,23,4,0.3131
2026-08-08T00:00:00,Port Klang - KL Distribution,Port Klang - KL Distribution :: Port Klang->Shah Alam,0,3.0,101.39,3.0733,101.5185,0,5,0.2161
2026-08-08T01:00:00,Port Klang - KL Distribution,Port Klang - KL Distribution :: Port Klang->Shah Alam,0,3.0,101.39,3.0733,101.5185,1,5,0.2483
2026-08-08T02:00:00,Port Klang - KL Distribution,Port Klang - KL Distribution :: Port Klang->Shah Alam,0,3.0,101.39,3.0733,101.5185,2,5,0.2335
2026-08-08T03:00:00,Port Klang - KL Distribution,Port Klang - KL Distribution :: Port Klang->Shah Alam,0,3.0,101.39,3.0733,101.5185,3,5,0.2687
2026-08-08T04:00:00,Port Klang - KL Distribution,Port Klang - KL Distribution :: Port Klang->Shah Alam,0,3.0,101.39,3.0733,101.5185,4,5,0.4137
2026-08-08T05:00:00,Port Klang - KL Distribution,Port Klang - KL Distribution :: Port Klang->Shah Alam,0,3.0,101.39,3.0733,101.5185,5,5,0.2216
2026-08-08T06:00:00,Port Klang - KL Distribution,Port Klang - KL Distribution :: Port Klang->Shah Alam,0,3.0,101.39,3.0733,101.5185,6,5,0.552
2026-08-08T07:00:00,Port Klang - KL Distribution,Port Klang - KL Distribution :: Port Klang->Shah Alam,0,3.0,101.39,3.0733,101.5185,7,5,0.6914
2026-08-08T08:00:00,Port Klang - KL Distribution,Port Klang - KL Distribution :: Port Klang->Shah Alam,0,3.0,101.39,3.0733,101.5185,8,5,0.9092
2026-08-08T09:00:00,Port Klang - KL Distribution,Port Klang - KL Distribution :: Port Klang->Shah Alam,0,3.0,101.39,3.0733,101.5185,9,5,0.8535
2026-08-08T10:00:00,Port Klang - KL Distribution,Port Klang - KL Distribution :: Port Klang->Shah Alam,0,3.0,101.39,3.0733,101.5185,10,5,0.5147
2026-08-08T11:00:00,Port Klang - KL Distribution,Port Klang - KL Distribution :: Port Klang->Shah Alam,0,3.0,101.39,3.0733,101.5185,11,5,0.269
2026-08-08T12:00:00,Port Klang - KL Distribution,Port Klang - KL Distribution :: Port Klang->Shah Alam,0,3.0,101.39,3.0733,101.5185,12,5,0.2325
2026-08-08T13:00:00,Port Klang - KL Distribution,Port Klang - KL Distribution :: Port Klang->Shah Alam,0,3.0,101.39,3.0733,101.5185,13,5,0.3096
2026-08-08T14:00:00,Port Klang - KL Distribution,Port Klang - KL Distribution :: Port Klang->Shah Alam,0,3.0,101.39,3.0733,101.5185,14,5,0.2493
2026-08-08T15:00:00,Port Klang - KL Distribution,Port Klang - KL Distribution :: Port Klang->Shah Alam,0,3.0,101.39,3.0733,101.5185,15,5,0.3995
2026-08-08T16:00:00,Port Klang - KL Distribution,Port Klang - KL Distribution :: Port Klang->Shah Alam,0,3.0,101.39,3.0733,101.5185,16,5,0.6022
2026-08-08T17:00:00,Port Klang - KL Distribution,Port Klang - KL Distribution :: Port Klang->Shah Alam,0,3.0,101.39,3.0733,101.5185,17,5,0.8375
2026-08-08T18:00:00,Port Klang - KL Distribution,Port Klang - KL Distribution :: Port Klang->Shah Alam,0,3.0,101.39,3.0733,101.5185,18,5,1.0
2026-08-08T19:00:00,Port Klang - KL Distribution,Port Klang - KL Distribution :: Port Klang->Shah Alam,0,3.0,101.39,3.0733,101.5185,19,5,0.9146
2026-08-08T20:00:00,Port Klang - KL Distribution,Port Klang - KL Distribution :: Port Klang->Shah Alam,0,3.0,101.39,3.0733,101.5185,20,5,0.478
2026-08-08T21:00:00,Port Klang - KL Distribution,Port Klang - KL Distribution :: Port Klang->Shah Alam,0,3.0,101.39,3.0733,101.5185,21,5,0.3977
2026-08-08T22:00:00,Port Klang - KL Distribution,Port Klang - KL Distribution :: Port Klang->Shah Alam,0,3.0,101.39,3.0733,101.5185,22,5,0.2534
2026-08-08T23:00:00,Port Klang - KL Distribution,Port Klang - KL Distribution :: Port Klang->Shah Alam,0,3.0,101.39,3.0733,101.5185,23,5,0.3187
2026-08-09T00:00:00,Port Klang - KL Distribution,Port Klang - KL Distribution :: Port Klang->Shah Alam,0,3.0,101.39,3.0733,101.5185,0,6,0.2149
2026-08-09T01:00:00,Port Klang - KL Distribution,Port Klang - KL Distribution :: Port Klang->Shah Alam,0,3.0,101.39,3.0733,101.5185,1,6,0.2556
2026-08-09T02:00:00,Port Klang - KL Distribution,Port Klang - KL Distribution :: Port Klang->Shah Alam,0,3.0,101.39,3.0733,101.5185,2,6,0.2929
2026-08-09T03:00:00,Port Klang - KL Distribution,Port Klang - KL Distribution :: Port Klang->Shah Alam,0,3.0,101.39,3.0733,101.5185,3,6,0.3157
2026-08-09T04:00:00,Port Klang - KL Distribution,Port Klang - KL Distribution :: Port Klang->Shah Alam,0,3.0,101.39,3.0733,101.5185,4,6,0.2028
2026-08-09T05:00:00,Port Klang - KL Distribution,Port Klang - KL Distribution :: Port Klang->Shah Alam,0,3.0,101.39,3.0733,101.5185,5,6,0.3136
2026-08-09T06:00:00,Port Klang - KL Distribution,Port Klang - KL Distribution :: Port Klang->Shah Alam,0,3.0,101.39,3.0733,101.5185,6,6,0.4823
2026-08-09T07:00:00,Port Klang - KL Distribution,Port Klang - KL Distribution :: Port Klang->Shah Alam,0,3.0,101.39,3.0733,101.5185,7,6,0.749
2026-08-09T08:00:00,Port Klang - KL Distribution,Port Klang - KL Distribution :: Port Klang->Shah Alam,0,3.0,101.39,3.0733,101.5185,8,6,1.0
2026-08-09T09:00:00,Port Klang - KL Distribution,Port Klang - KL Distribution :: Port Klang->Shah Alam,0,3.0,101.39,3.0733,101.5185,9,6,0.8125
2026-08-09T10:00:00,Port Klang - KL Distribution,Port Klang - KL Distribution :: Port Klang->Shah Alam,0,3.0,101.39,3.0733,101.5185,10,6,0.4352
2026-08-09T11:00:00,Port Klang - KL Distribution,Port Klang - KL Distribution :: Port Klang->Shah Alam,0,3.0,101.39,3.0733,101.5185,11,6,0.3888
2026-08-09T12:00:00,Port Klang - KL Distribution,Port Klang - KL Distribution :: Port Klang->Shah Alam,0,3.0,101.39,3.0733,101.5185,12,6,0.4028
2026-08-09T13:00:00,Port Klang - KL Distribution,Port Klang - KL Distribution :: Port Klang->Shah Alam,0,3.0,101.39,3.0733,101.5185,13,6,0.3308
2026-08-09T14:00:00,Port Klang - KL Distribution,Port Klang - KL Distribution :: Port Klang->Shah Alam,0,3.0,101.39,3.0733,101.5185,14,6,0.202
2026-08-09T15:00:00,Port Klang - KL Distribution,Port Klang - KL Distribution :: Port Klang->Shah Alam,0,3.0,101.39,3.0733,101.5185,15,6,0.3574
2026-08-09T16:00:00,Port Klang - KL Distribution,Port Klang - KL Distribution :: Port Klang->Shah Alam,0,3.0,101.39,3.0733,101.5185,16,6,0.6755
2026-08-09T17:00:00,Port Klang - KL Distribution,Port Klang - KL Distribution :: Port Klang->Shah Alam,0,3.0,101.39,3.0733,101.5185,17,6,0.8341
2026-08-09T18:00:00,Port Klang - KL Distribution,Port Klang - KL Distribution :: Port Klang->Shah Alam,0,3.0,101.39,3.0733,101.5185,18,6,1.0
2026-08-09T19:00:00,Port Klang - KL Distribution,Port Klang - KL Distribution :: Port Klang->Shah Alam,0,3.0,101.39,3.0733,101.5185,19,6,0.923
2026-08-09T20:00:00,Port Klang - KL Distribution,Port Klang - KL Distribution :: Port Klang->Shah Alam,0,3.0,101.39,3.0733,101.5185,20,6,0.5439
2026-08-09T21:00:00,Port Klang - KL Distribution,Port Klang - KL Distribution :: Port Klang->Shah Alam,0,3.0,101.39,3.0733,101.5185,21,6,0.3829
2026-08-09T22:00:00,Port Klang - KL Distribution,Port Klang - KL Distribution :: Port Klang->Shah Alam,0,3.0,101.39,3.0733,101.5185,22,6,0.0986
2026-08-09T23:00:00,Port Klang - KL Distribution,Port Klang - KL Distribution :: Port Klang->Shah Alam,0,3.0,101.39,3.0733,101.5185,23,6,0.2061
2026-08-10T00:00:00,Port Klang - KL Distribution,Port Klang - KL Distribution :: Port Klang->Shah Alam,0,3.0,101.39,3.0733,101.5185,0,0,0.2473
2026-08-10T01:00:00,Port Klang - KL Distribution,Port Klang - KL Distribution :: Port Klang->Shah Alam,0,3.0,101.39,3.0733,101.5185,1,0,0.1876
2026-08-10T02:00:00,Port Klang - KL Distribution,Port Klang - KL Distribution :: Port Klang->Shah Alam,0,3.0,101.39,3.0733,101.5185,2,0,0.3605
2026-08-10T03:00:00,Port Klang - KL Distribution,Port Klang - KL Distribution :: Port Klang->Shah Alam,0,3.0,101.39,3.0733,101.5185,3,0,0.178
2026-08-10T04:00:00,Port Klang - KL Distribution,Port Klang - KL Distribution :: Port Klang->Shah Alam,0,3.0,101.39,3.0733,101.5185,4,0,0.2485
2026-08-10T05:00:00,Port Klang - KL Distribution,Port Klang - KL Distribution :: Port Klang->Shah Alam,0,3.0,101.39,3.0733,101.5185,5,0,0.3415
2026-08-10T06:00:00,Port Klang - KL Distribution,Port Klang - KL Distribution :: Port Klang->Shah Alam,0,3.0,101.39,3.0733,101.5185,6,0,0.5973
2026-08-10T07:00:00,Port Klang - KL Distribution,Port Klang - KL Distribution :: Port Klang->Shah Alam,0,3.0,101.39,3.0733,101.5185,7,0,0.702
2026-08-10T08:00:00,Port Klang - KL Distribution,Port Klang - KL Distribution :: Port Klang->Shah Alam,0,3.0,101.39,3.0733,101.5185,8,0,1.0
2026-08-10T09:00:00,Port Klang - KL Distribution,Port Klang - KL Distribution :: Port Klang->Shah Alam,0,3.0,101.39,3.0733,101.5185,9,0,0.7888
2026-08-10T10:00:00,Port Klang - KL Distribution,Port Klang - KL Distribution :: Port Klang->Shah Alam,0,3.0,101.39,3.0733,101.5185,10,0,0.4519
2026-08-10T11:00:00,Port Klang - KL Distribution,Port Klang - KL Distribution :: Port Klang->Shah Alam,0,3.0,101.39,3.0733,101.5185,11,0,0.3614
2026-08-10T12:00:00,Port Klang - KL Distribution,Port Klang - KL Distribution :: Port Klang->Shah Alam,0,3.0,101.39,3.0733,101.5185,12,0,0.2874
2026-08-10T13:00:00,Port Klang - KL Distribution,Port Klang - KL Distribution :: Port Klang->Shah Alam,0,3.0,101.39,3.0733,101.5185,13,0,0.2328
2026-08-10T14:00:00,Port Klang - KL Distribution,Port Klang - KL Distribution :: Port Klang->Shah Alam,0,3.0,101.39,3.0733,101.5185,14,0,0.2973
2026-08-10T15:00:00,Port Klang - KL Distribution,Port Klang - KL Distribution :: Port Klang->Shah Alam,0,3.0,101.39,3.0733,101.5185,15,0,0.3634
2026-08-10T16:00:00,Port Klang - KL Distribution,Port Klang - KL Distribution :: Port Klang->Shah Alam,0,3.0,101.39,3.0733,101.5185,16,0,0.6063
2026-08-10T17:00:00,Port Klang - KL Distribution,Port Klang - KL Distribution :: Port Klang->Shah Alam,0,3.0,101.39,3.0733,101.5185,17,0,0.9163
2026-08-10T18:00:00,Port Klang - KL Distribution,Port Klang - KL Distribution :: Port Klang->Shah Alam,0,3.0,101.39,3.0733,101.5185,18,0,1.0
2026-08-10T19:00:00,Port Klang - KL Distribution,Port Klang - KL Distribution :: Port Klang->Shah Alam,0,3.0,101.39,3.0733,101.5185,19,0,0.8023
2026-08-10T20:00:00,Port Klang - KL Distribution,Port Klang - KL Distribution :: Port Klang->Shah Alam,0,3.0,101.39,3.0733,101.5185,20,0,0.7275
2026-08-10T21:00:00,Port Klang - KL Distribution,Port Klang - KL Distribution :: Port Klang->Shah Alam,0,3.0,101.39,3.0733,101.5185,21,0,0.2693
2026-08-10T22:00:00,Port Klang - KL Distribution,Port Klang - KL Distribution :: Port Klang->Shah Alam,0,3.0,101.39,3.0733,101.5185,22,0,0.284
2026-08-10T23:00:00,Port Klang - KL Distribution,Port Klang - KL Distribution :: Port Klang->Shah Alam,0,3.0,101.39,3.0733,101.5185,23,0,0.3029
2026-08-11T00:00:00,Port Klang - KL Distribution,Port Klang - KL Distribution :: Port Klang->Shah Alam,0,3.0,101.39,3.0733,101.5185,0,1,0.2794
2026-08-11T01:00:00,Port Klang - KL Distribution,Port Klang - KL Distribution :: Port Klang->Shah Alam,0,3.0,101.39,3.0733,101.5185,1,1,0.2251
2026-08-11T02:00:00,Port Klang - KL Distribution,Port Klang - KL Distribution :: Port Klang->Shah Alam,0,3.0,101.39,3.0733,101.5185,2,1,0.2501
2026-08-11T03:00:00,Port Klang - KL Distribution,Port Klang - KL Distribution :: Port Klang->Shah Alam,0,3.0,101.39,3.0733,101.5185,3,1,0.2342
2026-08-11T04:00:00,Port Klang - KL Distribution,Port Klang - KL Distribution :: Port Klang->Shah Alam,0,3.0,101.39,3.0733,101.5185,4,1,0.2395
2026-08-11T05:00:00,Port Klang - KL Distribution,Port Klang - KL Distribution :: Port Klang->Shah Alam,0,3.0,101.39,3.0733,101.5185,5,1,0.3846
2026-08-11T06:00:00,Port Klang - KL Distribution,Port Klang - KL Distribution :: Port Klang->Shah Alam,0,3.0,101.39,3.0733,101.5185,6,1,0.5322
2026-08-11T07:00:00,Port Klang - KL Distribution,Port Klang - KL Distribution :: Port Klang->Shah Alam,0,3.0,101.39,3.0733,101.5185,7,1,0.7466
2026-08-11T08:00:00,Port Klang - KL Distribution,Port Klang - KL Distribution :: Port Klang->Shah Alam,0,3.0,101.39,3.0733,101.5185,8,1,0.9915
2026-08-11T09:00:00,Port Klang - KL Distribution,Port Klang - KL Distribution :: Port Klang->Shah Alam,0,3.0,101.39,3.0733,101.5185,9,1,0.8066
2026-08-11T10:00:00,Port Klang - KL Distribution,Port Klang - KL Distribution :: Port Klang->Shah Alam,0,3.0,101.39,3.0733,101.5185,10,1,0.5596
2026-08-11T11:00:00,Port Klang - KL Distribution,Port Klang - KL Distribution :: Port Klang->Shah Alam,0,3.0,101.39,3.0733,101.5185,11,1,0.3715
2026-08-11T12:00:00,Port Klang - KL Distribution,Port Klang - KL Distribution :: Port Klang->Shah Alam,0,3.0,101.39,3.0733,101.5185,12,1,0.2257
2026-08-11T13:00:00,Port Klang - KL Distribution,Port Klang - KL Distribution :: Port Klang->Shah Alam,0,3.0,101.39,3.0733,101.5185,13,1,0.2352
2026-08-11T14:00:00,Port Klang - KL Distribution,Port Klang - KL Distribution :: Port Klang->Shah Alam,0,3.0,101.39,3.0733,101.5185,14,1,0.338
2026-08-11T15:00:00,Port Klang - KL Distribution,Port Klang - KL Distribution :: Port Klang->Shah Alam,0,3.0,101.39,3.0733,101.5185,15,1,0.4231
2026-08-11T16:00:00,Port Klang - KL Distribution,Port Klang - KL Distribution :: Port Klang->Shah Alam,0,3.0,101.39,3.0733,101.5185,16,1,0.5982
2026-08-11T17:00:00,Port Klang - KL Distribution,Port Klang - KL Distribution :: Port Klang->Shah Alam,0,3.0,101.39,3.0733,101.5185,17,1,0.8836
2026-08-11T18:00:00,Port Klang - KL Distribution,Port Klang - KL Distribution :: Port Klang->Shah Alam,0,3.0,101.39,3.0733,101.5185,18,1,1.0
2026-08-11T19:00:00,Port Klang - KL Distribution,Port Klang - KL Distribution :: Port Klang->Shah Alam,0,3.0,101.39,3.0733,101.5185,19,1,0.8411
2026-08-11T20:00:00,Port Klang - KL Distribution,Port Klang - KL Distribution :: Port Klang->Shah Alam,0,3.0,101.39,3.0733,101.5185,20,1,0.6323
2026-08-11T21:00:00,Port Klang - KL Distribution,Port Klang - KL Distribution :: Port Klang->Shah Alam,0,3.0,101.39,3.0733,101.5185,21,1,0.3743
2026-08-11T22:00:00,Port Klang - KL Distribution,Port Klang - KL Distribution :: Port Klang->Shah Alam,0,3.0,101.39,3.0733,101.5185,22,1,0.28
2026-08-11T23:00:00,Port Klang - KL Distribution,Port Klang - KL Distribution :: Port Klang->Shah Alam,0,3.0,101.39,3.0733,101.5185,23,1,0.3335
2026-08-12T00:00:00,Port Klang - KL Distribution,Port Klang - KL Distribution :: Port Klang->Shah Alam,0,3.0,101.39,3.0733,101.5185,0,2,0.312
2026-08-12T01:00:00,Port Klang - KL Distribution,Port Klang - KL Distribution :: Port Klang->Shah Alam,0,3.0,101.39,3.0733,101.5185,1,2,0.3113
2026-08-12T02:00:00,Port Klang - KL Distribution,Port Klang - KL Distribution :: Port Klang->Shah Alam,0,3.0,101.39,3.0733,101.5185,2,2,0.3409
2026-08-12T03:00:00,Port Klang - KL Distribution,Port Klang - KL Distribution :: Port Klang->Shah Alam,0,3.0,101.39,3.0733,101.5185,3,2,0.2651
2026-08-12T04:00:00,Port Klang - KL Distribution,Port Klang - KL Distribution :: Port Klang->Shah Alam,0,3.0,101.39,3.0733,101.5185,4,2,0.3158
2026-08-12T05:00:00,Port Klang - KL Distribution,Port Klang - KL Distribution :: Port Klang->Shah Alam,0,3.0,101.39,3.0733,101.5185,5,2,0.315
2026-08-12T06:00:00,Port Klang - KL Distribution,Port Klang - KL Distribution :: Port Klang->Shah Alam,0,3.0,101.39,3.0733,101.5185,6,2,0.5303
2026-08-12T07:00:00,Port Klang - KL Distribution,Port Klang - KL Distribution :: Port Klang->Shah Alam,0,3.0,101.39,3.0733,101.5185,7,2,0.7804
2026-08-12T08:00:00,Port Klang - KL Distribution,Port Klang - KL Distribution :: Port Klang->Shah Alam,0,3.0,101.39,3.0733,101.5185,8,2,0.9433
2026-08-12T09:00:00,Port Klang - KL Distribution,Port Klang - KL Distribution :: Port Klang->Shah Alam,0,3.0,101.39,3.0733,101.5185,9,2,0.8239
2026-08-12T10:00:00,Port Klang - KL Distribution,Port Klang - KL Distribution :: Port Klang->Shah Alam,0,3.0,101.39,3.0733,101.5185,10,2,0.4617
2026-08-12T11:00:00,Port Klang - KL Distribution,Port Klang - KL Distribution :: Port Klang->Shah Alam,0,3.0,101.39,3.0733,101.5185,11,2,0.4592
2026-08-12T12:00:00,Port Klang - KL Distribution,Port Klang - KL Distribution :: Port Klang->Shah Alam,0,3.0,101.39,3.0733,101.5185,12,2,0.2151
2026-08-12T13:00:00,Port Klang - KL Distribution,Port Klang - KL Distribution :: Port Klang->Shah Alam,0,3.0,101.39,3.0733,101.5185,13,2,0.196
2026-08-12T14:00:00,Port Klang - KL Distribution,Port Klang - KL Distribution :: Port Klang->Shah Alam,0,3.0,101.39,3.0733,101.5185,14,2,0.3626
2026-08-12T15:00:00,Port Klang - KL Distribution,Port Klang - KL Distribution :: Port Klang->Shah Alam,0,3.0,101.39,3.0733,101.5185,15,2,0.434
2026-08-12T16:00:00,Port Klang - KL Distribution,Port Klang - KL Distribution :: Port Klang->Shah Alam,0,3.0,101.39,3.0733,101.5185,16,2,0.6369
2026-08-12T17:00:00,Port Klang - KL Distribution,Port Klang - KL Distribution :: Port Klang->Shah Alam,0,3.0,101.39,3.0733,101.5185,17,2,0.9142
2026-08-12T18:00:00,Port Klang - KL Distribution,Port Klang - KL Distribution :: Port Klang->Shah Alam,0,3.0,101.39,3.0733,101.5185,18,2,0.9993
2026-08-12T19:00:00,Port Klang - KL Distribution,Port Klang - KL Distribution :: Port Klang->Shah Alam,0,3.0,101.39,3.0733,101.5185,19,2,0.8227
2026-08-12T20:00:00,Port Klang - KL Distribution,Port Klang - KL Distribution :: Port Klang->Shah Alam,0,3.0,101.39,3.0733,101.5185,20,2,0.604
2026-08-12T21:00:00,Port Klang - KL Distribution,Port Klang - KL Distribution :: Port Klang->Shah Alam,0,3.0,101.39,3.0733,101.5185,21,2,0.3458
2026-08-12T22:00:00,Port Klang - KL Distribution,Port Klang - KL Distribution :: Port Klang->Shah Alam,0,3.0,101.39,3.0733,101.5185,22,2,0.3516
2026-08-12T23:00:00,Port Klang - KL Distribution,Port Klang - KL Distribution :: Port Klang->Shah Alam,0,3.0,101.39,3.0733,101.5185,23,2,0.2587
2026-08-13T00:00:00,Port Klang - KL Distribution,Port Klang - KL Distribution :: Port Klang->Shah Alam,0,3.0,101.39,3.0733,101.5185,0,3,0.213
2026-08-13T01:00:00,Port Klang - KL Distribution,Port Klang - KL Distribution :: Port Klang->Shah Alam,0,3.0,101.39,3.0733,101.5185,1,3,0.2432
2026-08-13T02:00:00,Port Klang - KL Distribution,Port Klang - KL Distribution :: Port Klang->Shah Alam,0,3.0,101.39,3.0733,101.5185,2,3,0.2874
2026-08-13T03:00:00,Port Klang - KL Distribution,Port Klang - KL Distribution :: Port Klang->Shah Alam,0,3.0,101.39,3.0733,101.5185,3,3,0.23
2026-08-13T04:00:00,Port Klang - KL Distribution,Port Klang - KL Distribution :: Port Klang->Shah Alam,0,3.0,101.39,3.0733,101.5185,4,3,0.2255
2026-08-13T05:00:00,Port Klang - KL Distribution,Port Klang - KL Distribution :: Port Klang->Shah Alam,0,3.0,101.39,3.0733,101.5185,5,3,0.3483
2026-08-13T06:00:00,Port Klang - KL Distribution,Port Klang - KL Distribution :: Port Klang->Shah Alam,0,3.0,101.39,3.0733,101.5185,6,3,0.5255
2026-08-13T07:00:00,Port Klang - KL Distribution,Port Klang - KL Distribution :: Port Klang->Shah Alam,0,3.0,101.39,3.0733,101.5185,7,3,0.7578
2026-08-13T08:00:00,Port Klang - KL Distribution,Port Klang - KL Distribution :: Port Klang->Shah Alam,0,3.0,101.39,3.0733,101.5185,8,3,0.9092
2026-08-13T09:00:00,Port Klang - KL Distribution,Port Klang - KL Distribution :: Port Klang->Shah Alam,0,3.0,101.39,3.0733,101.5185,9,3,0.8021
2026-08-13T10:00:00,Port Klang - KL Distribution,Port Klang - KL Distribution :: Port Klang->Shah Alam,0,3.0,101.39,3.0733,101.5185,10,3,0.4239
2026-08-13T11:00:00,Port Klang - KL Distribution,Port Klang - KL Distribution :: Port Klang->Shah Alam,0,3.0,101.39,3.0733,101.5185,11,3,0.2492
2026-08-13T12:00:00,Port Klang - KL Distribution,Port Klang - KL Distribution :: Port Klang->Shah Alam,0,3.0,101.39,3.0733,101.5185,12,3,0.2323
2026-08-13T13:00:00,Port Klang - KL Distribution,Port Klang - KL Distribution :: Port Klang->Shah Alam,0,3.0,101.39,3.0733,101.5185,13,3,0.256
2026-08-13T14:00:00,Port Klang - KL Distribution,Port Klang - KL Distribution :: Port Klang->Shah Alam,0,3.0,101.39,3.0733,101.5185,14,3,0.3118
2026-08-13T15:00:00,Port Klang - KL Distribution,Port Klang - KL Distribution :: Port Klang->Shah Alam,0,3.0,101.39,3.0733,101.5185,15,3,0.475
2026-08-13T16:00:00,Port Klang - KL Distribution,Port Klang - KL Distribution :: Port Klang->Shah Alam,0,3.0,101.39,3.0733,101.5185,16,3,0.651
2026-08-13T17:00:00,Port Klang - KL Distribution,Port Klang - KL Distribution :: Port Klang->Shah Alam,0,3.0,101.39,3.0733,101.5185,17,3,0.867
2026-08-13T18:00:00,Port Klang - KL Distribution,Port Klang - KL Distribution :: Port Klang->Shah Alam,0,3.0,101.39,3.0733,101.5185,18,3,0.9989
2026-08-13T19:00:00,Port Klang - KL Distribution,Port Klang - KL Distribution :: Port Klang->Shah Alam,0,3.0,101.39,3.0733,101.5185,19,3,0.8164
2026-08-13T20:00:00,Port Klang - KL Distribution,Port Klang - KL Distribution :: Port Klang->Shah Alam,0,3.0,101.39,3.0733,101.5185,20,3,0.5984
2026-08-13T21:00:00,Port Klang - KL Distribution,Port Klang - KL Distribution :: Port Klang->Shah Alam,0,3.0,101.39,3.0733,101.5185,21,3,0.3692
2026-08-13T22:00:00,Port Klang - KL Distribution,Port Klang - KL Distribution :: Port Klang->Shah Alam,0,3.0,101.39,3.0733,101.5185,22,3,0.3124
2026-08-13T23:00:00,Port Klang - KL Distribution,Port Klang - KL Distribution :: Port Klang->Shah Alam,0,3.0,101.39,3.0733,101.5185,23,3,0.2179
2026-08-14T00:00:00,Port Klang - KL Distribution,Port Klang - KL Distribution :: Port Klang->Shah Alam,0,3.0,101.39,3.0733,101.5185,0,4,0.2937
2026-08-14T01:00:00,Port Klang - KL Distribution,Port Klang - KL Distribution :: Port Klang->Shah Alam,0,3.0,101.39,3.0733,101.5185,1,4,0.3545
2026-08-14T02:00:00,Port Klang - KL Distribution,Port Klang - KL Distribution :: Port Klang->Shah Alam,0,3.0,101.39,3.0733,101.5185,2,4,0.2561
2026-08-14T03:00:00,Port Klang - KL Distribution,Port Klang - KL Distribution :: Port Klang->Shah Alam,0,3.0,101.39,3.0733,101.5185,3,4,0.2879
2026-08-14T04:00:00,Port Klang - KL Distribution,Port Klang - KL Distribution :: Port Klang->Shah Alam,0,3.0,101.39,3.0733,101.5185,4,4,0.3163
2026-08-14T05:00:00,Port Klang - KL Distribution,Port Klang - KL Distribution :: Port Klang->Shah Alam,0,3.0,101.39,3.0733,101.5185,5,4,0.3096
2026-08-14T06:00:00,Port Klang - KL Distribution,Port Klang - KL Distribution :: Port Klang->Shah Alam,0,3.0,101.39,3.0733,101.5185,6,4,0.5243
2026-08-14T07:00:00,Port Klang - KL Distribution,Port Klang - KL Distribution :: Port Klang->Shah Alam,0,3.0,101.39,3.0733,101.5185,7,4,0.7889
2026-08-14T08:00:00,Port Klang - KL Distribution,Port Klang - KL Distribution :: Port Klang->Shah Alam,0,3.0,101.39,3.0733,101.5185,8,4,0.9434
2026-08-14T09:00:00,Port Klang - KL Distribution,Port Klang - KL Distribution :: Port Klang->Shah Alam,0,3.0,101.39,3.0733,101.5185,9,4,0.7418
2026-08-14T10:00:00,Port Klang - KL Distribution,Port Klang - KL Distribution :: Port Klang->Shah Alam,0,3.0,101.39,3.0733,101.5185,10,4,0.5123
2026-08-14T11:00:00,Port Klang - KL Distribution,Port Klang - KL Distribution :: Port Klang->Shah Alam,0,3.0,101.39,3.0733,101.5185,11,4,0.3636
2026-08-14T12:00:00,Port Klang - KL Distribution,Port Klang - KL Distribution :: Port Klang->Shah Alam,0,3.0,101.39,3.0733,101.5185,12,4,0.3625
2026-08-14T13:00:00,Port Klang - KL Distribution,Port Klang - KL Distribution :: Port Klang->Shah Alam,0,3.0,101.39,3.0733,101.5185,13,4,0.3264
2026-08-14T14:00:00,Port Klang - KL Distribution,Port Klang - KL Distribution :: Port Klang->Shah Alam,0,3.0,101.39,3.0733,101.5185,14,4,0.4223
2026-08-14T15:00:00,Port Klang - KL Distribution,Port Klang - KL Distribution :: Port Klang->Shah Alam,0,3.0,101.39,3.0733,101.5185,15,4,0.3404
2026-08-14T16:00:00,Port Klang - KL Distribution,Port Klang - KL Distribution :: Port Klang->Shah Alam,0,3.0,101.39,3.0733,101.5185,16,4,0.6518
2026-08-14T17:00:00,Port Klang - KL Distribution,Port Klang - KL Distribution :: Port Klang->Shah Alam,0,3.0,101.39,3.0733,101.5185,17,4,0.8875
2026-08-14T18:00:00,Port Klang - KL Distribution,Port Klang - KL Distribution :: Port Klang->Shah Alam,0,3.0,101.39,3.0733,101.5185,18,4,1.0
2026-08-14T19:00:00,Port Klang - KL Distribution,Port Klang - KL Distribution :: Port Klang->Shah Alam,0,3.0,101.39,3.0733,101.5185,19,4,0.8281
2026-08-14T20:00:00,Port Klang - KL Distribution,Port Klang - KL Distribution :: Port Klang->Shah Alam,0,3.0,101.39,3.0733,101.5185,20,4,0.5491
2026-08-14T21:00:00,Port Klang - KL Distribution,Port Klang - KL Distribution :: Port Klang->Shah Alam,0,3.0,101.39,3.0733,101.5185,21,4,0.3505
2026-08-14T22:00:00,Port Klang - KL Distribution,Port Klang - KL Distribution :: Port Klang->Shah Alam,0,3.0,101.39,3.0733,101.5185,22,4,0.1656
2026-08-14T23:00:00,Port Klang - KL Distribution,Port Klang - KL Distribution :: Port Klang->Shah Alam,0,3.0,101.39,3.0733,101.5185,23,4,0.236
2026-08-15T00:00:00,Port Klang - KL Distribution,Port Klang - KL Distribution :: Port Klang->Shah Alam,0,3.0,101.39,3.0733,101.5185,0,5,0.217
2026-08-15T01:00:00,Port Klang - KL Distribution,Port Klang - KL Distribution :: Port Klang->Shah Alam,0,3.0,101.39,3.0733,101.5185,1,5,0.2715
2026-08-15T02:00:00,Port Klang - KL Distribution,Port Klang - KL Distribution :: Port Klang->Shah Alam,0,3.0,101.39,3.0733,101.5185,2,5,0.2831
2026-08-15T03:00:00,Port Klang - KL Distribution,Port Klang - KL Distribution :: Port Klang->Shah Alam,0,3.0,101.39,3.0733,101.5185,3,5,0.3764
2026-08-15T04:00:00,Port Klang - KL Distribution,Port Klang - KL Distribution :: Port Klang->Shah Alam,0,3.0,101.39,3.0733,101.5185,4,5,0.3319
2026-08-15T05:00:00,Port Klang - KL Distribution,Port Klang - KL Distribution :: Port Klang->Shah Alam,0,3.0,101.39,3.0733,101.5185,5,5,0.299
2026-08-15T06:00:00,Port Klang - KL Distribution,Port Klang - KL Distribution :: Port Klang->Shah Alam,0,3.0,101.39,3.0733,101.5185,6,5,0.4569
2026-08-15T07:00:00,Port Klang - KL Distribution,Port Klang - KL Distribution :: Port Klang->Shah Alam,0,3.0,101.39,3.0733,101.5185,7,5,0.8177
2026-08-15T08:00:00,Port Klang - KL Distribution,Port Klang - KL Distribution :: Port Klang->Shah Alam,0,3.0,101.39,3.0733,101.5185,8,5,0.8583
2026-08-15T09:00:00,Port Klang - KL Distribution,Port Klang - KL Distribution :: Port Klang->Shah Alam,0,3.0,101.39,3.0733,101.5185,9,5,0.8981
2026-08-15T10:00:00,Port Klang - KL Distribution,Port Klang - KL Distribution :: Port Klang->Shah Alam,0,3.0,101.39,3.0733,101.5185,10,5,0.5816
2026-08-15T11:00:00,Port Klang - KL Distribution,Port Klang - KL Distribution :: Port Klang->Shah Alam,0,3.0,101.39,3.0733,101.5185,11,5,0.3055
2026-08-15T12:00:00,Port Klang - KL Distribution,Port Klang - KL Distribution :: Port Klang->Shah Alam,0,3.0,101.39,3.0733,101.5185,12,5,0.1726
2026-08-15T13:00:00,Port Klang - KL Distribution,Port Klang - KL Distribution :: Port Klang->Shah Alam,0,3.0,101.39,3.0733,101.5185,13,5,0.3501
2026-08-15T14:00:00,Port Klang - KL Distribution,Port Klang - KL Distribution :: Port Klang->Shah Alam,0,3.0,101.39,3.0733,101.5185,14,5,0.2863
2026-08-15T15:00:00,Port Klang - KL Distribution,Port Klang - KL Distribution :: Port Klang->Shah Alam,0,3.0,101.39,3.0733,101.5185,15,5,0.4607
2026-08-15T16:00:00,Port Klang - KL Distribution,Port Klang - KL Distribution :: Port Klang->Shah Alam,0,3.0,101.39,3.0733,101.5185,16,5,0.5038
2026-08-15T17:00:00,Port Klang - KL Distribution,Port Klang - KL Distribution :: Port Klang->Shah Alam,0,3.0,101.39,3.0733,101.5185,17,5,0.8406
2026-08-15T18:00:00,Port Klang - KL Distribution,Port Klang - KL Distribution :: Port Klang->Shah Alam,0,3.0,101.39,3.0733,101.5185,18,5,1.0
2026-08-15T19:00:00,Port Klang - KL Distribution,Port Klang - KL Distribution :: Port Klang->Shah Alam,0,3.0,101.39,3.0733,101.5185,19,5,0.8794
2026-08-15T20:00:00,Port Klang - KL Distribution,Port Klang - KL Distribution :: Port Klang->Shah Alam,0,3.0,101.39,3.0733,101.5185,20,5,0.5725
2026-08-15T21:00:00,Port Klang - KL Distribution,Port Klang - KL Distribution :: Port Klang->Shah Alam,0,3.0,101.39,3.0733,101.5185,21,5,0.4238
2026-08-15T22:00:00,Port Klang - KL Distribution,Port Klang - KL Distribution :: Port Klang->Shah Alam,0,3.0,101.39,3.0733,101.5185,22,5,0.229
2026-08-15T23:00:00,Port Klang - KL Distribution,Port Klang - KL Distribution :: Port Klang->Shah Alam,0,3.0,101.39,3.0733,101.5185,23,5,0.259
2026-08-16T00:00:00,Port Klang - KL Distribution,Port Klang - KL Distribution :: Port Klang->Shah Alam,0,3.0,101.39,3.0733,101.5185,0,6,0.2697
2026-08-16T01:00:00,Port Klang - KL Distribution,Port Klang - KL Distribution :: Port Klang->Shah Alam,0,3.0,101.39,3.0733,101.5185,1,6,0.2934
2026-08-16T02:00:00,Port Klang - KL Distribution,Port Klang - KL Distribution :: Port Klang->Shah Alam,0,3.0,101.39,3.0733,101.5185,2,6,0.3053
2026-08-16T03:00:00,Port Klang - KL Distribution,Port Klang - KL Distribution :: Port Klang->Shah Alam,0,3.0,101.39,3.0733,101.5185,3,6,0.1963
2026-08-16T04:00:00,Port Klang - KL Distribution,Port Klang - KL Distribution :: Port Klang->Shah Alam,0,3.0,101.39,3.0733,101.5185,4,6,0.1828
2026-08-16T05:00:00,Port Klang - KL Distribution,Port Klang - KL Distribution :: Port Klang->Shah Alam,0,3.0,101.39,3.0733,101.5185,5,6,0.4103
2026-08-16T06:00:00,Port Klang - KL Distribution,Port Klang - KL Distribution :: Port Klang->Shah Alam,0,3.0,101.39,3.0733,101.5185,6,6,0.5308
2026-08-16T07:00:00,Port Klang - KL Distribution,Port Klang - KL Distribution :: Port Klang->Shah Alam,0,3.0,101.39,3.0733,101.5185,7,6,0.7433
2026-08-16T08:00:00,Port Klang - KL Distribution,Port Klang - KL Distribution :: Port Klang->Shah Alam,0,3.0,101.39,3.0733,101.5185,8,6,1.0
2026-08-16T09:00:00,Port Klang - KL Distribution,Port Klang - KL Distribution :: Port Klang->Shah Alam,0,3.0,101.39,3.0733,101.5185,9,6,0.7951
2026-08-16T10:00:00,Port Klang - KL Distribution,Port Klang - KL Distribution :: Port Klang->Shah Alam,0,3.0,101.39,3.0733,101.5185,10,6,0.5816
2026-08-16T11:00:00,Port Klang - KL Distribution,Port Klang - KL Distribution :: Port Klang->Shah Alam,0,3.0,101.39,3.0733,101.5185,11,6,0.3377
2026-08-16T12:00:00,Port Klang - KL Distribution,Port Klang - KL Distribution :: Port Klang->Shah Alam,0,3.0,101.39,3.0733,101.5185,12,6,0.3991
2026-08-16T13:00:00,Port Klang - KL Distribution,Port Klang - KL Distribution :: Port Klang->Shah Alam,0,3.0,101.39,3.0733,101.5185,13,6,0.3742
2026-08-16T14:00:00,Port Klang - KL Distribution,Port Klang - KL Distribution :: Port Klang->Shah Alam,0,3.0,101.39,3.0733,101.5185,14,6,0.2782
2026-08-16T15:00:00,Port Klang - KL Distribution,Port Klang - KL Distribution :: Port Klang->Shah Alam,0,3.0,101.39,3.0733,101.5185,15,6,0.4448
2026-08-16T16:00:00,Port Klang - KL Distribution,Port Klang - KL Distribution :: Port Klang->Shah Alam,0,3.0,101.39,3.0733,101.5185,16,6,0.6382
2026-08-16T17:00:00,Port Klang - KL Distribution,Port Klang - KL Distribution :: Port Klang->Shah Alam,0,3.0,101.39,3.0733,101.5185,17,6,0.9587
2026-08-16T18:00:00,Port Klang - KL Distribution,Port Klang - KL Distribution :: Port Klang->Shah Alam,0,3.0,101.39,3.0733,101.5185,18,6,0.9421
2026-08-16T19:00:00,Port Klang - KL Distribution,Port Klang - KL Distribution :: Port Klang->Shah Alam,0,3.0,101.39,3.0733,101.5185,19,6,0.9177
2026-08-16T20:00:00,Port Klang - KL Distribution,Port Klang - KL Distribution :: Port Klang->Shah Alam,0,3.0,101.39,3.0733,101.5185,20,6,0.663
2026-08-16T21:00:00,Port Klang - KL Distribution,Port Klang - KL Distribution :: Port Klang->Shah Alam,0,3.0,101.39,3.0733,101.5185,21,6,0.2809
2026-08-16T22:00:00,Port Klang - KL Distribution,Port Klang - KL Distribution :: Port Klang->Shah Alam,0,3.0,101.39,3.0733,101.5185,22,6,0.2221
2026-08-16T23:00:00,Port Klang - KL Distribution,Port Klang - KL Distribution :: Port Klang->Shah Alam,0,3.0,101.39,3.0733,101.5185,23,6,0.1452
2026-08-17T00:00:00,Port Klang - KL Distribution,Port Klang - KL Distribution :: Port Klang->Shah Alam,0,3.0,101.39,3.0733,101.5185,0,0,0.2463
2026-08-17T01:00:00,Port Klang - KL Distribution,Port Klang - KL Distribution :: Port Klang->Shah Alam,0,3.0,101.39,3.0733,101.5185,1,0,0.3056
2026-08-17T02:00:00,Port Klang - KL Distribution,Port Klang - KL Distribution :: Port Klang->Shah Alam,0,3.0,101.39,3.0733,101.5185,2,0,0.3527
2026-08-17T03:00:00,Port Klang - KL Distribution,Port Klang - KL Distribution :: Port Klang->Shah Alam,0,3.0,101.39,3.0733,101.5185,3,0,0.2682
2026-08-17T04:00:00,Port Klang - KL Distribution,Port Klang - KL Distribution :: Port Klang->Shah Alam,0,3.0,101.39,3.0733,101.5185,4,0,0.3726
2026-08-17T05:00:00,Port Klang - KL Distribution,Port Klang - KL Distribution :: Port Klang->Shah Alam,0,3.0,101.39,3.0733,101.5185,5,0,0.2508
2026-08-17T06:00:00,Port Klang - KL Distribution,Port Klang - KL Distribution :: Port Klang->Shah Alam,0,3.0,101.39,3.0733,101.5185,6,0,0.4086
2026-08-17T07:00:00,Port Klang - KL Distribution,Port Klang - KL Distribution :: Port Klang->Shah Alam,0,3.0,101.39,3.0733,101.5185,7,0,0.7849
2026-08-17T08:00:00,Port Klang - KL Distribution,Port Klang - KL Distribution :: Port Klang->Shah Alam,0,3.0,101.39,3.0733,101.5185,8,0,0.9605
2026-08-17T09:00:00,Port Klang - KL Distribution,Port Klang - KL Distribution :: Port Klang->Shah Alam,0,3.0,101.39,3.0733,101.5185,9,0,0.7862
2026-08-17T10:00:00,Port Klang - KL Distribution,Port Klang - KL Distribution :: Port Klang->Shah Alam,0,3.0,101.39,3.0733,101.5185,10,0,0.3868
2026-08-17T11:00:00,Port Klang - KL Distribution,Port Klang - KL Distribution :: Port Klang->Shah Alam,0,3.0,101.39,3.0733,101.5185,11,0,0.3283
2026-08-17T12:00:00,Port Klang - KL Distribution,Port Klang - KL Distribution :: Port Klang->Shah Alam,0,3.0,101.39,3.0733,101.5185,12,0,0.1972
2026-08-17T13:00:00,Port Klang - KL Distribution,Port Klang - KL Distribution :: Port Klang->Shah Alam,0,3.0,101.39,3.0733,101.5185,13,0,0.309
2026-08-17T14:00:00,Port Klang - KL Distribution,Port Klang - KL Distribution :: Port Klang->Shah Alam,0,3.0,101.39,3.0733,101.5185,14,0,0.3152
2026-08-17T15:00:00,Port Klang - KL Distribution,Port Klang - KL Distribution :: Port Klang->Shah Alam,0,3.0,101.39,3.0733,101.5185,15,0,0.3301
2026-08-17T16:00:00,Port Klang - KL Distribution,Port Klang - KL Distribution :: Port Klang->Shah Alam,0,3.0,101.39,3.0733,101.5185,16,0,0.5687
2026-08-17T17:00:00,Port Klang - KL Distribution,Port Klang - KL Distribution :: Port Klang->Shah Alam,0,3.0,101.39,3.0733,101.5185,17,0,0.813
2026-08-17T18:00:00,Port Klang - KL Distribution,Port Klang - KL Distribution :: Port Klang->Shah Alam,0,3.0,101.39,3.0733,101.5185,18,0,0.9962
2026-08-17T19:00:00,Port Klang - KL Distribution,Port Klang - KL Distribution :: Port Klang->Shah Alam,0,3.0,101.39,3.0733,101.5185,19,0,0.9339
2026-08-17T20:00:00,Port Klang - KL Distribution,Port Klang - KL Distribution :: Port Klang->Shah Alam,0,3.0,101.39,3.0733,101.5185,20,0,0.5404
2026-08-17T21:00:00,Port Klang - KL Distribution,Port Klang - KL Distribution :: Port Klang->Shah Alam,0,3.0,101.39,3.0733,101.5185,21,0,0.4167
2026-08-17T22:00:00,Port Klang - KL Distribution,Port Klang - KL Distribution :: Port Klang->Shah Alam,0,3.0,101.39,3.0733,101.5185,22,0,0.2613
2026-08-17T23:00:00,Port Klang - KL Distribution,Port Klang - KL Distribution :: Port Klang->Shah Alam,0,3.0,101.39,3.0733,101.5185,23,0,0.22
2026-08-18T00:00:00,Port Klang - KL Distribution,Port Klang - KL Distribution :: Port Klang->Shah Alam,0,3.0,101.39,3.0733,101.5185,0,1,0.2561
2026-08-18T01:00:00,Port Klang - KL Distribution,Port Klang - KL Distribution :: Port Klang->Shah Alam,0,3.0,101.39,3.0733,101.5185,1,1,0.2004
2026-08-18T02:00:00,Port Klang - KL Distribution,Port Klang - KL Distribution :: Port Klang->Shah Alam,0,3.0,101.39,3.0733,101.5185,2,1,0.2294
2026-08-18T03:00:00,Port Klang - KL Distribution,Port Klang - KL Distribution :: Port Klang->Shah Alam,0,3.0,101.39,3.0733,101.5185,3,1,0.1919
2026-08-18T04:00:00,Port Klang - KL Distribution,Port Klang - KL Distribution :: Port Klang->Shah Alam,0,3.0,101.39,3.0733,101.5185,4,1,0.3927
2026-08-18T05:00:00,Port Klang - KL Distribution,Port Klang - KL Distribution :: Port Klang->Shah Alam,0,3.0,101.39,3.0733,101.5185,5,1,0.3358
2026-08-18T06:00:00,Port Klang - KL Distribution,Port Klang - KL Distribution :: Port Klang->Shah Alam,0,3.0,101.39,3.0733,101.5185,6,1,0.4688
2026-08-18T07:00:00,Port Klang - KL Distribution,Port Klang - KL Distribution :: Port Klang->Shah Alam,0,3.0,101.39,3.0733,101.5185,7,1,0.801
2026-08-18T08:00:00,Port Klang - KL Distribution,Port Klang - KL Distribution :: Port Klang->Shah Alam,0,3.0,101.39,3.0733,101.5185,8,1,0.9308
2026-08-18T09:00:00,Port Klang - KL Distribution,Port Klang - KL Distribution :: Port Klang->Shah Alam,0,3.0,101.39,3.0733,101.5185,9,1,0.7749
2026-08-18T10:00:00,Port Klang - KL Distribution,Port Klang - KL Distribution :: Port Klang->Shah Alam,0,3.0,101.39,3.0733,101.5185,10,1,0.5477
2026-08-18T11:00:00,Port Klang - KL Distribution,Port Klang - KL Distribution :: Port Klang->Shah Alam,0,3.0,101.39,3.0733,101.5185,11,1,0.3791
2026-08-18T12:00:00,Port Klang - KL Distribution,Port Klang - KL Distribution :: Port Klang->Shah Alam,0,3.0,101.39,3.0733,101.5185,12,1,0.2436
2026-08-18T13:00:00,Port Klang - KL Distribution,Port Klang - KL Distribution :: Port Klang->Shah Alam,0,3.0,101.39,3.0733,101.5185,13,1,0.2343
2026-08-18T14:00:00,Port Klang - KL Distribution,Port Klang - KL Distribution :: Port Klang->Shah Alam,0,3.0,101.39,3.0733,101.5185,14,1,0.2767
2026-08-18T15:00:00,Port Klang - KL Distribution,Port Klang - KL Distribution :: Port Klang->Shah Alam,0,3.0,101.39,3.0733,101.5185,15,1,0.2484
2026-08-18T16:00:00,Port Klang - KL Distribution,Port Klang - KL Distribution :: Port Klang->Shah Alam,0,3.0,101.39,3.0733,101.5185,16,1,0.5086
2026-08-18T17:00:00,Port Klang - KL Distribution,Port Klang - KL Distribution :: Port Klang->Shah Alam,0,3.0,101.39,3.0733,101.5185,17,1,0.9586
2026-08-18T18:00:00,Port Klang - KL Distribution,Port Klang - KL Distribution :: Port Klang->Shah Alam,0,3.0,101.39,3.0733,101.5185,18,1,1.0
2026-08-18T19:00:00,Port Klang - KL Distribution,Port Klang - KL Distribution :: Port Klang->Shah Alam,0,3.0,101.39,3.0733,101.5185,19,1,0.8616
2026-08-18T20:00:00,Port Klang - KL Distribution,Port Klang - KL Distribution :: Port Klang->Shah Alam,0,3.0,101.39,3.0733,101.5185,20,1,0.6341
2026-08-18T21:00:00,Port Klang - KL Distribution,Port Klang - KL Distribution :: Port Klang->Shah Alam,0,3.0,101.39,3.0733,101.5185,21,1,0.4051
2026-08-18T22:00:00,Port Klang - KL Distribution,Port Klang - KL Distribution :: Port Klang->Shah Alam,0,3.0,101.39,3.0733,101.5185,22,1,0.4778
2026-08-18T23:00:00,Port Klang - KL Distribution,Port Klang - KL Distribution :: Port Klang->Shah Alam,0,3.0,101.39,3.0733,101.5185,23,1,0.3347
2026-08-19T00:00:00,Port Klang - KL Distribution,Port Klang - KL Distribution :: Port Klang->Shah Alam,0,3.0,101.39,3.0733,101.5185,0,2,0.2548
2026-08-19T01:00:00,Port Klang - KL Distribution,Port Klang - KL Distribution :: Port Klang->Shah Alam,0,3.0,101.39,3.0733,101.5185,1,2,0.2052
2026-08-19T02:00:00,Port Klang - KL Distribution,Port Klang - KL Distribution :: Port Klang->Shah Alam,0,3.0,101.39,3.0733,101.5185,2,2,0.1662
2026-08-19T03:00:00,Port Klang - KL Distribution,Port Klang - KL Distribution :: Port Klang->Shah Alam,0,3.0,101.39,3.0733,101.5185,3,2,0.276
2026-08-19T04:00:00,Port Klang - KL Distribution,Port Klang - KL Distribution :: Port Klang->Shah Alam,0,3.0,101.39,3.0733,101.5185,4,2,0.2295
2026-08-19T05:00:00,Port Klang - KL Distribution,Port Klang - KL Distribution :: Port Klang->Shah Alam,0,3.0,101.39,3.0733,101.5185,5,2,0.2483
2026-08-19T06:00:00,Port Klang - KL Distribution,Port Klang - KL Distribution :: Port Klang->Shah Alam,0,3.0,101.39,3.0733,101.5185,6,2,0.472
2026-08-19T07:00:00,Port Klang - KL Distribution,Port Klang - KL Distribution :: Port Klang->Shah Alam,0,3.0,101.39,3.0733,101.5185,7,2,0.7233
2026-08-19T08:00:00,Port Klang - KL Distribution,Port Klang - KL Distribution :: Port Klang->Shah Alam,0,3.0,101.39,3.0733,101.5185,8,2,1.0
2026-08-19T09:00:00,Port Klang - KL Distribution,Port Klang - KL Distribution :: Port Klang->Shah Alam,0,3.0,101.39,3.0733,101.5185,9,2,0.8411
2026-08-19T10:00:00,Port Klang - KL Distribution,Port Klang - KL Distribution :: Port Klang->Shah Alam,0,3.0,101.39,3.0733,101.5185,10,2,0.5103
2026-08-19T11:00:00,Port Klang - KL Distribution,Port Klang - KL Distribution :: Port Klang->Shah Alam,0,3.0,101.39,3.0733,101.5185,11,2,0.4225
2026-08-19T12:00:00,Port Klang - KL Distribution,Port Klang - KL Distribution :: Port Klang->Shah Alam,0,3.0,101.39,3.0733,101.5185,12,2,0.2801
2026-08-19T13:00:00,Port Klang - KL Distribution,Port Klang - KL Distribution :: Port Klang->Shah Alam,0,3.0,101.39,3.0733,101.5185,13,2,0.2172
2026-08-19T14:00:00,Port Klang - KL Distribution,Port Klang - KL Distribution :: Port Klang->Shah Alam,0,3.0,101.39,3.0733,101.5185,14,2,0.3845
2026-08-19T15:00:00,Port Klang - KL Distribution,Port Klang - KL Distribution :: Port Klang->Shah Alam,0,3.0,101.39,3.0733,101.5185,15,2,0.4188
2026-08-19T16:00:00,Port Klang - KL Distribution,Port Klang - KL Distribution :: Port Klang->Shah Alam,0,3.0,101.39,3.0733,101.5185,16,2,0.5373
2026-08-19T17:00:00,Port Klang - KL Distribution,Port Klang - KL Distribution :: Port Klang->Shah Alam,0,3.0,101.39,3.0733,101.5185,17,2,0.8651
2026-08-19T18:00:00,Port Klang - KL Distribution,Port Klang - KL Distribution :: Port Klang->Shah Alam,0,3.0,101.39,3.0733,101.5185,18,2,0.9475
2026-08-19T19:00:00,Port Klang - KL Distribution,Port Klang - KL Distribution :: Port Klang->Shah Alam,0,3.0,101.39,3.0733,101.5185,19,2,0.7936
2026-08-19T20:00:00,Port Klang - KL Distribution,Port Klang - KL Distribution :: Port Klang->Shah Alam,0,3.0,101.39,3.0733,101.5185,20,2,0.6551
2026-08-19T21:00:00,Port Klang - KL Distribution,Port Klang - KL Distribution :: Port Klang->Shah Alam,0,3.0,101.39,3.0733,101.5185,21,2,0.501
2026-08-19T22:00:00,Port Klang - KL Distribution,Port Klang - KL Distribution :: Port Klang->Shah Alam,0,3.0,101.39,3.0733,101.5185,22,2,0.2092
2026-08-19T23:00:00,Port Klang - KL Distribution,Port Klang - KL Distribution :: Port Klang->Shah Alam,0,3.0,101.39,3.0733,101.5185,23,2,0.3013
2026-08-20T00:00:00,Port Klang - KL Distribution,Port Klang - KL Distribution :: Port Klang->Shah Alam,0,3.0,101.39,3.0733,101.5185,0,3,0.2235
2026-08-20T01:00:00,Port Klang - KL Distribution,Port Klang - KL Distribution :: Port Klang->Shah Alam,0,3.0,101.39,3.0733,101.5185,1,3,0.2333
2026-08-20T02:00:00,Port Klang - KL Distribution,Port Klang - KL Distribution :: Port Klang->Shah Alam,0,3.0,101.39,3.0733,101.5185,2,3,0.227
2026-08-20T03:00:00,Port Klang - KL Distribution,Port Klang - KL Distribution :: Port Klang->Shah Alam,0,3.0,101.39,3.0733,101.5185,3,3,0.212
2026-08-20T04:00:00,Port Klang - KL Distribution,Port Klang - KL Distribution :: Port Klang->Shah Alam,0,3.0,101.39,3.0733,101.5185,4,3,0.2778
2026-08-20T05:00:00,Port Klang - KL Distribution,Port Klang - KL Distribution :: Port Klang->Shah Alam,0,3.0,101.39,3.0733,101.5185,5,3,0.2838
2026-08-20T06:00:00,Port Klang - KL Distribution,Port Klang - KL Distribution :: Port Klang->Shah Alam,0,3.0,101.39,3.0733,101.5185,6,3,0.527
2026-08-20T07:00:00,Port Klang - KL Distribution,Port Klang - KL Distribution :: Port Klang->Shah Alam,0,3.0,101.39,3.0733,101.5185,7,3,0.7852
2026-08-20T08:00:00,Port Klang - KL Distribution,Port Klang - KL Distribution :: Port Klang->Shah Alam,0,3.0,101.39,3.0733,101.5185,8,3,0.9232
2026-08-20T09:00:00,Port Klang - KL Distribution,Port Klang - KL Distribution :: Port Klang->Shah Alam,0,3.0,101.39,3.0733,101.5185,9,3,0.7337
2026-08-20T10:00:00,Port Klang - KL Distribution,Port Klang - KL Distribution :: Port Klang->Shah Alam,0,3.0,101.39,3.0733,101.5185,10,3,0.4762
2026-08-20T11:00:00,Port Klang - KL Distribution,Port Klang - KL Distribution :: Port Klang->Shah Alam,0,3.0,101.39,3.0733,101.5185,11,3,0.379
2026-08-20T12:00:00,Port Klang - KL Distribution,Port Klang - KL Distribution :: Port Klang->Shah Alam,0,3.0,101.39,3.0733,101.5185,12,3,0.3055
2026-08-20T13:00:00,Port Klang - KL Distribution,Port Klang - KL Distribution :: Port Klang->Shah Alam,0,3.0,101.39,3.0733,101.5185,13,3,0.2102
2026-08-20T14:00:00,Port Klang - KL Distribution,Port Klang - KL Distribution :: Port Klang->Shah Alam,0,3.0,101.39,3.0733,101.5185,14,3,0.2991
2026-08-20T15:00:00,Port Klang - KL Distribution,Port Klang - KL Distribution :: Port Klang->Shah Alam,0,3.0,101.39,3.0733,101.5185,15,3,0.4316
2026-08-20T16:00:00,Port Klang - KL Distribution,Port Klang - KL Distribution :: Port Klang->Shah Alam,0,3.0,101.39,3.0733,101.5185,16,3,0.4993
2026-08-20T17:00:00,Port Klang - KL Distribution,Port Klang - KL Distribution :: Port Klang->Shah Alam,0,3.0,101.39,3.0733,101.5185,17,3,0.9091
2026-08-20T18:00:00,Port Klang - KL Distribution,Port Klang - KL Distribution :: Port Klang->Shah Alam,0,3.0,101.39,3.0733,101.5185,18,3,0.9602
2026-08-20T19:00:00,Port Klang - KL Distribution,Port Klang - KL Distribution :: Port Klang->Shah Alam,0,3.0,101.39,3.0733,101.5185,19,3,0.9108
2026-08-20T20:00:00,Port Klang - KL Distribution,Port Klang - KL Distribution :: Port Klang->Shah Alam,0,3.0,101.39,3.0733,101.5185,20,3,0.5537
2026-08-20T21:00:00,Port Klang - KL Distribution,Port Klang - KL Distribution :: Port Klang->Shah Alam,0,3.0,101.39,3.0733,101.5185,21,3,0.2782
2026-08-20T22:00:00,Port Klang - KL Distribution,Port Klang - KL Distribution :: Port Klang->Shah Alam,0,3.0,101.39,3.0733,101.5185,22,3,0.1954
2026-08-20T23:00:00,Port Klang - KL Distribution,Port Klang - KL Distribution :: Port Klang->Shah Alam,0,3.0,101.39,3.0733,101.5185,23,3,0.2704
2026-08-21T00:00:00,Port Klang - KL Distribution,Port Klang - KL Distribution :: Port Klang->Shah Alam,0,3.0,101.39,3.0733,101.5185,0,4,0.2781
2026-08-21T01:00:00,Port Klang - KL Distribution,Port Klang - KL Distribution :: Port Klang->Shah Alam,0,3.0,101.39,3.0733,101.5185,1,4,0.2082
2026-08-21T02:00:00,Port Klang - KL Distribution,Port Klang - KL Distribution :: Port Klang->Shah Alam,0,3.0,101.39,3.0733,101.5185,2,4,0.3009
2026-08-21T03:00:00,Port Klang - KL Distribution,Port Klang - KL Distribution :: Port Klang->Shah Alam,0,3.0,101.39,3.0733,101.5185,3,4,0.1641
2026-08-21T04:00:00,Port Klang - KL Distribution,Port Klang - KL Distribution :: Port Klang->Shah Alam,0,3.0,101.39,3.0733,101.5185,4,4,0.2709
2026-08-21T05:00:00,Port Klang - KL Distribution,Port Klang - KL Distribution :: Port Klang->Shah Alam,0,3.0,101.39,3.0733,101.5185,5,4,0.261
2026-08-21T06:00:00,Port Klang - KL Distribution,Port Klang - KL Distribution :: Port Klang->Shah Alam,0,3.0,101.39,3.0733,101.5185,6,4,0.4717
2026-08-21T07:00:00,Port Klang - KL Distribution,Port Klang - KL Distribution :: Port Klang->Shah Alam,0,3.0,101.39,3.0733,101.5185,7,4,0.791
2026-08-21T08:00:00,Port Klang - KL Distribution,Port Klang - KL Distribution :: Port Klang->Shah Alam,0,3.0,101.39,3.0733,101.5185,8,4,0.8859
2026-08-21T09:00:00,Port Klang - KL Distribution,Port Klang - KL Distribution :: Port Klang->Shah Alam,0,3.0,101.39,3.0733,101.5185,9,4,0.7651
2026-08-21T10:00:00,Port Klang - KL Distribution,Port Klang - KL Distribution :: Port Klang->Shah Alam,0,3.0,101.39,3.0733,101.5185,10,4,0.5712
2026-08-21T11:00:00,Port Klang - KL Distribution,Port Klang - KL Distribution :: Port Klang->Shah Alam,0,3.0,101.39,3.0733,101.5185,11,4,0.2991
2026-08-21T12:00:00,Port Klang - KL Distribution,Port Klang - KL Distribution :: Port Klang->Shah Alam,0,3.0,101.39,3.0733,101.5185,12,4,0.3256
2026-08-21T13:00:00,Port Klang - KL Distribution,Port Klang - KL Distribution :: Port Klang->Shah Alam,0,3.0,101.39,3.0733,101.5185,13,4,0.2011
2026-08-21T14:00:00,Port Klang - KL Distribution,Port Klang - KL Distribution :: Port Klang->Shah Alam,0,3.0,101.39,3.0733,101.5185,14,4,0.3249
2026-08-21T15:00:00,Port Klang - KL Distribution,Port Klang - KL Distribution :: Port Klang->Shah Alam,0,3.0,101.39,3.0733,101.5185,15,4,0.473
2026-08-21T16:00:00,Port Klang - KL Distribution,Port Klang - KL Distribution :: Port Klang->Shah Alam,0,3.0,101.39,3.0733,101.5185,16,4,0.4512
2026-08-21T17:00:00,Port Klang - KL Distribution,Port Klang - KL Distribution :: Port Klang->Shah Alam,0,3.0,101.39,3.0733,101.5185,17,4,0.8287
2026-08-21T18:00:00,Port Klang - KL Distribution,Port Klang - KL Distribution :: Port Klang->Shah Alam,0,3.0,101.39,3.0733,101.5185,18,4,1.0
2026-08-21T19:00:00,Port Klang - KL Distribution,Port Klang - KL Distribution :: Port Klang->Shah Alam,0,3.0,101.39,3.0733,101.5185,19,4,0.8644
2026-08-21T20:00:00,Port Klang - KL Distribution,Port Klang - KL Distribution :: Port Klang->Shah Alam,0,3.0,101.39,3.0733,101.5185,20,4,0.6218
2026-08-21T21:00:00,Port Klang - KL Distribution,Port Klang - KL Distribution :: Port Klang->Shah Alam,0,3.0,101.39,3.0733,101.5185,21,4,0.3502
2026-08-21T22:00:00,Port Klang - KL Distribution,Port Klang - KL Distribution :: Port Klang->Shah Alam,0,3.0,101.39,3.0733,101.5185,22,4,0.2983
2026-08-21T23:00:00,Port Klang - KL Distribution,Port Klang - KL Distribution :: Port Klang->Shah Alam,0,3.0,101.39,3.0733,101.5185,23,4,0.2582
2026-08-22T00:00:00,Port Klang - KL Distribution,Port Klang - KL Distribution :: Port Klang->Shah Alam,0,3.0,101.39,3.0733,101.5185,0,5,0.3326
2026-08-22T01:00:00,Port Klang - KL Distribution,Port Klang - KL Distribution :: Port Klang->Shah Alam,0,3.0,101.39,3.0733,101.5185,1,5,0.2778
2026-08-22T02:00:00,Port Klang - KL Distribution,Port Klang - KL Distribution :: Port Klang->Shah Alam,0,3.0,101.39,3.0733,101.5185,2,5,0.2828
2026-08-22T03:00:00,Port Klang - KL Distribution,Port Klang - KL Distribution :: Port Klang->Shah Alam,0,3.0,101.39,3.0733,101.5185,3,5,0.2391
2026-08-22T04:00:00,Port Klang - KL Distribution,Port Klang - KL Distribution :: Port Klang->Shah Alam,0,3.0,101.39,3.0733,101.5185,4,5,0.2456
2026-08-22T05:00:00,Port Klang - KL Distribution,Port Klang - KL Distribution :: Port Klang->Shah Alam,0,3.0,101.39,3.0733,101.5185,5,5,0.3077
2026-08-22T06:00:00,Port Klang - KL Distribution,Port Klang - KL Distribution :: Port Klang->Shah Alam,0,3.0,101.39,3.0733,101.5185,6,5,0.5345
2026-08-22T07:00:00,Port Klang - KL Distribution,Port Klang - KL Distribution :: Port Klang->Shah Alam,0,3.0,101.39,3.0733,101.5185,7,5,0.7629
2026-08-22T08:00:00,Port Klang - KL Distribution,Port Klang - KL Distribution :: Port Klang->Shah Alam,0,3.0,101.39,3.0733,101.5185,8,5,0.9549
2026-08-22T09:00:00,Port Klang - KL Distribution,Port Klang - KL Distribution :: Port Klang->Shah Alam,0,3.0,101.39,3.0733,101.5185,9,5,0.9127
2026-08-22T10:00:00,Port Klang - KL Distribution,Port Klang - KL Distribution :: Port Klang->Shah Alam,0,3.0,101.39,3.0733,101.5185,10,5,0.5631
2026-08-22T11:00:00,Port Klang - KL Distribution,Port Klang - KL Distribution :: Port Klang->Shah Alam,0,3.0,101.39,3.0733,101.5185,11,5,0.3141
2026-08-22T12:00:00,Port Klang - KL Distribution,Port Klang - KL Distribution :: Port Klang->Shah Alam,0,3.0,101.39,3.0733,101.5185,12,5,0.3475
2026-08-22T13:00:00,Port Klang - KL Distribution,Port Klang - KL Distribution :: Port Klang->Shah Alam,0,3.0,101.39,3.0733,101.5185,13,5,0.2444
2026-08-22T14:00:00,Port Klang - KL Distribution,Port Klang - KL Distribution :: Port Klang->Shah Alam,0,3.0,101.39,3.0733,101.5185,14,5,0.1709
2026-08-22T15:00:00,Port Klang - KL Distribution,Port Klang - KL Distribution :: Port Klang->Shah Alam,0,3.0,101.39,3.0733,101.5185,15,5,0.326
2026-08-22T16:00:00,Port Klang - KL Distribution,Port Klang - KL Distribution :: Port Klang->Shah Alam,0,3.0,101.39,3.0733,101.5185,16,5,0.4872
2026-08-22T17:00:00,Port Klang - KL Distribution,Port Klang - KL Distribution :: Port Klang->Shah Alam,0,3.0,101.39,3.0733,101.5185,17,5,0.8555
2026-08-22T18:00:00,Port Klang - KL Distribution,Port Klang - KL Distribution :: Port Klang->Shah Alam,0,3.0,101.39,3.0733,101.5185,18,5,1.0
2026-08-22T19:00:00,Port Klang - KL Distribution,Port Klang - KL Distribution :: Port Klang->Shah Alam,0,3.0,101.39,3.0733,101.5185,19,5,0.9771
2026-08-22T20:00:00,Port Klang - KL Distribution,Port Klang - KL Distribution :: Port Klang->Shah Alam,0,3.0,101.39,3.0733,101.5185,20,5,0.6191
2026-08-22T21:00:00,Port Klang - KL Distribution,Port Klang - KL Distribution :: Port Klang->Shah Alam,0,3.0,101.39,3.0733,101.5185,21,5,0.3733
2026-08-22T22:00:00,Port Klang - KL Distribution,Port Klang - KL Distribution :: Port Klang->Shah Alam,0,3.0,101.39,3.0733,101.5185,22,5,0.3428
2026-08-22T23:00:00,Port Klang - KL Distribution,Port Klang - KL Distribution :: Port Klang->Shah Alam,0,3.0,101.39,3.0733,101.5185,23,5,0.1349
2026-08-23T00:00:00,Port Klang - KL Distribution,Port Klang - KL Distribution :: Port Klang->Shah Alam,0,3.0,101.39,3.0733,101.5185,0,6,0.2766
2026-08-23T01:00:00,Port Klang - KL Distribution,Port Klang - KL Distribution :: Port Klang->Shah Alam,0,3.0,101.39,3.0733,101.5185,1,6,0.3088
2026-08-23T02:00:00,Port Klang - KL Distribution,Port Klang - KL Distribution :: Port Klang->Shah Alam,0,3.0,101.39,3.0733,101.5185,2,6,0.1739
2026-08-23T03:00:00,Port Klang - KL Distribution,Port Klang - KL Distribution :: Port Klang->Shah Alam,0,3.0,101.39,3.0733,101.5185,3,6,0.3324
2026-08-23T04:00:00,Port Klang - KL Distribution,Port Klang - KL Distribution :: Port Klang->Shah Alam,0,3.0,101.39,3.0733,101.5185,4,6,0.2952
2026-08-23T05:00:00,Port Klang - KL Distribution,Port Klang - KL Distribution :: Port Klang->Shah Alam,0,3.0,101.39,3.0733,101.5185,5,6,0.3087
2026-08-23T06:00:00,Port Klang - KL Distribution,Port Klang - KL Distribution :: Port Klang->Shah Alam,0,3.0,101.39,3.0733,101.5185,6,6,0.5488
2026-08-23T07:00:00,Port Klang - KL Distribution,Port Klang - KL Distribution :: Port Klang->Shah Alam,0,3.0,101.39,3.0733,101.5185,7,6,0.9244
2026-08-23T08:00:00,Port Klang - KL Distribution,Port Klang - KL Distribution :: Port Klang->Shah Alam,0,3.0,101.39,3.0733,101.5185,8,6,0.9484
2026-08-23T09:00:00,Port Klang - KL Distribution,Port Klang - KL Distribution :: Port Klang->Shah Alam,0,3.0,101.39,3.0733,101.5185,9,6,0.8031
2026-08-23T10:00:00,Port Klang - KL Distribution,Port Klang - KL Distribution :: Port Klang->Shah Alam,0,3.0,101.39,3.0733,101.5185,10,6,0.4833
2026-08-23T11:00:00,Port Klang - KL Distribution,Port Klang - KL Distribution :: Port Klang->Shah Alam,0,3.0,101.39,3.0733,101.5185,11,6,0.2827
2026-08-23T12:00:00,Port Klang - KL Distribution,Port Klang - KL Distribution :: Port Klang->Shah Alam,0,3.0,101.39,3.0733,101.5185,12,6,0.3252
2026-08-23T13:00:00,Port Klang - KL Distribution,Port Klang - KL Distribution :: Port Klang->Shah Alam,0,3.0,101.39,3.0733,101.5185,13,6,0.2175
2026-08-23T14:00:00,Port Klang - KL Distribution,Port Klang - KL Distribution :: Port Klang->Shah Alam,0,3.0,101.39,3.0733,101.5185,14,6,0.2974
2026-08-23T15:00:00,Port Klang - KL Distribution,Port Klang - KL Distribution :: Port Klang->Shah Alam,0,3.0,101.39,3.0733,101.5185,15,6,0.3578
2026-08-23T16:00:00,Port Klang - KL Distribution,Port Klang - KL Distribution :: Port Klang->Shah Alam,0,3.0,101.39,3.0733,101.5185,16,6,0.6282
2026-08-23T17:00:00,Port Klang - KL Distribution,Port Klang - KL Distribution :: Port Klang->Shah Alam,0,3.0,101.39,3.0733,101.5185,17,6,0.8966
2026-08-23T18:00:00,Port Klang - KL Distribution,Port Klang - KL Distribution :: Port Klang->Shah Alam,0,3.0,101.39,3.0733,101.5185,18,6,1.0
2026-08-23T19:00:00,Port Klang - KL Distribution,Port Klang - KL Distribution :: Port Klang->Shah Alam,0,3.0,101.39,3.0733,101.5185,19,6,0.8459
2026-08-23T20:00:00,Port Klang - KL Distribution,Port Klang - KL Distribution :: Port Klang->Shah Alam,0,3.0,101.39,3.0733,101.5185,20,6,0.5833
2026-08-23T21:00:00,Port Klang - KL Distribution,Port Klang - KL Distribution :: Port Klang->Shah Alam,0,3.0,101.39,3.0733,101.5185,21,6,0.3277
2026-08-23T22:00:00,Port Klang - KL Distribution,Port Klang - KL Distribution :: Port Klang->Shah Alam,0,3.0,101.39,3.0733,101.5185,22,6,0.2664
2026-08-23T23:00:00,Port Klang - KL Distribution,Port Klang - KL Distribution :: Port Klang->Shah Alam,0,3.0,101.39,3.0733,101.5185,23,6,0.2902
2026-08-24T00:00:00,Port Klang - KL Distribution,Port Klang - KL Distribution :: Port Klang->Shah Alam,0,3.0,101.39,3.0733,101.5185,0,0,0.3079
2026-08-24T01:00:00,Port Klang - KL Distribution,Port Klang - KL Distribution :: Port Klang->Shah Alam,0,3.0,101.39,3.0733,101.5185,1,0,0.2072
2026-08-24T02:00:00,Port Klang - KL Distribution,Port Klang - KL Distribution :: Port Klang->Shah Alam,0,3.0,101.39,3.0733,101.5185,2,0,0.3148
2026-08-24T03:00:00,Port Klang - KL Distribution,Port Klang - KL Distribution :: Port Klang->Shah Alam,0,3.0,101.39,3.0733,101.5185,3,0,0.3451
2026-08-24T04:00:00,Port Klang - KL Distribution,Port Klang - KL Distribution :: Port Klang->Shah Alam,0,3.0,101.39,3.0733,101.5185,4,0,0.2997
2026-08-24T05:00:00,Port Klang - KL Distribution,Port Klang - KL Distribution :: Port Klang->Shah Alam,0,3.0,101.39,3.0733,101.5185,5,0,0.4463
2026-08-24T06:00:00,Port Klang - KL Distribution,Port Klang - KL Distribution :: Port Klang->Shah Alam,0,3.0,101.39,3.0733,101.5185,6,0,0.4644
2026-08-24T07:00:00,Port Klang - KL Distribution,Port Klang - KL Distribution :: Port Klang->Shah Alam,0,3.0,101.39,3.0733,101.5185,7,0,0.7135
2026-08-24T08:00:00,Port Klang - KL Distribution,Port Klang - KL Distribution :: Port Klang->Shah Alam,0,3.0,101.39,3.0733,101.5185,8,0,0.8308
2026-08-24T09:00:00,Port Klang - KL Distribution,Port Klang - KL Distribution :: Port Klang->Shah Alam,0,3.0,101.39,3.0733,101.5185,9,0,0.878
2026-08-24T10:00:00,Port Klang - KL Distribution,Port Klang - KL Distribution :: Port Klang->Shah Alam,0,3.0,101.39,3.0733,101.5185,10,0,0.5501
2026-08-24T11:00:00,Port Klang - KL Distribution,Port Klang - KL Distribution :: Port Klang->Shah Alam,0,3.0,101.39,3.0733,101.5185,11,0,0.3304
2026-08-24T12:00:00,Port Klang - KL Distribution,Port Klang - KL Distribution :: Port Klang->Shah Alam,0,3.0,101.39,3.0733,101.5185,12,0,0.2922
2026-08-24T13:00:00,Port Klang - KL Distribution,Port Klang - KL Distribution :: Port Klang->Shah Alam,0,3.0,101.39,3.0733,101.5185,13,0,0.2013
2026-08-24T14:00:00,Port Klang - KL Distribution,Port Klang - KL Distribution :: Port Klang->Shah Alam,0,3.0,101.39,3.0733,101.5185,14,0,0.4399
2026-08-24T15:00:00,Port Klang - KL Distribution,Port Klang - KL Distribution :: Port Klang->Shah Alam,0,3.0,101.39,3.0733,101.5185,15,0,0.3942
2026-08-24T16:00:00,Port Klang - KL Distribution,Port Klang - KL Distribution :: Port Klang->Shah Alam,0,3.0,101.39,3.0733,101.5185,16,0,0.6061
2026-08-24T17:00:00,Port Klang - KL Distribution,Port Klang - KL Distribution :: Port Klang->Shah Alam,0,3.0,101.39,3.0733,101.5185,17,0,0.9201
2026-08-24T18:00:00,Port Klang - KL Distribution,Port Klang - KL Distribution :: Port Klang->Shah Alam,0,3.0,101.39,3.0733,101.5185,18,0,1.0
2026-08-24T19:00:00,Port Klang - KL Distribution,Port Klang - KL Distribution :: Port Klang->Shah Alam,0,3.0,101.39,3.0733,101.5185,19,0,0.89
2026-08-24T20:00:00,Port Klang - KL Distribution,Port Klang - KL Distribution :: Port Klang->Shah Alam,0,3.0,101.39,3.0733,101.5185,20,0,0.5521
2026-08-24T21:00:00,Port Klang - KL Distribution,Port Klang - KL Distribution :: Port Klang->Shah Alam,0,3.0,101.39,3.0733,101.5185,21,0,0.4148
2026-08-24T22:00:00,Port Klang - KL Distribution,Port Klang - KL Distribution :: Port Klang->Shah Alam,0,3.0,101.39,3.0733,101.5185,22,0,0.406
2026-08-24T23:00:00,Port Klang - KL Distribution,Port Klang - KL Distribution :: Port Klang->Shah Alam,0,3.0,101.39,3.0733,101.5185,23,0,0.3483
2026-08-25T00:00:00,Port Klang - KL Distribution,Port Klang - KL Distribution :: Port Klang->Shah Alam,0,3.0,101.39,3.0733,101.5185,0,1,0.3581
2026-08-25T01:00:00,Port Klang - KL Distribution,Port Klang - KL Distribution :: Port Klang->Shah Alam,0,3.0,101.39,3.0733,101.5185,1,1,0.2318
2026-08-25T02:00:00,Port Klang - KL Distribution,Port Klang - KL Distribution :: Port Klang->Shah Alam,0,3.0,101.39,3.0733,101.5185,2,1,0.2032
2026-08-25T03:00:00,Port Klang - KL Distribution,Port Klang - KL Distribution :: Port Klang->Shah Alam,0,3.0,101.39,3.0733,101.5185,3,1,0.2563
2026-08-25T04:00:00,Port Klang - KL Distribution,Port Klang - KL Distribution :: Port Klang->Shah Alam,0,3.0,101.39,3.0733,101.5185,4,1,0.2782
2026-08-25T05:00:00,Port Klang - KL Distribution,Port Klang - KL Distribution :: Port Klang->Shah Alam,0,3.0,101.39,3.0733,101.5185,5,1,0.3993
2026-08-25T06:00:00,Port Klang - KL Distribution,Port Klang - KL Distribution :: Port Klang->Shah Alam,0,3.0,101.39,3.0733,101.5185,6,1,0.4093
2026-08-25T07:00:00,Port Klang - KL Distribution,Port Klang - KL Distribution :: Port Klang->Shah Alam,0,3.0,101.39,3.0733,101.5185,7,1,0.88
2026-08-25T08:00:00,Port Klang - KL Distribution,Port Klang - KL Distribution :: Port Klang->Shah Alam,0,3.0,101.39,3.0733,101.5185,8,1,0.928
2026-08-25T09:00:00,Port Klang - KL Distribution,Port Klang - KL Distribution :: Port Klang->Shah Alam,0,3.0,101.39,3.0733,101.5185,9,1,0.7626
2026-08-25T10:00:00,Port Klang - KL Distribution,Port Klang - KL Distribution :: Port Klang->Shah Alam,0,3.0,101.39,3.0733,101.5185,10,1,0.4501
2026-08-25T11:00:00,Port Klang - KL Distribution,Port Klang - KL Distribution :: Port Klang->Shah Alam,0,3.0,101.39,3.0733,101.5185,11,1,0.2344
2026-08-25T12:00:00,Port Klang - KL Distribution,Port Klang - KL Distribution :: Port Klang->Shah Alam,0,3.0,101.39,3.0733,101.5185,12,1,0.3248
2026-08-25T13:00:00,Port Klang - KL Distribution,Port Klang - KL Distribution :: Port Klang->Shah Alam,0,3.0,101.39,3.0733,101.5185,13,1,0.2733
2026-08-25T14:00:00,Port Klang - KL Distribution,Port Klang - KL Distribution :: Port Klang->Shah Alam,0,3.0,101.39,3.0733,101.5185,14,1,0.2158
2026-08-25T15:00:00,Port Klang - KL Distribution,Port Klang - KL Distribution :: Port Klang->Shah Alam,0,3.0,101.39,3.0733,101.5185,15,1,0.3088
2026-08-25T16:00:00,Port Klang - KL Distribution,Port Klang - KL Distribution :: Port Klang->Shah Alam,0,3.0,101.39,3.0733,101.5185,16,1,0.5793
2026-08-25T17:00:00,Port Klang - KL Distribution,Port Klang - KL Distribution :: Port Klang->Shah Alam,0,3.0,101.39,3.0733,101.5185,17,1,0.9767
2026-08-25T18:00:00,Port Klang - KL Distribution,Port Klang - KL Distribution :: Port Klang->Shah Alam,0,3.0,101.39,3.0733,101.5185,18,1,0.9844
2026-08-25T19:00:00,Port Klang - KL Distribution,Port Klang - KL Distribution :: Port Klang->Shah Alam,0,3.0,101.39,3.0733,101.5185,19,1,0.7864
2026-08-25T20:00:00,Port Klang - KL Distribution,Port Klang - KL Distribution :: Port Klang->Shah Alam,0,3.0,101.39,3.0733,101.5185,20,1,0.5848
2026-08-25T21:00:00,Port Klang - KL Distribution,Port Klang - KL Distribution :: Port Klang->Shah Alam,0,3.0,101.39,3.0733,101.5185,21,1,0.3701
2026-08-25T22:00:00,Port Klang - KL Distribution,Port Klang - KL Distribution :: Port Klang->Shah Alam,0,3.0,101.39,3.0733,101.5185,22,1,0.1313
2026-08-25T23:00:00,Port Klang - KL Distribution,Port Klang - KL Distribution :: Port Klang->Shah Alam,0,3.0,101.39,3.0733,101.5185,23,1,0.2643
2026-08-26T00:00:00,Port Klang - KL Distribution,Port Klang - KL Distribution :: Port Klang->Shah Alam,0,3.0,101.39,3.0733,101.5185,0,2,0.2486
2026-08-26T01:00:00,Port Klang - KL Distribution,Port Klang - KL Distribution :: Port Klang->Shah Alam,0,3.0,101.39,3.0733,101.5185,1,2,0.3043
2026-08-26T02:00:00,Port Klang - KL Distribution,Port Klang - KL Distribution :: Port Klang->Shah Alam,0,3.0,101.39,3.0733,101.5185,2,2,0.3735
2026-08-26T03:00:00,Port Klang - KL Distribution,Port Klang - KL Distribution :: Port Klang->Shah Alam,0,3.0,101.39,3.0733,101.5185,3,2,0.3314
2026-08-26T04:00:00,Port Klang - KL Distribution,Port Klang - KL Distribution :: Port Klang->Shah Alam,0,3.0,101.39,3.0733,101.5185,4,2,0.2587
2026-08-26T05:00:00,Port Klang - KL Distribution,Port Klang - KL Distribution :: Port Klang->Shah Alam,0,3.0,101.39,3.0733,101.5185,5,2,0.2673
2026-08-26T06:00:00,Port Klang - KL Distribution,Port Klang - KL Distribution :: Port Klang->Shah Alam,0,3.0,101.39,3.0733,101.5185,6,2,0.6652
2026-08-26T07:00:00,Port Klang - KL Distribution,Port Klang - KL Distribution :: Port Klang->Shah Alam,0,3.0,101.39,3.0733,101.5185,7,2,0.7917
2026-08-26T08:00:00,Port Klang - KL Distribution,Port Klang - KL Distribution :: Port Klang->Shah Alam,0,3.0,101.39,3.0733,101.5185,8,2,0.9383
2026-08-26T09:00:00,Port Klang - KL Distribution,Port Klang - KL Distribution :: Port Klang->Shah Alam,0,3.0,101.39,3.0733,101.5185,9,2,0.7867
2026-08-26T10:00:00,Port Klang - KL Distribution,Port Klang - KL Distribution :: Port Klang->Shah Alam,0,3.0,101.39,3.0733,101.5185,10,2,0.5227
2026-08-26T11:00:00,Port Klang - KL Distribution,Port Klang - KL Distribution :: Port Klang->Shah Alam,0,3.0,101.39,3.0733,101.5185,11,2,0.325
2026-08-26T12:00:00,Port Klang - KL Distribution,Port Klang - KL Distribution :: Port Klang->Shah Alam,0,3.0,101.39,3.0733,101.5185,12,2,0.241
2026-08-26T13:00:00,Port Klang - KL Distribution,Port Klang - KL Distribution :: Port Klang->Shah Alam,0,3.0,101.39,3.0733,101.5185,13,2,0.236
2026-08-26T14:00:00,Port Klang - KL Distribution,Port Klang - KL Distribution :: Port Klang->Shah Alam,0,3.0,101.39,3.0733,101.5185,14,2,0.2912
2026-08-26T15:00:00,Port Klang - KL Distribution,Port Klang - KL Distribution :: Port Klang->Shah Alam,0,3.0,101.39,3.0733,101.5185,15,2,0.3539
2026-08-26T16:00:00,Port Klang - KL Distribution,Port Klang - KL Distribution :: Port Klang->Shah Alam,0,3.0,101.39,3.0733,101.5185,16,2,0.5567
2026-08-26T17:00:00,Port Klang - KL Distribution,Port Klang - KL Distribution :: Port Klang->Shah Alam,0,3.0,101.39,3.0733,101.5185,17,2,0.8829
2026-08-26T18:00:00,Port Klang - KL Distribution,Port Klang - KL Distribution :: Port Klang->Shah Alam,0,3.0,101.39,3.0733,101.5185,18,2,0.9847
2026-08-26T19:00:00,Port Klang - KL Distribution,Port Klang - KL Distribution :: Port Klang->Shah Alam,0,3.0,101.39,3.0733,101.5185,19,2,0.9668
2026-08-26T20:00:00,Port Klang - KL Distribution,Port Klang - KL Distribution :: Port Klang->Shah Alam,0,3.0,101.39,3.0733,101.5185,20,2,0.4404
2026-08-26T21:00:00,Port Klang - KL Distribution,Port Klang - KL Distribution :: Port Klang->Shah Alam,0,3.0,101.39,3.0733,101.5185,21,2,0.452
2026-08-26T22:00:00,Port Klang - KL Distribution,Port Klang - KL Distribution :: Port Klang->Shah Alam,0,3.0,101.39,3.0733,101.5185,22,2,0.3678
2026-08-26T23:00:00,Port Klang - KL Distribution,Port Klang - KL Distribution :: Port Klang->Shah Alam,0,3.0,101.39,3.0733,101.5185,23,2,0.1432
2026-08-27T00:00:00,Port Klang - KL Distribution,Port Klang - KL Distribution :: Port Klang->Shah Alam,0,3.0,101.39,3.0733,101.5185,0,3,0.2419
2026-08-27T01:00:00,Port Klang - KL Distribution,Port Klang - KL Distribution :: Port Klang->Shah Alam,0,3.0,101.39,3.0733,101.5185,1,3,0.2402
2026-08-27T02:00:00,Port Klang - KL Distribution,Port Klang - KL Distribution :: Port Klang->Shah Alam,0,3.0,101.39,3.0733,101.5185,2,3,0.1781
2026-08-27T03:00:00,Port Klang - KL Distribution,Port Klang - KL Distribution :: Port Klang->Shah Alam,0,3.0,101.39,3.0733,101.5185,3,3,0.2171
2026-08-27T04:00:00,Port Klang - KL Distribution,Port Klang - KL Distribution :: Port Klang->Shah Alam,0,3.0,101.39,3.0733,101.5185,4,3,0.2082
2026-08-27T05:00:00,Port Klang - KL Distribution,Port Klang - KL Distribution :: Port Klang->Shah Alam,0,3.0,101.39,3.0733,101.5185,5,3,0.4388
2026-08-27T06:00:00,Port Klang - KL Distribution,Port Klang - KL Distribution :: Port Klang->Shah Alam,0,3.0,101.39,3.0733,101.5185,6,3,0.567
2026-08-27T07:00:00,Port Klang - KL Distribution,Port Klang - KL Distribution :: Port Klang->Shah Alam,0,3.0,101.39,3.0733,101.5185,7,3,0.8645
2026-08-27T08:00:00,Port Klang - KL Distribution,Port Klang - KL Distribution :: Port Klang->Shah Alam,0,3.0,101.39,3.0733,101.5185,8,3,0.9808
2026-08-27T09:00:00,Port Klang - KL Distribution,Port Klang - KL Distribution :: Port Klang->Shah Alam,0,3.0,101.39,3.0733,101.5185,9,3,0.7204
2026-08-27T10:00:00,Port Klang - KL Distribution,Port Klang - KL Distribution :: Port Klang->Shah Alam,0,3.0,101.39,3.0733,101.5185,10,3,0.4793
2026-08-27T11:00:00,Port Klang - KL Distribution,Port Klang - KL Distribution :: Port Klang->Shah Alam,0,3.0,101.39,3.0733,101.5185,11,3,0.363
2026-08-27T12:00:00,Port Klang - KL Distribution,Port Klang - KL Distribution :: Port Klang->Shah Alam,0,3.0,101.39,3.0733,101.5185,12,3,0.2021
2026-08-27T13:00:00,Port Klang - KL Distribution,Port Klang - KL Distribution :: Port Klang->Shah Alam,0,3.0,101.39,3.0733,101.5185,13,3,0.3116
2026-08-27T14:00:00,Port Klang - KL Distribution,Port Klang - KL Distribution :: Port Klang->Shah Alam,0,3.0,101.39,3.0733,101.5185,14,3,0.2787
2026-08-27T15:00:00,Port Klang - KL Distribution,Port Klang - KL Distribution :: Port Klang->Shah Alam,0,3.0,101.39,3.0733,101.5185,15,3,0.364
2026-08-27T16:00:00,Port Klang - KL Distribution,Port Klang - KL Distribution :: Port Klang->Shah Alam,0,3.0,101.39,3.0733,101.5185,16,3,0.6422
2026-08-27T17:00:00,Port Klang - KL Distribution,Port Klang - KL Distribution :: Port Klang->Shah Alam,0,3.0,101.39,3.0733,101.5185,17,3,0.9032
2026-08-27T18:00:00,Port Klang - KL Distribution,Port Klang - KL Distribution :: Port Klang->Shah Alam,0,3.0,101.39,3.0733,101.5185,18,3,0.9783
2026-08-27T19:00:00,Port Klang - KL Distribution,Port Klang - KL Distribution :: Port Klang->Shah Alam,0,3.0,101.39,3.0733,101.5185,19,3,0.9461
2026-08-27T20:00:00,Port Klang - KL Distribution,Port Klang - KL Distribution :: Port Klang->Shah Alam,0,3.0,101.39,3.0733,101.5185,20,3,0.5346
2026-08-27T21:00:00,Port Klang - KL Distribution,Port Klang - KL Distribution :: Port Klang->Shah Alam,0,3.0,101.39,3.0733,101.5185,21,3,0.4234
2026-08-27T22:00:00,Port Klang - KL Distribution,Port Klang - KL Distribution :: Port Klang->Shah Alam,0,3.0,101.39,3.0733,101.5185,22,3,0.3287
2026-08-27T23:00:00,Port Klang - KL Distribution,Port Klang - KL Distribution :: Port Klang->Shah Alam,0,3.0,101.39,3.0733,101.5185,23,3,0.249
2026-08-28T00:00:00,Port Klang - KL Distribution,Port Klang - KL Distribution :: Port Klang->Shah Alam,0,3.0,101.39,3.0733,101.5185,0,4,0.2821
2026-08-28T01:00:00,Port Klang - KL Distribution,Port Klang - KL Distribution :: Port Klang->Shah Alam,0,3.0,101.39,3.0733,101.5185,1,4,0.1874
2026-08-28T02:00:00,Port Klang - KL Distribution,Port Klang - KL Distribution :: Port Klang->Shah Alam,0,3.0,101.39,3.0733,101.5185,2,4,0.318
2026-08-28T03:00:00,Port Klang - KL Distribution,Port Klang - KL Distribution :: Port Klang->Shah Alam,0,3.0,101.39,3.0733,101.5185,3,4,0.2527
2026-08-28T04:00:00,Port Klang - KL Distribution,Port Klang - KL Distribution :: Port Klang->Shah Alam,0,3.0,101.39,3.0733,101.5185,4,4,0.2435
2026-08-28T05:00:00,Port Klang - KL Distribution,Port Klang - KL Distribution :: Port Klang->Shah Alam,0,3.0,101.39,3.0733,101.5185,5,4,0.3966
2026-08-28T06:00:00,Port Klang - KL Distribution,Port Klang - KL Distribution :: Port Klang->Shah Alam,0,3.0,101.39,3.0733,101.5185,6,4,0.4686
2026-08-28T07:00:00,Port Klang - KL Distribution,Port Klang - KL Distribution :: Port Klang->Shah Alam,0,3.0,101.39,3.0733,101.5185,7,4,0.7037
2026-08-28T08:00:00,Port Klang - KL Distribution,Port Klang - KL Distribution :: Port Klang->Shah Alam,0,3.0,101.39,3.0733,101.5185,8,4,0.8441
2026-08-28T09:00:00,Port Klang - KL Distribution,Port Klang - KL Distribution :: Port Klang->Shah Alam,0,3.0,101.39,3.0733,101.5185,9,4,0.8246
2026-08-28T10:00:00,Port Klang - KL Distribution,Port Klang - KL Distribution :: Port Klang->Shah Alam,0,3.0,101.39,3.0733,101.5185,10,4,0.434
2026-08-28T11:00:00,Port Klang - KL Distribution,Port Klang - KL Distribution :: Port Klang->Shah Alam,0,3.0,101.39,3.0733,101.5185,11,4,0.439
2026-08-28T12:00:00,Port Klang - KL Distribution,Port Klang - KL Distribution :: Port Klang->Shah Alam,0,3.0,101.39,3.0733,101.5185,12,4,0.1505
2026-08-28T13:00:00,Port Klang - KL Distribution,Port Klang - KL Distribution :: Port Klang->Shah Alam,0,3.0,101.39,3.0733,101.5185,13,4,0.3706
2026-08-28T14:00:00,Port Klang - KL Distribution,Port Klang - KL Distribution :: Port Klang->Shah Alam,0,3.0,101.39,3.0733,101.5185,14,4,0.3058
2026-08-28T15:00:00,Port Klang - KL Distribution,Port Klang - KL Distribution :: Port Klang->Shah Alam,0,3.0,101.39,3.0733,101.5185,15,4,0.3807
2026-08-28T16:00:00,Port Klang - KL Distribution,Port Klang - KL Distribution :: Port Klang->Shah Alam,0,3.0,101.39,3.0733,101.5185,16,4,0.5668
2026-08-28T17:00:00,Port Klang - KL Distribution,Port Klang - KL Distribution :: Port Klang->Shah Alam,0,3.0,101.39,3.0733,101.5185,17,4,0.9005
2026-08-28T18:00:00,Port Klang - KL Distribution,Port Klang - KL Distribution :: Port Klang->Shah Alam,0,3.0,101.39,3.0733,101.5185,18,4,0.9977
2026-08-28T19:00:00,Port Klang - KL Distribution,Port Klang - KL Distribution :: Port Klang->Shah Alam,0,3.0,101.39,3.0733,101.5185,19,4,0.9427
2026-08-28T20:00:00,Port Klang - KL Distribution,Port Klang - KL Distribution :: Port Klang->Shah Alam,0,3.0,101.39,3.0733,101.5185,20,4,0.6064
2026-08-28T21:00:00,Port Klang - KL Distribution,Port Klang - KL Distribution :: Port Klang->Shah Alam,0,3.0,101.39,3.0733,101.5185,21,4,0.3955
2026-08-28T22:00:00,Port Klang - KL Distribution,Port Klang - KL Distribution :: Port Klang->Shah Alam,0,3.0,101.39,3.0733,101.5185,22,4,0.2713
2026-08-28T23:00:00,Port Klang - KL Distribution,Port Klang - KL Distribution :: Port Klang->Shah Alam,0,3.0,101.39,3.0733,101.5185,23,4,0.2641
2026-07-30T00:00:00,Port Klang - KL Distribution,Port Klang - KL Distribution :: Shah Alam->Petaling Jaya,1,3.0733,101.5185,3.1073,101.6067,0,3,0.281
2026-07-30T01:00:00,Port Klang - KL Distribution,Port Klang - KL Distribution :: Shah Alam->Petaling Jaya,1,3.0733,101.5185,3.1073,101.6067,1,3,0.1599
2026-07-30T02:00:00,Port Klang - KL Distribution,Port Klang - KL Distribution :: Shah Alam->Petaling Jaya,1,3.0733,101.5185,3.1073,101.6067,2,3,0.1817
2026-07-30T03:00:00,Port Klang - KL Distribution,Port Klang - KL Distribution :: Shah Alam->Petaling Jaya,1,3.0733,101.5185,3.1073,101.6067,3,3,0.3084
2026-07-30T04:00:00,Port Klang - KL Distribution,Port Klang - KL Distribution :: Shah Alam->Petaling Jaya,1,3.0733,101.5185,3.1073,101.6067,4,3,0.2851
2026-07-30T05:00:00,Port Klang - KL Distribution,Port Klang - KL Distribution :: Shah Alam->Petaling Jaya,1,3.0733,101.5185,3.1073,101.6067,5,3,0.3226
2026-07-30T06:00:00,Port Klang - KL Distribution,Port Klang - KL Distribution :: Shah Alam->Petaling Jaya,1,3.0733,101.5185,3.1073,101.6067,6,3,0.5119
2026-07-30T07:00:00,Port Klang - KL Distribution,Port Klang - KL Distribution :: Shah Alam->Petaling Jaya,1,3.0733,101.5185,3.1073,101.6067,7,3,0.809
2026-07-30T08:00:00,Port Klang - KL Distribution,Port Klang - KL Distribution :: Shah Alam->Petaling Jaya,1,3.0733,101.5185,3.1073,101.6067,8,3,0.9051
2026-07-30T09:00:00,Port Klang - KL Distribution,Port Klang - KL Distribution :: Shah Alam->Petaling Jaya,1,3.0733,101.5185,3.1073,101.6067,9,3,0.7415
2026-07-30T10:00:00,Port Klang - KL Distribution,Port Klang - KL Distribution :: Shah Alam->Petaling Jaya,1,3.0733,101.5185,3.1073,101.6067,10,3,0.5226
2026-07-30T11:00:00,Port Klang - KL Distribution,Port Klang - KL Distribution :: Shah Alam->Petaling Jaya,1,3.0733,101.5185,3.1073,101.6067,11,3,0.275
2026-07-30T12:00:00,Port Klang - KL Distribution,Port Klang - KL Distribution :: Shah Alam->Petaling Jaya,1,3.0733,101.5185,3.1073,101.6067,12,3,0.2999
2026-07-30T13:00:00,Port Klang - KL Distribution,Port Klang - KL Distribution :: Shah Alam->Petaling Jaya,1,3.0733,101.5185,3.1073,101.6067,13,3,0.1667
2026-07-30T14:00:00,Port Klang - KL Distribution,Port Klang - KL Distribution :: Shah Alam->Petaling Jaya,1,3.0733,101.5185,3.1073,101.6067,14,3,0.3549
2026-07-30T15:00:00,Port Klang - KL Distribution,Port Klang - KL Distribution :: Shah Alam->Petaling Jaya,1,3.0733,101.5185,3.1073,101.6067,15,3,0.4148
2026-07-30T16:00:00,Port Klang - KL Distribution,Port Klang - KL Distribution :: Shah Alam->Petaling Jaya,1,3.0733,101.5185,3.1073,101.6067,16,3,0.6149
2026-07-30T17:00:00,Port Klang - KL Distribution,Port Klang - KL Distribution :: Shah Alam->Petaling Jaya,1,3.0733,101.5185,3.1073,101.6067,17,3,0.9355
2026-07-30T18:00:00,Port Klang - KL Distribution,Port Klang - KL Distribution :: Shah Alam->Petaling Jaya,1,3.0733,101.5185,3.1073,101.6067,18,3,1.0
2026-07-30T19:00:00,Port Klang - KL Distribution,Port Klang - KL Distribution :: Shah Alam->Petaling Jaya,1,3.0733,101.5185,3.1073,101.6067,19,3,0.9374
2026-07-30T20:00:00,Port Klang - KL Distribution,Port Klang - KL Distribution :: Shah Alam->Petaling Jaya,1,3.0733,101.5185,3.1073,101.6067,20,3,0.489
2026-07-30T21:00:00,Port Klang - KL Distribution,Port Klang - KL Distribution :: Shah Alam->Petaling Jaya,1,3.0733,101.5185,3.1073,101.6067,21,3,0.3097
2026-07-30T22:00:00,Port Klang - KL Distribution,Port Klang - KL Distribution :: Shah Alam->Petaling Jaya,1,3.0733,101.5185,3.1073,101.6067,22,3,0.2556
2026-07-30T23:00:00,Port Klang - KL Distribution,Port Klang - KL Distribution :: Shah Alam->Petaling Jaya,1,3.0733,101.5185,3.1073,101.6067,23,3,0.2691
2026-07-31T00:00:00,Port Klang - KL Distribution,Port Klang - KL Distribution :: Shah Alam->Petaling Jaya,1,3.0733,101.5185,3.1073,101.6067,0,4,0.2936
2026-07-31T01:00:00,Port Klang - KL Distribution,Port Klang - KL Distribution :: Shah Alam->Petaling Jaya,1,3.0733,101.5185,3.1073,101.6067,1,4,0.219
2026-07-31T02:00:00,Port Klang - KL Distribution,Port Klang - KL Distribution :: Shah Alam->Petaling Jaya,1,3.0733,101.5185,3.1073,101.6067,2,4,0.2738
2026-07-31T03:00:00,Port Klang - KL Distribution,Port Klang - KL Distribution :: Shah Alam->Petaling Jaya,1,3.0733,101.5185,3.1073,101.6067,3,4,0.2185
2026-07-31T04:00:00,Port Klang - KL Distribution,Port Klang - KL Distribution :: Shah Alam->Petaling Jaya,1,3.0733,101.5185,3.1073,101.6067,4,4,0.2382
2026-07-31T05:00:00,Port Klang - KL Distribution,Port Klang - KL Distribution :: Shah Alam->Petaling Jaya,1,3.0733,101.5185,3.1073,101.6067,5,4,0.2492
2026-07-31T06:00:00,Port Klang - KL Distribution,Port Klang - KL Distribution :: Shah Alam->Petaling Jaya,1,3.0733,101.5185,3.1073,101.6067,6,4,0.4554
2026-07-31T07:00:00,Port Klang - KL Distribution,Port Klang - KL Distribution :: Shah Alam->Petaling Jaya,1,3.0733,101.5185,3.1073,101.6067,7,4,0.7071
2026-07-31T08:00:00,Port Klang - KL Distribution,Port Klang - KL Distribution :: Shah Alam->Petaling Jaya,1,3.0733,101.5185,3.1073,101.6067,8,4,0.8789
2026-07-31T09:00:00,Port Klang - KL Distribution,Port Klang - KL Distribution :: Shah Alam->Petaling Jaya,1,3.0733,101.5185,3.1073,101.6067,9,4,0.8514
2026-07-31T10:00:00,Port Klang - KL Distribution,Port Klang - KL Distribution :: Shah Alam->Petaling Jaya,1,3.0733,101.5185,3.1073,101.6067,10,4,0.4539
2026-07-31T11:00:00,Port Klang - KL Distribution,Port Klang - KL Distribution :: Shah Alam->Petaling Jaya,1,3.0733,101.5185,3.1073,101.6067,11,4,0.4916
2026-07-31T12:00:00,Port Klang - KL Distribution,Port Klang - KL Distribution :: Shah Alam->Petaling Jaya,1,3.0733,101.5185,3.1073,101.6067,12,4,0.305
2026-07-31T13:00:00,Port Klang - KL Distribution,Port Klang - KL Distribution :: Shah Alam->Petaling Jaya,1,3.0733,101.5185,3.1073,101.6067,13,4,0.2799
2026-07-31T14:00:00,Port Klang - KL Distribution,Port Klang - KL Distribution :: Shah Alam->Petaling Jaya,1,3.0733,101.5185,3.1073,101.6067,14,4,0.2417
2026-07-31T15:00:00,Port Klang - KL Distribution,Port Klang - KL Distribution :: Shah Alam->Petaling Jaya,1,3.0733,101.5185,3.1073,101.6067,15,4,0.4285
2026-07-31T16:00:00,Port Klang - KL Distribution,Port Klang - KL Distribution :: Shah Alam->Petaling Jaya,1,3.0733,101.5185,3.1073,101.6067,16,4,0.565
2026-07-31T17:00:00,Port Klang - KL Distribution,Port Klang - KL Distribution :: Shah Alam->Petaling Jaya,1,3.0733,101.5185,3.1073,101.6067,17,4,0.8839
2026-07-31T18:00:00,Port Klang - KL Distribution,Port Klang - KL Distribution :: Shah Alam->Petaling Jaya,1,3.0733,101.5185,3.1073,101.6067,18,4,1.0
2026-07-31T19:00:00,Port Klang - KL Distribution,Port Klang - KL Distribution :: Shah Alam->Petaling Jaya,1,3.0733,101.5185,3.1073,101.6067,19,4,0.8708
2026-07-31T20:00:00,Port Klang - KL Distribution,Port Klang - KL Distribution :: Shah Alam->Petaling Jaya,1,3.0733,101.5185,3.1073,101.6067,20,4,0.6685
2026-07-31T21:00:00,Port Klang - KL Distribution,Port Klang - KL Distribution :: Shah Alam->Petaling Jaya,1,3.0733,101.5185,3.1073,101.6067,21,4,0.3443
2026-07-31T22:00:00,Port Klang - KL Distribution,Port Klang - KL Distribution :: Shah Alam->Petaling Jaya,1,3.0733,101.5185,3.1073,101.6067,22,4,0.291
2026-07-31T23:00:00,Port Klang - KL Distribution,Port Klang - KL Distribution :: Shah Alam->Petaling Jaya,1,3.0733,101.5185,3.1073,101.6067,23,4,0.3738
2026-08-01T00:00:00,Port Klang - KL Distribution,Port Klang - KL Distribution :: Shah Alam->Petaling Jaya,1,3.0733,101.5185,3.1073,101.6067,0,5,0.2249
2026-08-01T01:00:00,Port Klang - KL Distribution,Port Klang - KL Distribution :: Shah Alam->Petaling Jaya,1,3.0733,101.5185,3.1073,101.6067,1,5,0.3713
2026-08-01T02:00:00,Port Klang - KL Distribution,Port Klang - KL Distribution :: Shah Alam->Petaling Jaya,1,3.0733,101.5185,3.1073,101.6067,2,5,0.305
2026-08-01T03:00:00,Port Klang - KL Distribution,Port Klang - KL Distribution :: Shah Alam->Petaling Jaya,1,3.0733,101.5185,3.1073,101.6067,3,5,0.2301
2026-08-01T04:00:00,Port Klang - KL Distribution,Port Klang - KL Distribution :: Shah Alam->Petaling Jaya,1,3.0733,101.5185,3.1073,101.6067,4,5,0.3128
2026-08-01T05:00:00,Port Klang - KL Distribution,Port Klang - KL Distribution :: Shah Alam->Petaling Jaya,1,3.0733,101.5185,3.1073,101.6067,5,5,0.392
2026-08-01T06:00:00,Port Klang - KL Distribution,Port Klang - KL Distribution :: Shah Alam->Petaling Jaya,1,3.0733,101.5185,3.1073,101.6067,6,5,0.5481
2026-08-01T07:00:00,Port Klang - KL Distribution,Port Klang - KL Distribution :: Shah Alam->Petaling Jaya,1,3.0733,101.5185,3.1073,101.6067,7,5,0.694
2026-08-01T08:00:00,Port Klang - KL Distribution,Port Klang - KL Distribution :: Shah Alam->Petaling Jaya,1,3.0733,101.5185,3.1073,101.6067,8,5,0.8939
2026-08-01T09:00:00,Port Klang - KL Distribution,Port Klang - KL Distribution :: Shah Alam->Petaling Jaya,1,3.0733,101.5185,3.1073,101.6067,9,5,0.7733
2026-08-01T10:00:00,Port Klang - KL Distribution,Port Klang - KL Distribution :: Shah Alam->Petaling Jaya,1,3.0733,101.5185,3.1073,101.6067,10,5,0.5064
2026-08-01T11:00:00,Port Klang - KL Distribution,Port Klang - KL Distribution :: Shah Alam->Petaling Jaya,1,3.0733,101.5185,3.1073,101.6067,11,5,0.3709
2026-08-01T12:00:00,Port Klang - KL Distribution,Port Klang - KL Distribution :: Shah Alam->Petaling Jaya,1,3.0733,101.5185,3.1073,101.6067,12,5,0.2861
2026-08-01T13:00:00,Port Klang - KL Distribution,Port Klang - KL Distribution :: Shah Alam->Petaling Jaya,1,3.0733,101.5185,3.1073,101.6067,13,5,0.1887
2026-08-01T14:00:00,Port Klang - KL Distribution,Port Klang - KL Distribution :: Shah Alam->Petaling Jaya,1,3.0733,101.5185,3.1073,101.6067,14,5,0.316
2026-08-01T15:00:00,Port Klang - KL Distribution,Port Klang - KL Distribution :: Shah Alam->Petaling Jaya,1,3.0733,101.5185,3.1073,101.6067,15,5,0.4231
2026-08-01T16:00:00,Port Klang - KL Distribution,Port Klang - KL Distribution :: Shah Alam->Petaling Jaya,1,3.0733,101.5185,3.1073,101.6067,16,5,0.6331
2026-08-01T17:00:00,Port Klang - KL Distribution,Port Klang - KL Distribution :: Shah Alam->Petaling Jaya,1,3.0733,101.5185,3.1073,101.6067,17,5,0.9414
2026-08-01T18:00:00,Port Klang - KL Distribution,Port Klang - KL Distribution :: Shah Alam->Petaling Jaya,1,3.0733,101.5185,3.1073,101.6067,18,5,1.0
2026-08-01T19:00:00,Port Klang - KL Distribution,Port Klang - KL Distribution :: Shah Alam->Petaling Jaya,1,3.0733,101.5185,3.1073,101.6067,19,5,0.9041
2026-08-01T20:00:00,Port Klang - KL Distribution,Port Klang - KL Distribution :: Shah Alam->Petaling Jaya,1,3.0733,101.5185,3.1073,101.6067,20,5,0.5953
2026-08-01T21:00:00,Port Klang - KL Distribution,Port Klang - KL Distribution :: Shah Alam->Petaling Jaya,1,3.0733,101.5185,3.1073,101.6067,21,5,0.2868
2026-08-01T22:00:00,Port Klang - KL Distribution,Port Klang - KL Distribution :: Shah Alam->Petaling Jaya,1,3.0733,101.5185,3.1073,101.6067,22,5,0.3188
2026-08-01T23:00:00,Port Klang - KL Distribution,Port Klang - KL Distribution :: Shah Alam->Petaling Jaya,1,3.0733,101.5185,3.1073,101.6067,23,5,0.28
2026-08-02T00:00:00,Port Klang - KL Distribution,Port Klang - KL Distribution :: Shah Alam->Petaling Jaya,1,3.0733,101.5185,3.1073,101.6067,0,6,0.2788
2026-08-02T01:00:00,Port Klang - KL Distribution,Port Klang - KL Distribution :: Shah Alam->Petaling Jaya,1,3.0733,101.5185,3.1073,101.6067,1,6,0.1859
2026-08-02T02:00:00,Port Klang - KL Distribution,Port Klang - KL Distribution :: Shah Alam->Petaling Jaya,1,3.0733,101.5185,3.1073,101.6067,2,6,0.1977
2026-08-02T03:00:00,Port Klang - KL Distribution,Port Klang - KL Distribution :: Shah Alam->Petaling Jaya,1,3.0733,101.5185,3.1073,101.6067,3,6,0.327
2026-08-02T04:00:00,Port Klang - KL Distribution,Port Klang - KL Distribution :: Shah Alam->Petaling Jaya,1,3.0733,101.5185,3.1073,101.6067,4,6,0.2725
2026-08-02T05:00:00,Port Klang - KL Distribution,Port Klang - KL Distribution :: Shah Alam->Petaling Jaya,1,3.0733,101.5185,3.1073,101.6067,5,6,0.3745
2026-08-02T06:00:00,Port Klang - KL Distribution,Port Klang - KL Distribution :: Shah Alam->Petaling Jaya,1,3.0733,101.5185,3.1073,101.6067,6,6,0.5125
2026-08-02T07:00:00,Port Klang - KL Distribution,Port Klang - KL Distribution :: Shah Alam->Petaling Jaya,1,3.0733,101.5185,3.1073,101.6067,7,6,0.79
2026-08-02T08:00:00,Port Klang - KL Distribution,Port Klang - KL Distribution :: Shah Alam->Petaling Jaya,1,3.0733,101.5185,3.1073,101.6067,8,6,0.9938
2026-08-02T09:00:00,Port Klang - KL Distribution,Port Klang - KL Distribution :: Shah Alam->Petaling Jaya,1,3.0733,101.5185,3.1073,101.6067,9,6,0.7572
2026-08-02T10:00:00,Port Klang - KL Distribution,Port Klang - KL Distribution :: Shah Alam->Petaling Jaya,1,3.0733,101.5185,3.1073,101.6067,10,6,0.5166
2026-08-02T11:00:00,Port Klang - KL Distribution,Port Klang - KL Distribution :: Shah Alam->Petaling Jaya,1,3.0733,101.5185,3.1073,101.6067,11,6,0.3059
2026-08-02T12:00:00,Port Klang - KL Distribution,Port Klang - KL Distribution :: Shah Alam->Petaling Jaya,1,3.0733,101.5185,3.1073,101.6067,12,6,0.2494
2026-08-02T13:00:00,Port Klang - KL Distribution,Port Klang - KL Distribution :: Shah Alam->Petaling Jaya,1,3.0733,101.5185,3.1073,101.6067,13,6,0.2503
2026-08-02T14:00:00,Port Klang - KL Distribution,Port Klang - KL Distribution :: Shah Alam->Petaling Jaya,1,3.0733,101.5185,3.1073,101.6067,14,6,0.3065
2026-08-02T15:00:00,Port Klang - KL Distribution,Port Klang - KL Distribution :: Shah Alam->Petaling Jaya,1,3.0733,101.5185,3.1073,101.6067,15,6,0.3578
2026-08-02T16:00:00,Port Klang - KL Distribution,Port Klang - KL Distribution :: Shah Alam->Petaling Jaya,1,3.0733,101.5185,3.1073,101.6067,16,6,0.6748
2026-08-02T17:00:00,Port Klang - KL Distribution,Port Klang - KL Distribution :: Shah Alam->Petaling Jaya,1,3.0733,101.5185,3.1073,101.6067,17,6,0.8229
2026-08-02T18:00:00,Port Klang - KL Distribution,Port Klang - KL Distribution :: Shah Alam->Petaling Jaya,1,3.0733,101.5185,3.1073,101.6067,18,6,0.9888
2026-08-02T19:00:00,Port Klang - KL Distribution,Port Klang - KL Distribution :: Shah Alam->Petaling Jaya,1,3.0733,101.5185,3.1073,101.6067,19,6,0.8502
2026-08-02T20:00:00,Port Klang - KL Distribution,Port Klang - KL Distribution :: Shah Alam->Petaling Jaya,1,3.0733,101.5185,3.1073,101.6067,20,6,0.6863
2026-08-02T21:00:00,Port Klang - KL Distribution,Port Klang - KL Distribution :: Shah Alam->Petaling Jaya,1,3.0733,101.5185,3.1073,101.6067,21,6,0.3983
2026-08-02T22:00:00,Port Klang - KL Distribution,Port Klang - KL Distribution :: Shah Alam->Petaling Jaya,1,3.0733,101.5185,3.1073,101.6067,22,6,0.355
2026-08-02T23:00:00,Port Klang - KL Distribution,Port Klang - KL Distribution :: Shah Alam->Petaling Jaya,1,3.0733,101.5185,3.1073,101.6067,23,6,0.1784
2026-08-03T00:00:00,Port Klang - KL Distribution,Port Klang - KL Distribution :: Shah Alam->Petaling Jaya,1,3.0733,101.5185,3.1073,101.6067,0,0,0.2785
2026-08-03T01:00:00,Port Klang - KL Distribution,Port Klang - KL Distribution :: Shah Alam->Petaling Jaya,1,3.0733,101.5185,3.1073,101.6067,1,0,0.3159
2026-08-03T02:00:00,Port Klang - KL Distribution,Port Klang - KL Distribution :: Shah Alam->Petaling Jaya,1,3.0733,101.5185,3.1073,101.6067,2,0,0.2675
2026-08-03T03:00:00,Port Klang - KL Distribution,Port Klang - KL Distribution :: Shah Alam->Petaling Jaya,1,3.0733,101.5185,3.1073,101.6067,3,0,0.3277
2026-08-03T04:00:00,Port Klang - KL Distribution,Port Klang - KL Distribution :: Shah Alam->Petaling Jaya,1,3.0733,101.5185,3.1073,101.6067,4,0,0.2438
2026-08-03T05:00:00,Port Klang - KL Distribution,Port Klang - KL Distribution :: Shah Alam->Petaling Jaya,1,3.0733,101.5185,3.1073,101.6067,5,0,0.4182
2026-08-03T06:00:00,Port Klang - KL Distribution,Port Klang - KL Distribution :: Shah Alam->Petaling Jaya,1,3.0733,101.5185,3.1073,101.6067,6,0,0.6488
2026-08-03T07:00:00,Port Klang - KL Distribution,Port Klang - KL Distribution :: Shah Alam->Petaling Jaya,1,3.0733,101.5185,3.1073,101.6067,7,0,0.7664
2026-08-03T08:00:00,Port Klang - KL Distribution,Port Klang - KL Distribution :: Shah Alam->Petaling Jaya,1,3.0733,101.5185,3.1073,101.6067,8,0,0.9108
2026-08-03T09:00:00,Port Klang - KL Distribution,Port Klang - KL Distribution :: Shah Alam->Petaling Jaya,1,3.0733,101.5185,3.1073,101.6067,9,0,0.8754
2026-08-03T10:00:00,Port Klang - KL Distribution,Port Klang - KL Distribution :: Shah Alam->Petaling Jaya,1,3.0733,101.5185,3.1073,101.6067,10,0,0.6056
2026-08-03T11:00:00,Port Klang - KL Distribution,Port Klang - KL Distribution :: Shah Alam->Petaling Jaya,1,3.0733,101.5185,3.1073,101.6067,11,0,0.3023
2026-08-03T12:00:00,Port Klang - KL Distribution,Port Klang - KL Distribution :: Shah Alam->Petaling Jaya,1,3.0733,101.5185,3.1073,101.6067,12,0,0.2502
2026-08-03T13:00:00,Port Klang - KL Distribution,Port Klang - KL Distribution :: Shah Alam->Petaling Jaya,1,3.0733,101.5185,3.1073,101.6067,13,0,0.2519
2026-08-03T14:00:00,Port Klang - KL Distribution,Port Klang - KL Distribution :: Shah Alam->Petaling Jaya,1,3.0733,101.5185,3.1073,101.6067,14,0,0.2125
2026-08-03T15:00:00,Port Klang - KL Distribution,Port Klang - KL Distribution :: Shah Alam->Petaling Jaya,1,3.0733,101.5185,3.1073,101.6067,15,0,0.3314
2026-08-03T16:00:00,Port Klang - KL Distribution,Port Klang - KL Distribution :: Shah Alam->Petaling Jaya,1,3.0733,101.5185,3.1073,101.6067,16,0,0.5392
2026-08-03T17:00:00,Port Klang - KL Distribution,Port Klang - KL Distribution :: Shah Alam->Petaling Jaya,1,3.0733,101.5185,3.1073,101.6067,17,0,0.8305
2026-08-03T18:00:00,Port Klang - KL Distribution,Port Klang - KL Distribution :: Shah Alam->Petaling Jaya,1,3.0733,101.5185,3.1073,101.6067,18,0,0.9979
2026-08-03T19:00:00,Port Klang - KL Distribution,Port Klang - KL Distribution :: Shah Alam->Petaling Jaya,1,3.0733,101.5185,3.1073,101.6067,19,0,0.8906
2026-08-03T20:00:00,Port Klang - KL Distribution,Port Klang - KL Distribution :: Shah Alam->Petaling Jaya,1,3.0733,101.5185,3.1073,101.6067,20,0,0.6925
2026-08-03T21:00:00,Port Klang - KL Distribution,Port Klang - KL Distribution :: Shah Alam->Petaling Jaya,1,3.0733,101.5185,3.1073,101.6067,21,0,0.3266
2026-08-03T22:00:00,Port Klang - KL Distribution,Port Klang - KL Distribution :: Shah Alam->Petaling Jaya,1,3.0733,101.5185,3.1073,101.6067,22,0,0.3521
2026-08-03T23:00:00,Port Klang - KL Distribution,Port Klang - KL Distribution :: Shah Alam->Petaling Jaya,1,3.0733,101.5185,3.1073,101.6067,23,0,0.2547
2026-08-04T00:00:00,Port Klang - KL Distribution,Port Klang - KL Distribution :: Shah Alam->Petaling Jaya,1,3.0733,101.5185,3.1073,101.6067,0,1,0.2595
2026-08-04T01:00:00,Port Klang - KL Distribution,Port Klang - KL Distribution :: Shah Alam->Petaling Jaya,1,3.0733,101.5185,3.1073,101.6067,1,1,0.303
2026-08-04T02:00:00,Port Klang - KL Distribution,Port Klang - KL Distribution :: Shah Alam->Petaling Jaya,1,3.0733,101.5185,3.1073,101.6067,2,1,0.1952
2026-08-04T03:00:00,Port Klang - KL Distribution,Port Klang - KL Distribution :: Shah Alam->Petaling Jaya,1,3.0733,101.5185,3.1073,101.6067,3,1,0.2867
2026-08-04T04:00:00,Port Klang - KL Distribution,Port Klang - KL Distribution :: Shah Alam->Petaling Jaya,1,3.0733,101.5185,3.1073,101.6067,4,1,0.2849
2026-08-04T05:00:00,Port Klang - KL Distribution,Port Klang - KL Distribution :: Shah Alam->Petaling Jaya,1,3.0733,101.5185,3.1073,101.6067,5,1,0.3632
2026-08-04T06:00:00,Port Klang - KL Distribution,Port Klang - KL Distribution :: Shah Alam->Petaling Jaya,1,3.0733,101.5185,3.1073,101.6067,6,1,0.5282
2026-08-04T07:00:00,Port Klang - KL Distribution,Port Klang - KL Distribution :: Shah Alam->Petaling Jaya,1,3.0733,101.5185,3.1073,101.6067,7,1,0.9355
2026-08-04T08:00:00,Port Klang - KL Distribution,Port Klang - KL Distribution :: Shah Alam->Petaling Jaya,1,3.0733,101.5185,3.1073,101.6067,8,1,0.8992
2026-08-04T09:00:00,Port Klang - KL Distribution,Port Klang - KL Distribution :: Shah Alam->Petaling Jaya,1,3.0733,101.5185,3.1073,101.6067,9,1,0.7563
2026-08-04T10:00:00,Port Klang - KL Distribution,Port Klang - KL Distribution :: Shah Alam->Petaling Jaya,1,3.0733,101.5185,3.1073,101.6067,10,1,0.4734
2026-08-04T11:00:00,Port Klang - KL Distribution,Port Klang - KL Distribution :: Shah Alam->Petaling Jaya,1,3.0733,101.5185,3.1073,101.6067,11,1,0.3004
2026-08-04T12:00:00,Port Klang - KL Distribution,Port Klang - KL Distribution :: Shah Alam->Petaling Jaya,1,3.0733,101.5185,3.1073,101.6067,12,1,0.2372
2026-08-04T13:00:00,Port Klang - KL Distribution,Port Klang - KL Distribution :: Shah Alam->Petaling Jaya,1,3.0733,101.5185,3.1073,101.6067,13,1,0.3402
2026-08-04T14:00:00,Port Klang - KL Distribution,Port Klang - KL Distribution :: Shah Alam->Petaling Jaya,1,3.0733,101.5185,3.1073,101.6067,14,1,0.3784
2026-08-04T15:00:00,Port Klang - KL Distribution,Port Klang - KL Distribution :: Shah Alam->Petaling Jaya,1,3.0733,101.5185,3.1073,101.6067,15,1,0.3522
2026-08-04T16:00:00,Port Klang - KL Distribution,Port Klang - KL Distribution :: Shah Alam->Petaling Jaya,1,3.0733,101.5185,3.1073,101.6067,16,1,0.5496
2026-08-04T17:00:00,Port Klang - KL Distribution,Port Klang - KL Distribution :: Shah Alam->Petaling Jaya,1,3.0733,101.5185,3.1073,101.6067,17,1,0.9048
2026-08-04T18:00:00,Port Klang - KL Distribution,Port Klang - KL Distribution :: Shah Alam->Petaling Jaya,1,3.0733,101.5185,3.1073,101.6067,18,1,0.9669
2026-08-04T19:00:00,Port Klang - KL Distribution,Port Klang - KL Distribution :: Shah Alam->Petaling Jaya,1,3.0733,101.5185,3.1073,101.6067,19,1,0.9145
2026-08-04T20:00:00,Port Klang - KL Distribution,Port Klang - KL Distribution :: Shah Alam->Petaling Jaya,1,3.0733,101.5185,3.1073,101.6067,20,1,0.6117
2026-08-04T21:00:00,Port Klang - KL Distribution,Port Klang - KL Distribution :: Shah Alam->Petaling Jaya,1,3.0733,101.5185,3.1073,101.6067,21,1,0.2955
2026-08-04T22:00:00,Port Klang - KL Distribution,Port Klang - KL Distribution :: Shah Alam->Petaling Jaya,1,3.0733,101.5185,3.1073,101.6067,22,1,0.3859
2026-08-04T23:00:00,Port Klang - KL Distribution,Port Klang - KL Distribution :: Shah Alam->Petaling Jaya,1,3.0733,101.5185,3.1073,101.6067,23,1,0.3753
2026-08-05T00:00:00,Port Klang - KL Distribution,Port Klang - KL Distribution :: Shah Alam->Petaling Jaya,1,3.0733,101.5185,3.1073,101.6067,0,2,0.2257
2026-08-05T01:00:00,Port Klang - KL Distribution,Port Klang - KL Distribution :: Shah Alam->Petaling Jaya,1,3.0733,101.5185,3.1073,101.6067,1,2,0.2392
2026-08-05T02:00:00,Port Klang - KL Distribution,Port Klang - KL Distribution :: Shah Alam->Petaling Jaya,1,3.0733,101.5185,3.1073,101.6067,2,2,0.2797
2026-08-05T03:00:00,Port Klang - KL Distribution,Port Klang - KL Distribution :: Shah Alam->Petaling Jaya,1,3.0733,101.5185,3.1073,101.6067,3,2,0.2839
2026-08-05T04:00:00,Port Klang - KL Distribution,Port Klang - KL Distribution :: Shah Alam->Petaling Jaya,1,3.0733,101.5185,3.1073,101.6067,4,2,0.3144
2026-08-05T05:00:00,Port Klang - KL Distribution,Port Klang - KL Distribution :: Shah Alam->Petaling Jaya,1,3.0733,101.5185,3.1073,101.6067,5,2,0.4543
2026-08-05T06:00:00,Port Klang - KL Distribution,Port Klang - KL Distribution :: Shah Alam->Petaling Jaya,1,3.0733,101.5185,3.1073,101.6067,6,2,0.5002
2026-08-05T07:00:00,Port Klang - KL Distribution,Port Klang - KL Distribution :: Shah Alam->Petaling Jaya,1,3.0733,101.5185,3.1073,101.6067,7,2,0.7403
2026-08-05T08:00:00,Port Klang - KL Distribution,Port Klang - KL Distribution :: Shah Alam->Petaling Jaya,1,3.0733,101.5185,3.1073,101.6067,8,2,0.8547
2026-08-05T09:00:00,Port Klang - KL Distribution,Port Klang - KL Distribution :: Shah Alam->Petaling Jaya,1,3.0733,101.5185,3.1073,101.6067,9,2,0.7443
2026-08-05T10:00:00,Port Klang - KL Distribution,Port Klang - KL Distribution :: Shah Alam->Petaling Jaya,1,3.0733,101.5185,3.1073,101.6067,10,2,0.5088
2026-08-05T11:00:00,Port Klang - KL Distribution,Port Klang - KL Distribution :: Shah Alam->Petaling Jaya,1,3.0733,101.5185,3.1073,101.6067,11,2,0.4414
2026-08-05T12:00:00,Port Klang - KL Distribution,Port Klang - KL Distribution :: Shah Alam->Petaling Jaya,1,3.0733,101.5185,3.1073,101.6067,12,2,0.2444
2026-08-05T13:00:00,Port Klang - KL Distribution,Port Klang - KL Distribution :: Shah Alam->Petaling Jaya,1,3.0733,101.5185,3.1073,101.6067,13,2,0.2823
2026-08-05T14:00:00,Port Klang - KL Distribution,Port Klang - KL Distribution :: Shah Alam->Petaling Jaya,1,3.0733,101.5185,3.1073,101.6067,14,2,0.2922
2026-08-05T15:00:00,Port Klang - KL Distribution,Port Klang - KL Distribution :: Shah Alam->Petaling Jaya,1,3.0733,101.5185,3.1073,101.6067,15,2,0.4578
2026-08-05T16:00:00,Port Klang - KL Distribution,Port Klang - KL Distribution :: Shah Alam->Petaling Jaya,1,3.0733,101.5185,3.1073,101.6067,16,2,0.7511
2026-08-05T17:00:00,Port Klang - KL Distribution,Port Klang - KL Distribution :: Shah Alam->Petaling Jaya,1,3.0733,101.5185,3.1073,101.6067,17,2,0.8447
2026-08-05T18:00:00,Port Klang - KL Distribution,Port Klang - KL Distribution :: Shah Alam->Petaling Jaya,1,3.0733,101.5185,3.1073,101.6067,18,2,0.9706
2026-08-05T19:00:00,Port Klang - KL Distribution,Port Klang - KL Distribution :: Shah Alam->Petaling Jaya,1,3.0733,101.5185,3.1073,101.6067,19,2,0.9392
2026-08-05T20:00:00,Port Klang - KL Distribution,Port Klang - KL Distribution :: Shah Alam->Petaling Jaya,1,3.0733,101.5185,3.1073,101.6067,20,2,0.6404
2026-08-05T21:00:00,Port Klang - KL Distribution,Port Klang - KL Distribution :: Shah Alam->Petaling Jaya,1,3.0733,101.5185,3.1073,101.6067,21,2,0.4973
2026-08-05T22:00:00,Port Klang - KL Distribution,Port Klang - KL Distribution :: Shah Alam->Petaling Jaya,1,3.0733,101.5185,3.1073,101.6067,22,2,0.3281
2026-08-05T23:00:00,Port Klang - KL Distribution,Port Klang - KL Distribution :: Shah Alam->Petaling Jaya,1,3.0733,101.5185,3.1073,101.6067,23,2,0.246
2026-08-06T00:00:00,Port Klang - KL Distribution,Port Klang - KL Distribution :: Shah Alam->Petaling Jaya,1,3.0733,101.5185,3.1073,101.6067,0,3,0.2979
2026-08-06T01:00:00,Port Klang - KL Distribution,Port Klang - KL Distribution :: Shah Alam->Petaling Jaya,1,3.0733,101.5185,3.1073,101.6067,1,3,0.329
2026-08-06T02:00:00,Port Klang - KL Distribution,Port Klang - KL Distribution :: Shah Alam->Petaling Jaya,1,3.0733,101.5185,3.1073,101.6067,2,3,0.3118
2026-08-06T03:00:00,Port Klang - KL Distribution,Port Klang - KL Distribution :: Shah Alam->Petaling Jaya,1,3.0733,101.5185,3.1073,101.6067,3,3,0.2942
2026-08-06T04:00:00,Port Klang - KL Distribution,Port Klang - KL Distribution :: Shah Alam->Petaling Jaya,1,3.0733,101.5185,3.1073,101.6067,4,3,0.3389
2026-08-06T05:00:00,Port Klang - KL Distribution,Port Klang - KL Distribution :: Shah Alam->Petaling Jaya,1,3.0733,101.5185,3.1073,101.6067,5,3,0.4038
2026-08-06T06:00:00,Port Klang - KL Distribution,Port Klang - KL Distribution :: Shah Alam->Petaling Jaya,1,3.0733,101.5185,3.1073,101.6067,6,3,0.5937
2026-08-06T07:00:00,Port Klang - KL Distribution,Port Klang - KL Distribution :: Shah Alam->Petaling Jaya,1,3.0733,101.5185,3.1073,101.6067,7,3,0.8271
2026-08-06T08:00:00,Port Klang - KL Distribution,Port Klang - KL Distribution :: Shah Alam->Petaling Jaya,1,3.0733,101.5185,3.1073,101.6067,8,3,0.9275
2026-08-06T09:00:00,Port Klang - KL Distribution,Port Klang - KL Distribution :: Shah Alam->Petaling Jaya,1,3.0733,101.5185,3.1073,101.6067,9,3,0.797
2026-08-06T10:00:00,Port Klang - KL Distribution,Port Klang - KL Distribution :: Shah Alam->Petaling Jaya,1,3.0733,101.5185,3.1073,101.6067,10,3,0.5832
2026-08-06T11:00:00,Port Klang - KL Distribution,Port Klang - KL Distribution :: Shah Alam->Petaling Jaya,1,3.0733,101.5185,3.1073,101.6067,11,3,0.2847
2026-08-06T12:00:00,Port Klang - KL Distribution,Port Klang - KL Distribution :: Shah Alam->Petaling Jaya,1,3.0733,101.5185,3.1073,101.6067,12,3,0.2975
2026-08-06T13:00:00,Port Klang - KL Distribution,Port Klang - KL Distribution :: Shah Alam->Petaling Jaya,1,3.0733,101.5185,3.1073,101.6067,13,3,0.2453
2026-08-06T14:00:00,Port Klang - KL Distribution,Port Klang - KL Distribution :: Shah Alam->Petaling Jaya,1,3.0733,101.5185,3.1073,101.6067,14,3,0.2949
2026-08-06T15:00:00,Port Klang - KL Distribution,Port Klang - KL Distribution :: Shah Alam->Petaling Jaya,1,3.0733,101.5185,3.1073,101.6067,15,3,0.4632
2026-08-06T16:00:00,Port Klang - KL Distribution,Port Klang - KL Distribution :: Shah Alam->Petaling Jaya,1,3.0733,101.5185,3.1073,101.6067,16,3,0.611
2026-08-06T17:00:00,Port Klang - KL Distribution,Port Klang - KL Distribution :: Shah Alam->Petaling Jaya,1,3.0733,101.5185,3.1073,101.6067,17,3,0.8793
2026-08-06T18:00:00,Port Klang - KL Distribution,Port Klang - KL Distribution :: Shah Alam->Petaling Jaya,1,3.0733,101.5185,3.1073,101.6067,18,3,0.9184
2026-08-06T19:00:00,Port Klang - KL Distribution,Port Klang - KL Distribution :: Shah Alam->Petaling Jaya,1,3.0733,101.5185,3.1073,101.6067,19,3,0.9213
2026-08-06T20:00:00,Port Klang - KL Distribution,Port Klang - KL Distribution :: Shah Alam->Petaling Jaya,1,3.0733,101.5185,3.1073,101.6067,20,3,0.6382
2026-08-06T21:00:00,Port Klang - KL Distribution,Port Klang - KL Distribution :: Shah Alam->Petaling Jaya,1,3.0733,101.5185,3.1073,101.6067,21,3,0.5163
2026-08-06T22:00:00,Port Klang - KL Distribution,Port Klang - KL Distribution :: Shah Alam->Petaling Jaya,1,3.0733,101.5185,3.1073,101.6067,22,3,0.2746
2026-08-06T23:00:00,Port Klang - KL Distribution,Port Klang - KL Distribution :: Shah Alam->Petaling Jaya,1,3.0733,101.5185,3.1073,101.6067,23,3,0.2807
2026-08-07T00:00:00,Port Klang - KL Distribution,Port Klang - KL Distribution :: Shah Alam->Petaling Jaya,1,3.0733,101.5185,3.1073,101.6067,0,4,0.2775
2026-08-07T01:00:00,Port Klang - KL Distribution,Port Klang - KL Distribution :: Shah Alam->Petaling Jaya,1,3.0733,101.5185,3.1073,101.6067,1,4,0.3572
2026-08-07T02:00:00,Port Klang - KL Distribution,Port Klang - KL Distribution :: Shah Alam->Petaling Jaya,1,3.0733,101.5185,3.1073,101.6067,2,4,0.2569
2026-08-07T03:00:00,Port Klang - KL Distribution,Port Klang - KL Distribution :: Shah Alam->Petaling Jaya,1,3.0733,101.5185,3.1073,101.6067,3,4,0.2805
2026-08-07T04:00:00,Port Klang - KL Distribution,Port Klang - KL Distribution :: Shah Alam->Petaling Jaya,1,3.0733,101.5185,3.1073,101.6067,4,4,0.3113
2026-08-07T05:00:00,Port Klang - KL Distribution,Port Klang - KL Distribution :: Shah Alam->Petaling Jaya,1,3.0733,101.5185,3.1073,101.6067,5,4,0.3448
2026-08-07T06:00:00,Port Klang - KL Distribution,Port Klang - KL Distribution :: Shah Alam->Petaling Jaya,1,3.0733,101.5185,3.1073,101.6067,6,4,0.484
2026-08-07T07:00:00,Port Klang - KL Distribution,Port Klang - KL Distribution :: Shah Alam->Petaling Jaya,1,3.0733,101.5185,3.1073,101.6067,7,4,0.7998
2026-08-07T08:00:00,Port Klang - KL Distribution,Port Klang - KL Distribution :: Shah Alam->Petaling Jaya,1,3.0733,101.5185,3.1073,101.6067,8,4,1.0
2026-08-07T09:00:00,Port Klang - KL Distribution,Port Klang - KL Distribution :: Shah Alam->Petaling Jaya,1,3.0733,101.5185,3.1073,101.6067,9,4,0.7266
2026-08-07T10:00:00,Port Klang - KL Distribution,Port Klang - KL Distribution :: Shah Alam->Petaling Jaya,1,3.0733,101.5185,3.1073,101.6067,10,4,0.5188
2026-08-07T11:00:00,Port Klang - KL Distribution,Port Klang - KL Distribution :: Shah Alam->Petaling Jaya,1,3.0733,101.5185,3.1073,101.6067,11,4,0.2917
2026-08-07T12:00:00,Port Klang - KL Distribution,Port Klang - KL Distribution :: Shah Alam->Petaling Jaya,1,3.0733,101.5185,3.1073,101.6067,12,4,0.3471
2026-08-07T13:00:00,Port Klang - KL Distribution,Port Klang - KL Distribution :: Shah Alam->Petaling Jaya,1,3.0733,101.5185,3.1073,101.6067,13,4,0.1775
2026-08-07T14:00:00,Port Klang - KL Distribution,Port Klang - KL Distribution :: Shah Alam->Petaling Jaya,1,3.0733,101.5185,3.1073,101.6067,14,4,0.2596
2026-08-07T15:00:00,Port Klang - KL Distribution,Port Klang - KL Distribution :: Shah Alam->Petaling Jaya,1,3.0733,101.5185,3.1073,101.6067,15,4,0.4091
2026-08-07T16:00:00,Port Klang - KL Distribution,Port Klang - KL Distribution :: Shah Alam->Petaling Jaya,1,3.0733,101.5185,3.1073,101.6067,16,4,0.6934
2026-08-07T17:00:00,Port Klang - KL Distribution,Port Klang - KL Distribution :: Shah Alam->Petaling Jaya,1,3.0733,101.5185,3.1073,101.6067,17,4,0.8726
2026-08-07T18:00:00,Port Klang - KL Distribution,Port Klang - KL Distribution :: Shah Alam->Petaling Jaya,1,3.0733,101.5185,3.1073,101.6067,18,4,0.9667
2026-08-07T19:00:00,Port Klang - KL Distribution,Port Klang - KL Distribution :: Shah Alam->Petaling Jaya,1,3.0733,101.5185,3.1073,101.6067,19,4,0.9894
2026-08-07T20:00:00,Port Klang - KL Distribution,Port Klang - KL Distribution :: Shah Alam->Petaling Jaya,1,3.0733,101.5185,3.1073,101.6067,20,4,0.5126
2026-08-07T21:00:00,Port Klang - KL Distribution,Port Klang - KL Distribution :: Shah Alam->Petaling Jaya,1,3.0733,101.5185,3.1073,101.6067,21,4,0.2545
2026-08-07T22:00:00,Port Klang - KL Distribution,Port Klang - KL Distribution :: Shah Alam->Petaling Jaya,1,3.0733,101.5185,3.1073,101.6067,22,4,0.3195
2026-08-07T23:00:00,Port Klang - KL Distribution,Port Klang - KL Distribution :: Shah Alam->Petaling Jaya,1,3.0733,101.5185,3.1073,101.6067,23,4,0.2374
2026-08-08T00:00:00,Port Klang - KL Distribution,Port Klang - KL Distribution :: Shah Alam->Petaling Jaya,1,3.0733,101.5185,3.1073,101.6067,0,5,0.2012
2026-08-08T01:00:00,Port Klang - KL Distribution,Port Klang - KL Distribution :: Shah Alam->Petaling Jaya,1,3.0733,101.5185,3.1073,101.6067,1,5,0.305
2026-08-08T02:00:00,Port Klang - KL Distribution,Port Klang - KL Distribution :: Shah Alam->Petaling Jaya,1,3.0733,101.5185,3.1073,101.6067,2,5,0.2772
2026-08-08T03:00:00,Port Klang - KL Distribution,Port Klang - KL Distribution :: Shah Alam->Petaling Jaya,1,3.0733,101.5185,3.1073,101.6067,3,5,0.23
2026-08-08T04:00:00,Port Klang - KL Distribution,Port Klang - KL Distribution :: Shah Alam->Petaling Jaya,1,3.0733,101.5185,3.1073,101.6067,4,5,0.198
2026-08-08T05:00:00,Port Klang - KL Distribution,Port Klang - KL Distribution :: Shah Alam->Petaling Jaya,1,3.0733,101.5185,3.1073,101.6067,5,5,0.386
2026-08-08T06:00:00,Port Klang - KL Distribution,Port Klang - KL Distribution :: Shah Alam->Petaling Jaya,1,3.0733,101.5185,3.1073,101.6067,6,5,0.5498
2026-08-08T07:00:00,Port Klang - KL Distribution,Port Klang - KL Distribution :: Shah Alam->Petaling Jaya,1,3.0733,101.5185,3.1073,101.6067,7,5,0.7822
2026-08-08T08:00:00,Port Klang - KL Distribution,Port Klang - KL Distribution :: Shah Alam->Petaling Jaya,1,3.0733,101.5185,3.1073,101.6067,8,5,1.0
2026-08-08T09:00:00,Port Klang - KL Distribution,Port Klang - KL Distribution :: Shah Alam->Petaling Jaya,1,3.0733,101.5185,3.1073,101.6067,9,5,0.724
2026-08-08T10:00:00,Port Klang - KL Distribution,Port Klang - KL Distribution :: Shah Alam->Petaling Jaya,1,3.0733,101.5185,3.1073,101.6067,10,5,0.4193
2026-08-08T11:00:00,Port Klang - KL Distribution,Port Klang - KL Distribution :: Shah Alam->Petaling Jaya,1,3.0733,101.5185,3.1073,101.6067,11,5,0.2922
2026-08-08T12:00:00,Port Klang - KL Distribution,Port Klang - KL Distribution :: Shah Alam->Petaling Jaya,1,3.0733,101.5185,3.1073,101.6067,12,5,0.2727
2026-08-08T13:00:00,Port Klang - KL Distribution,Port Klang - KL Distribution :: Shah Alam->Petaling Jaya,1,3.0733,101.5185,3.1073,101.6067,13,5,0.2835
2026-08-08T14:00:00,Port Klang - KL Distribution,Port Klang - KL Distribution :: Shah Alam->Petaling Jaya,1,3.0733,101.5185,3.1073,101.6067,14,5,0.2787
2026-08-08T15:00:00,Port Klang - KL Distribution,Port Klang - KL Distribution :: Shah Alam->Petaling Jaya,1,3.0733,101.5185,3.1073,101.6067,15,5,0.4076
2026-08-08T16:00:00,Port Klang - KL Distribution,Port Klang - KL Distribution :: Shah Alam->Petaling Jaya,1,3.0733,101.5185,3.1073,101.6067,16,5,0.5244
2026-08-08T17:00:00,Port Klang - KL Distribution,Port Klang - KL Distribution :: Shah Alam->Petaling Jaya,1,3.0733,101.5185,3.1073,101.6067,17,5,0.9632
2026-08-08T18:00:00,Port Klang - KL Distribution,Port Klang - KL Distribution :: Shah Alam->Petaling Jaya,1,3.0733,101.5185,3.1073,101.6067,18,5,0.9951
2026-08-08T19:00:00,Port Klang - KL Distribution,Port Klang - KL Distribution :: Shah Alam->Petaling Jaya,1,3.0733,101.5185,3.1073,101.6067,19,5,0.9436
2026-08-08T20:00:00,Port Klang - KL Distribution,Port Klang - KL Distribution :: Shah Alam->Petaling Jaya,1,3.0733,101.5185,3.1073,101.6067,20,5,0.6201
2026-08-08T21:00:00,Port Klang - KL Distribution,Port Klang - KL Distribution :: Shah Alam->Petaling Jaya,1,3.0733,101.5185,3.1073,101.6067,21,5,0.4139
2026-08-08T22:00:00,Port Klang - KL Distribution,Port Klang - KL Distribution :: Shah Alam->Petaling Jaya,1,3.0733,101.5185,3.1073,101.6067,22,5,0.3273
2026-08-08T23:00:00,Port Klang - KL Distribution,Port Klang - KL Distribution :: Shah Alam->Petaling Jaya,1,3.0733,101.5185,3.1073,101.6067,23,5,0.2944
2026-08-09T00:00:00,Port Klang - KL Distribution,Port Klang - KL Distribution :: Shah Alam->Petaling Jaya,1,3.0733,101.5185,3.1073,101.6067,0,6,0.3011
2026-08-09T01:00:00,Port Klang - KL Distribution,Port Klang - KL Distribution :: Shah Alam->Petaling Jaya,1,3.0733,101.5185,3.1073,101.6067,1,6,0.3423
2026-08-09T02:00:00,Port Klang - KL Distribution,Port Klang - KL Distribution :: Shah Alam->Petaling Jaya,1,3.0733,101.5185,3.1073,101.6067,2,6,0.2744
2026-08-09T03:00:00,Port Klang - KL Distribution,Port Klang - KL Distribution :: Shah Alam->Petaling Jaya,1,3.0733,101.5185,3.1073,101.6067,3,6,0.3063
2026-08-09T04:00:00,Port Klang - KL Distribution,Port Klang - KL Distribution :: Shah Alam->Petaling Jaya,1,3.0733,101.5185,3.1073,101.6067,4,6,0.2695
2026-08-09T05:00:00,Port Klang - KL Distribution,Port Klang - KL Distribution :: Shah Alam->Petaling Jaya,1,3.0733,101.5185,3.1073,101.6067,5,6,0.4201
2026-08-09T06:00:00,Port Klang - KL Distribution,Port Klang - KL Distribution :: Shah Alam->Petaling Jaya,1,3.0733,101.5185,3.1073,101.6067,6,6,0.4702
2026-08-09T07:00:00,Port Klang - KL Distribution,Port Klang - KL Distribution :: Shah Alam->Petaling Jaya,1,3.0733,101.5185,3.1073,101.6067,7,6,0.8962
2026-08-09T08:00:00,Port Klang - KL Distribution,Port Klang - KL Distribution :: Shah Alam->Petaling Jaya,1,3.0733,101.5185,3.1073,101.6067,8,6,0.9351
2026-08-09T09:00:00,Port Klang - KL Distribution,Port Klang - KL Distribution :: Shah Alam->Petaling Jaya,1,3.0733,101.5185,3.1073,101.6067,9,6,0.7023
2026-08-09T10:00:00,Port Klang - KL Distribution,Port Klang - KL Distribution :: Shah Alam->Petaling Jaya,1,3.0733,101.5185,3.1073,101.6067,10,6,0.5185
2026-08-09T11:00:00,Port Klang - KL Distribution,Port Klang - KL Distribution :: Shah Alam->Petaling Jaya,1,3.0733,101.5185,3.1073,101.6067,11,6,0.2928
2026-08-09T12:00:00,Port Klang - KL Distribution,Port Klang - KL Distribution :: Shah Alam->Petaling Jaya,1,3.0733,101.5185,3.1073,101.6067,12,6,0.3259
2026-08-09T13:00:00,Port Klang - KL Distribution,Port Klang - KL Distribution :: Shah Alam->Petaling Jaya,1,3.0733,101.5185,3.1073,101.6067,13,6,0.2297
2026-08-09T14:00:00,Port Klang - KL Distribution,Port Klang - KL Distribution :: Shah Alam->Petaling Jaya,1,3.0733,101.5185,3.1073,101.6067,14,6,0.2664
2026-08-09T15:00:00,Port Klang - KL Distribution,Port Klang - KL Distribution :: Shah Alam->Petaling Jaya,1,3.0733,101.5185,3.1073,101.6067,15,6,0.2731
2026-08-09T16:00:00,Port Klang - KL Distribution,Port Klang - KL Distribution :: Shah Alam->Petaling Jaya,1,3.0733,101.5185,3.1073,101.6067,16,6,0.5724
2026-08-09T17:00:00,Port Klang - KL Distribution,Port Klang - KL Distribution :: Shah Alam->Petaling Jaya,1,3.0733,101.5185,3.1073,101.6067,17,6,0.7311
2026-08-09T18:00:00,Port Klang - KL Distribution,Port Klang - KL Distribution :: Shah Alam->Petaling Jaya,1,3.0733,101.5185,3.1073,101.6067,18,6,0.905
2026-08-09T19:00:00,Port Klang - KL Distribution,Port Klang - KL Distribution :: Shah Alam->Petaling Jaya,1,3.0733,101.5185,3.1073,101.6067,19,6,0.9222
2026-08-09T20:00:00,Port Klang - KL Distribution,Port Klang - KL Distribution :: Shah Alam->Petaling Jaya,1,3.0733,101.5185,3.1073,101.6067,20,6,0.6466
2026-08-09T21:00:00,Port Klang - KL Distribution,Port Klang - KL Distribution :: Shah Alam->Petaling Jaya,1,3.0733,101.5185,3.1073,101.6067,21,6,0.412
2026-08-09T22:00:00,Port Klang - KL Distribution,Port Klang - KL Distribution :: Shah Alam->Petaling Jaya,1,3.0733,101.5185,3.1073,101.6067,22,6,0.2351
2026-08-09T23:00:00,Port Klang - KL Distribution,Port Klang - KL Distribution :: Shah Alam->Petaling Jaya,1,3.0733,101.5185,3.1073,101.6067,23,6,0.2647
2026-08-10T00:00:00,Port Klang - KL Distribution,Port Klang - KL Distribution :: Shah Alam->Petaling Jaya,1,3.0733,101.5185,3.1073,101.6067,0,0,0.2623
2026-08-10T01:00:00,Port Klang - KL Distribution,Port Klang - KL Distribution :: Shah Alam->Petaling Jaya,1,3.0733,101.5185,3.1073,101.6067,1,0,0.193
2026-08-10T02:00:00,Port Klang - KL Distribution,Port Klang - KL Distribution :: Shah Alam->Petaling Jaya,1,3.0733,101.5185,3.1073,101.6067,2,0,0.3528
2026-08-10T03:00:00,Port Klang - KL Distribution,Port Klang - KL Distribution :: Shah Alam->Petaling Jaya,1,3.0733,101.5185,3.1073,101.6067,3,0,0.3164
2026-08-10T04:00:00,Port Klang - KL Distribution,Port Klang - KL Distribution :: Shah Alam->Petaling Jaya,1,3.0733,101.5185,3.1073,101.6067,4,0,0.2616
2026-08-10T05:00:00,Port Klang - KL Distribution,Port Klang - KL Distribution :: Shah Alam->Petaling Jaya,1,3.0733,101.5185,3.1073,101.6067,5,0,0.3353
2026-08-10T06:00:00,Port Klang - KL Distribution,Port Klang - KL Distribution :: Shah Alam->Petaling Jaya,1,3.0733,101.5185,3.1073,101.6067,6,0,0.5233
2026-08-10T07:00:00,Port Klang - KL Distribution,Port Klang - KL Distribution :: Shah Alam->Petaling Jaya,1,3.0733,101.5185,3.1073,101.6067,7,0,0.6657
2026-08-10T08:00:00,Port Klang - KL Distribution,Port Klang - KL Distribution :: Shah Alam->Petaling Jaya,1,3.0733,101.5185,3.1073,101.6067,8,0,0.9227
2026-08-10T09:00:00,Port Klang - KL Distribution,Port Klang - KL Distribution :: Shah Alam->Petaling Jaya,1,3.0733,101.5185,3.1073,101.6067,9,0,0.7473
2026-08-10T10:00:00,Port Klang - KL Distribution,Port Klang - KL Distribution :: Shah Alam->Petaling Jaya,1,3.0733,101.5185,3.1073,101.6067,10,0,0.4507
2026-08-10T11:00:00,Port Klang - KL Distribution,Port Klang - KL Distribution :: Shah Alam->Petaling Jaya,1,3.0733,101.5185,3.1073,101.6067,11,0,0.3168
2026-08-10T12:00:00,Port Klang - KL Distribution,Port Klang - KL Distribution :: Shah Alam->Petaling Jaya,1,3.0733,101.5185,3.1073,101.6067,12,0,0.3833
2026-08-10T13:00:00,Port Klang - KL Distribution,Port Klang - KL Distribution :: Shah Alam->Petaling Jaya,1,3.0733,101.5185,3.1073,101.6067,13,0,0.3073
2026-08-10T14:00:00,Port Klang - KL Distribution,Port Klang - KL Distribution :: Shah Alam->Petaling Jaya,1,3.0733,101.5185,3.1073,101.6067,14,0,0.2589
2026-08-10T15:00:00,Port Klang - KL Distribution,Port Klang - KL Distribution :: Shah Alam->Petaling Jaya,1,3.0733,101.5185,3.1073,101.6067,15,0,0.4208
2026-08-10T16:00:00,Port Klang - KL Distribution,Port Klang - KL Distribution :: Shah Alam->Petaling Jaya,1,3.0733,101.5185,3.1073,101.6067,16,0,0.6835
2026-08-10T17:00:00,Port Klang - KL Distribution,Port Klang - KL Distribution :: Shah Alam->Petaling Jaya,1,3.0733,101.5185,3.1073,101.6067,17,0,0.932
2026-08-10T18:00:00,Port Klang - KL Distribution,Port Klang - KL Distribution :: Shah Alam->Petaling Jaya,1,3.0733,101.5185,3.1073,101.6067,18,0,1.0
2026-08-10T19:00:00,Port Klang - KL Distribution,Port Klang - KL Distribution :: Shah Alam->Petaling Jaya,1,3.0733,101.5185,3.1073,101.6067,19,0,0.8377
2026-08-10T20:00:00,Port Klang - KL Distribution,Port Klang - KL Distribution :: Shah Alam->Petaling Jaya,1,3.0733,101.5185,3.1073,101.6067,20,0,0.6414
2026-08-10T21:00:00,Port Klang - KL Distribution,Port Klang - KL Distribution :: Shah Alam->Petaling Jaya,1,3.0733,101.5185,3.1073,101.6067,21,0,0.4101
2026-08-10T22:00:00,Port Klang - KL Distribution,Port Klang - KL Distribution :: Shah Alam->Petaling Jaya,1,3.0733,101.5185,3.1073,101.6067,22,0,0.3468
2026-08-10T23:00:00,Port Klang - KL Distribution,Port Klang - KL Distribution :: Shah Alam->Petaling Jaya,1,3.0733,101.5185,3.1073,101.6067,23,0,0.3057
2026-08-11T00:00:00,Port Klang - KL Distribution,Port Klang - KL Distribution :: Shah Alam->Petaling Jaya,1,3.0733,101.5185,3.1073,101.6067,0,1,0.3255
2026-08-11T01:00:00,Port Klang - KL Distribution,Port Klang - KL Distribution :: Shah Alam->Petaling Jaya,1,3.0733,101.5185,3.1073,101.6067,1,1,0.2304
2026-08-11T02:00:00,Port Klang - KL Distribution,Port Klang - KL Distribution :: Shah Alam->Petaling Jaya,1,3.0733,101.5185,3.1073,101.6067,2,1,0.3416
2026-08-11T03:00:00,Port Klang - KL Distribution,Port Klang - KL Distribution :: Shah Alam->Petaling Jaya,1,3.0733,101.5185,3.1073,101.6067,3,1,0.2757
2026-08-11T04:00:00,Port Klang - KL Distribution,Port Klang - KL Distribution :: Shah Alam->Petaling Jaya,1,3.0733,101.5185,3.1073,101.6067,4,1,0.3994
2026-08-11T05:00:00,Port Klang - KL Distribution,Port Klang - KL Distribution :: Shah Alam->Petaling Jaya,1,3.0733,101.5185,3.1073,101.6067,5,1,0.2923
2026-08-11T06:00:00,Port Klang - KL Distribution,Port Klang - KL Distribution :: Shah Alam->Petaling Jaya,1,3.0733,101.5185,3.1073,101.6067,6,1,0.615
2026-08-11T07:00:00,Port Klang - KL Distribution,Port Klang - KL Distribution :: Shah Alam->Petaling Jaya,1,3.0733,101.5185,3.1073,101.6067,7,1,0.8001
2026-08-11T08:00:00,Port Klang - KL Distribution,Port Klang - KL Distribution :: Shah Alam->Petaling Jaya,1,3.0733,101.5185,3.1073,101.6067,8,1,0.8984
2026-08-11T09:00:00,Port Klang - KL Distribution,Port Klang - KL Distribution :: Shah Alam->Petaling Jaya,1,3.0733,101.5185,3.1073,101.6067,9,1,0.7592
2026-08-11T10:00:00,Port Klang - KL Distribution,Port Klang - KL Distribution :: Shah Alam->Petaling Jaya,1,3.0733,101.5185,3.1073,101.6067,10,1,0.4916
2026-08-11T11:00:00,Port Klang - KL Distribution,Port Klang - KL Distribution :: Shah Alam->Petaling Jaya,1,3.0733,101.5185,3.1073,101.6067,11,1,0.3591
2026-08-11T12:00:00,Port Klang - KL Distribution,Port Klang - KL Distribution :: Shah Alam->Petaling Jaya,1,3.0733,101.5185,3.1073,101.6067,12,1,0.3068
2026-08-11T13:00:00,Port Klang - KL Distribution,Port Klang - KL Distribution :: Shah Alam->Petaling Jaya,1,3.0733,101.5185,3.1073,101.6067,13,1,0.2344
2026-08-11T14:00:00,Port Klang - KL Distribution,Port Klang - KL Distribution :: Shah Alam->Petaling Jaya,1,3.0733,101.5185,3.1073,101.6067,14,1,0.2917
2026-08-11T15:00:00,Port Klang - KL Distribution,Port Klang - KL Distribution :: Shah Alam->Petaling Jaya,1,3.0733,101.5185,3.1073,101.6067,15,1,0.515
2026-08-11T16:00:00,Port Klang - KL Distribution,Port Klang - KL Distribution :: Shah Alam->Petaling Jaya,1,3.0733,101.5185,3.1073,101.6067,16,1,0.7031
2026-08-11T17:00:00,Port Klang - KL Distribution,Port Klang - KL Distribution :: Shah Alam->Petaling Jaya,1,3.0733,101.5185,3.1073,101.6067,17,1,0.9027
2026-08-11T18:00:00,Port Klang - KL Distribution,Port Klang - KL Distribution :: Shah Alam->Petaling Jaya,1,3.0733,101.5185,3.1073,101.6067,18,1,1.0
2026-08-11T19:00:00,Port Klang - KL Distribution,Port Klang - KL Distribution :: Shah Alam->Petaling Jaya,1,3.0733,101.5185,3.1073,101.6067,19,1,0.8837
2026-08-11T20:00:00,Port Klang - KL Distribution,Port Klang - KL Distribution :: Shah Alam->Petaling Jaya,1,3.0733,101.5185,3.1073,101.6067,20,1,0.6363
2026-08-11T21:00:00,Port Klang - KL Distribution,Port Klang - KL Distribution :: Shah Alam->Petaling Jaya,1,3.0733,101.5185,3.1073,101.6067,21,1,0.3251
2026-08-11T22:00:00,Port Klang - KL Distribution,Port Klang - KL Distribution :: Shah Alam->Petaling Jaya,1,3.0733,101.5185,3.1073,101.6067,22,1,0.2776
2026-08-11T23:00:00,Port Klang - KL Distribution,Port Klang - KL Distribution :: Shah Alam->Petaling Jaya,1,3.0733,101.5185,3.1073,101.6067,23,1,0.1674
2026-08-12T00:00:00,Port Klang - KL Distribution,Port Klang - KL Distribution :: Shah Alam->Petaling Jaya,1,3.0733,101.5185,3.1073,101.6067,0,2,0.2865
2026-08-12T01:00:00,Port Klang - KL Distribution,Port Klang - KL Distribution :: Shah Alam->Petaling Jaya,1,3.0733,101.5185,3.1073,101.6067,1,2,0.3013
2026-08-12T02:00:00,Port Klang - KL Distribution,Port Klang - KL Distribution :: Shah Alam->Petaling Jaya,1,3.0733,101.5185,3.1073,101.6067,2,2,0.2336
2026-08-12T03:00:00,Port Klang - KL Distribution,Port Klang - KL Distribution :: Shah Alam->Petaling Jaya,1,3.0733,101.5185,3.1073,101.6067,3,2,0.3582
2026-08-12T04:00:00,Port Klang - KL Distribution,Port Klang - KL Distribution :: Shah Alam->Petaling Jaya,1,3.0733,101.5185,3.1073,101.6067,4,2,0.2013
2026-08-12T05:00:00,Port Klang - KL Distribution,Port Klang - KL Distribution :: Shah Alam->Petaling Jaya,1,3.0733,101.5185,3.1073,101.6067,5,2,0.2458
2026-08-12T06:00:00,Port Klang - KL Distribution,Port Klang - KL Distribution :: Shah Alam->Petaling Jaya,1,3.0733,101.5185,3.1073,101.6067,6,2,0.5243
2026-08-12T07:00:00,Port Klang - KL Distribution,Port Klang - KL Distribution :: Shah Alam->Petaling Jaya,1,3.0733,101.5185,3.1073,101.6067,7,2,0.851
2026-08-12T08:00:00,Port Klang - KL Distribution,Port Klang - KL Distribution :: Shah Alam->Petaling Jaya,1,3.0733,101.5185,3.1073,101.6067,8,2,1.0
2026-08-12T09:00:00,Port Klang - KL Distribution,Port Klang - KL Distribution :: Shah Alam->Petaling Jaya,1,3.0733,101.5185,3.1073,101.6067,9,2,0.7607
2026-08-12T10:00:00,Port Klang - KL Distribution,Port Klang - KL Distribution :: Shah Alam->Petaling Jaya,1,3.0733,101.5185,3.1073,101.6067,10,2,0.5755
2026-08-12T11:00:00,Port Klang - KL Distribution,Port Klang - KL Distribution :: Shah Alam->Petaling Jaya,1,3.0733,101.5185,3.1073,101.6067,11,2,0.3314
2026-08-12T12:00:00,Port Klang - KL Distribution,Port Klang - KL Distribution :: Shah Alam->Petaling Jaya,1,3.0733,101.5185,3.1073,101.6067,12,2,0.2651
2026-08-12T13:00:00,Port Klang - KL Distribution,Port Klang - KL Distribution :: Shah Alam->Petaling Jaya,1,3.0733,101.5185,3.1073,101.6067,13,2,0.3219
2026-08-12T14:00:00,Port Klang - KL Distribution,Port Klang - KL Distribution :: Shah Alam->Petaling Jaya,1,3.0733,101.5185,3.1073,101.6067,14,2,0.3323
2026-08-12T15:00:00,Port Klang - KL Distribution,Port Klang - KL Distribution :: Shah Alam->Petaling Jaya,1,3.0733,101.5185,3.1073,101.6067,15,2,0.2919
2026-08-12T16:00:00,Port Klang - KL Distribution,Port Klang - KL Distribution :: Shah Alam->Petaling Jaya,1,3.0733,101.5185,3.1073,101.6067,16,2,0.6881
2026-08-12T17:00:00,Port Klang - KL Distribution,Port Klang - KL Distribution :: Shah Alam->Petaling Jaya,1,3.0733,101.5185,3.1073,101.6067,17,2,0.9594
2026-08-12T18:00:00,Port Klang - KL Distribution,Port Klang - KL Distribution :: Shah Alam->Petaling Jaya,1,3.0733,101.5185,3.1073,101.6067,18,2,0.9625
2026-08-12T19:00:00,Port Klang - KL Distribution,Port Klang - KL Distribution :: Shah Alam->Petaling Jaya,1,3.0733,101.5185,3.1073,101.6067,19,2,0.9003
2026-08-12T20:00:00,Port Klang - KL Distribution,Port Klang - KL Distribution :: Shah Alam->Petaling Jaya,1,3.0733,101.5185,3.1073,101.6067,20,2,0.6291
2026-08-12T21:00:00,Port Klang - KL Distribution,Port Klang - KL Distribution :: Shah Alam->Petaling Jaya,1,3.0733,101.5185,3.1073,101.6067,21,2,0.4021
2026-08-12T22:00:00,Port Klang - KL Distribution,Port Klang - KL Distribution :: Shah Alam->Petaling Jaya,1,3.0733,101.5185,3.1073,101.6067,22,2,0.2601
2026-08-12T23:00:00,Port Klang - KL Distribution,Port Klang - KL Distribution :: Shah Alam->Petaling Jaya,1,3.0733,101.5185,3.1073,101.6067,23,2,0.2273
2026-08-13T00:00:00,Port Klang - KL Distribution,Port Klang - KL Distribution :: Shah Alam->Petaling Jaya,1,3.0733,101.5185,3.1073,101.6067,0,3,0.261
2026-08-13T01:00:00,Port Klang - KL Distribution,Port Klang - KL Distribution :: Shah Alam->Petaling Jaya,1,3.0733,101.5185,3.1073,101.6067,1,3,0.3329
2026-08-13T02:00:00,Port Klang - KL Distribution,Port Klang - KL Distribution :: Shah Alam->Petaling Jaya,1,3.0733,101.5185,3.1073,101.6067,2,3,0.2952
2026-08-13T03:00:00,Port Klang - KL Distribution,Port Klang - KL Distribution :: Shah Alam->Petaling Jaya,1,3.0733,101.5185,3.1073,101.6067,3,3,0.2416
2026-08-13T04:00:00,Port Klang - KL Distribution,Port Klang - KL Distribution :: Shah Alam->Petaling Jaya,1,3.0733,101.5185,3.1073,101.6067,4,3,0.3212
2026-08-13T05:00:00,Port Klang - KL Distribution,Port Klang - KL Distribution :: Shah Alam->Petaling Jaya,1,3.0733,101.5185,3.1073,101.6067,5,3,0.1627
2026-08-13T06:00:00,Port Klang - KL Distribution,Port Klang - KL Distribution :: Shah Alam->Petaling Jaya,1,3.0733,101.5185,3.1073,101.6067,6,3,0.5797
2026-08-13T07:00:00,Port Klang - KL Distribution,Port Klang - KL Distribution :: Shah Alam->Petaling Jaya,1,3.0733,101.5185,3.1073,101.6067,7,3,0.6838
2026-08-13T08:00:00,Port Klang - KL Distribution,Port Klang - KL Distribution :: Shah Alam->Petaling Jaya,1,3.0733,101.5185,3.1073,101.6067,8,3,0.9158
2026-08-13T09:00:00,Port Klang - KL Distribution,Port Klang - KL Distribution :: Shah Alam->Petaling Jaya,1,3.0733,101.5185,3.1073,101.6067,9,3,0.721
2026-08-13T10:00:00,Port Klang - KL Distribution,Port Klang - KL Distribution :: Shah Alam->Petaling Jaya,1,3.0733,101.5185,3.1073,101.6067,10,3,0.4331
2026-08-13T11:00:00,Port Klang - KL Distribution,Port Klang - KL Distribution :: Shah Alam->Petaling Jaya,1,3.0733,101.5185,3.1073,101.6067,11,3,0.4033
2026-08-13T12:00:00,Port Klang - KL Distribution,Port Klang - KL Distribution :: Shah Alam->Petaling Jaya,1,3.0733,101.5185,3.1073,101.6067,12,3,0.2474
2026-08-13T13:00:00,Port Klang - KL Distribution,Port Klang - KL Distribution :: Shah Alam->Petaling Jaya,1,3.0733,101.5185,3.1073,101.6067,13,3,0.2896
2026-08-13T14:00:00,Port Klang - KL Distribution,Port Klang - KL Distribution :: Shah Alam->Petaling Jaya,1,3.0733,101.5185,3.1073,101.6067,14,3,0.2903
2026-08-13T15:00:00,Port Klang - KL Distribution,Port Klang - KL Distribution :: Shah Alam->Petaling Jaya,1,3.0733,101.5185,3.1073,101.6067,15,3,0.4151
2026-08-13T16:00:00,Port Klang - KL Distribution,Port Klang - KL Distribution :: Shah Alam->Petaling Jaya,1,3.0733,101.5185,3.1073,101.6067,16,3,0.6041
2026-08-13T17:00:00,Port Klang - KL Distribution,Port Klang - KL Distribution :: Shah Alam->Petaling Jaya,1,3.0733,101.5185,3.1073,101.6067,17,3,0.7996
2026-08-13T18:00:00,Port Klang - KL Distribution,Port Klang - KL Distribution :: Shah Alam->Petaling Jaya,1,3.0733,101.5185,3.1073,101.6067,18,3,1.0
2026-08-13T19:00:00,Port Klang - KL Distribution,Port Klang - KL Distribution :: Shah Alam->Petaling Jaya,1,3.0733,101.5185,3.1073,101.6067,19,3,0.8469
2026-08-13T20:00:00,Port Klang - KL Distribution,Port Klang - KL Distribution :: Shah Alam->Petaling Jaya,1,3.0733,101.5185,3.1073,101.6067,20,3,0.5061
2026-08-13T21:00:00,Port Klang - KL Distribution,Port Klang - KL Distribution :: Shah Alam->Petaling Jaya,1,3.0733,101.5185,3.1073,101.6067,21,3,0.3608
2026-08-13T22:00:00,Port Klang - KL Distribution,Port Klang - KL Distribution :: Shah Alam->Petaling Jaya,1,3.0733,101.5185,3.1073,101.6067,22,3,0.3831
2026-08-13T23:00:00,Port Klang - KL Distribution,Port Klang - KL Distribution :: Shah Alam->Petaling Jaya,1,3.0733,101.5185,3.1073,101.6067,23,3,0.3186
2026-08-14T00:00:00,Port Klang - KL Distribution,Port Klang - KL Distribution :: Shah Alam->Petaling Jaya,1,3.0733,101.5185,3.1073,101.6067,0,4,0.2416
2026-08-14T01:00:00,Port Klang - KL Distribution,Port Klang - KL Distribution :: Shah Alam->Petaling Jaya,1,3.0733,101.5185,3.1073,101.6067,1,4,0.2415
2026-08-14T02:00:00,Port Klang - KL Distribution,Port Klang - KL Distribution :: Shah Alam->Petaling Jaya,1,3.0733,101.5185,3.1073,101.6067,2,4,0.2433
2026-08-14T03:00:00,Port Klang - KL Distribution,Port Klang - KL Distribution :: Shah Alam->Petaling Jaya,1,3.0733,101.5185,3.1073,101.6067,3,4,0.3884
2026-08-14T04:00:00,Port Klang - KL Distribution,Port Klang - KL Distribution :: Shah Alam->Petaling Jaya,1,3.0733,101.5185,3.1073,101.6067,4,4,0.2978
2026-08-14T05:00:00,Port Klang - KL Distribution,Port Klang - KL Distribution :: Shah Alam->Petaling Jaya,1,3.0733,101.5185,3.1073,101.6067,5,4,0.3594
2026-08-14T06:00:00,Port Klang - KL Distribution,Port Klang - KL Distribution :: Shah Alam->Petaling Jaya,1,3.0733,101.5185,3.1073,101.6067,6,4,0.5726
2026-08-14T07:00:00,Port Klang - KL Distribution,Port Klang - KL Distribution :: Shah Alam->Petaling Jaya,1,3.0733,101.5185,3.1073,101.6067,7,4,0.8025
2026-08-14T08:00:00,Port Klang - KL Distribution,Port Klang - KL Distribution :: Shah Alam->Petaling Jaya,1,3.0733,101.5185,3.1073,101.6067,8,4,0.922
2026-08-14T09:00:00,Port Klang - KL Distribution,Port Klang - KL Distribution :: Shah Alam->Petaling Jaya,1,3.0733,101.5185,3.1073,101.6067,9,4,0.7764
2026-08-14T10:00:00,Port Klang - KL Distribution,Port Klang - KL Distribution :: Shah Alam->Petaling Jaya,1,3.0733,101.5185,3.1073,101.6067,10,4,0.5065
2026-08-14T11:00:00,Port Klang - KL Distribution,Port Klang - KL Distribution :: Shah Alam->Petaling Jaya,1,3.0733,101.5185,3.1073,101.6067,11,4,0.3315
2026-08-14T12:00:00,Port Klang - KL Distribution,Port Klang - KL Distribution :: Shah Alam->Petaling Jaya,1,3.0733,101.5185,3.1073,101.6067,12,4,0.3191
2026-08-14T13:00:00,Port Klang - KL Distribution,Port Klang - KL Distribution :: Shah Alam->Petaling Jaya,1,3.0733,101.5185,3.1073,101.6067,13,4,0.272
2026-08-14T14:00:00,Port Klang - KL Distribution,Port Klang - KL Distribution :: Shah Alam->Petaling Jaya,1,3.0733,101.5185,3.1073,101.6067,14,4,0.3371
2026-08-14T15:00:00,Port Klang - KL Distribution,Port Klang - KL Distribution :: Shah Alam->Petaling Jaya,1,3.0733,101.5185,3.1073,101.6067,15,4,0.3816
2026-08-14T16:00:00,Port Klang - KL Distribution,Port Klang - KL Distribution :: Shah Alam->Petaling Jaya,1,3.0733,101.5185,3.1073,101.6067,16,4,0.6042
2026-08-14T17:00:00,Port Klang - KL Distribution,Port Klang - KL Distribution :: Shah Alam->Petaling Jaya,1,3.0733,101.5185,3.1073,101.6067,17,4,0.7567
2026-08-14T18:00:00,Port Klang - KL Distribution,Port Klang - KL Distribution :: Shah Alam->Petaling Jaya,1,3.0733,101.5185,3.1073,101.6067,18,4,1.0
2026-08-14T19:00:00,Port Klang - KL Distribution,Port Klang - KL Distribution :: Shah Alam->Petaling Jaya,1,3.0733,101.5185,3.1073,101.6067,19,4,0.8973
2026-08-14T20:00:00,Port Klang - KL Distribution,Port Klang - KL Distribution :: Shah Alam->Petaling Jaya,1,3.0733,101.5185,3.1073,101.6067,20,4,0.6594
2026-08-14T21:00:00,Port Klang - KL Distribution,Port Klang - KL Distribution :: Shah Alam->Petaling Jaya,1,3.0733,101.5185,3.1073,101.6067,21,4,0.2127
2026-08-14T22:00:00,Port Klang - KL Distribution,Port Klang - KL Distribution :: Shah Alam->Petaling Jaya,1,3.0733,101.5185,3.1073,101.6067,22,4,0.4184
2026-08-14T23:00:00,Port Klang - KL Distribution,Port Klang - KL Distribution :: Shah Alam->Petaling Jaya,1,3.0733,101.5185,3.1073,101.6067,23,4,0.2592
2026-08-15T00:00:00,Port Klang - KL Distribution,Port Klang - KL Distribution :: Shah Alam->Petaling Jaya,1,3.0733,101.5185,3.1073,101.6067,0,5,0.329
2026-08-15T01:00:00,Port Klang - KL Distribution,Port Klang - KL Distribution :: Shah Alam->Petaling Jaya,1,3.0733,101.5185,3.1073,101.6067,1,5,0.2001
2026-08-15T02:00:00,Port Klang - KL Distribution,Port Klang - KL Distribution :: Shah Alam->Petaling Jaya,1,3.0733,101.5185,3.1073,101.6067,2,5,0.2993
2026-08-15T03:00:00,Port Klang - KL Distribution,Port Klang - KL Distribution :: Shah Alam->Petaling Jaya,1,3.0733,101.5185,3.1073,101.6067,3,5,0.2006
2026-08-15T04:00:00,Port Klang - KL Distribution,Port Klang - KL Distribution :: Shah Alam->Petaling Jaya,1,3.0733,101.5185,3.1073,101.6067,4,5,0.2374
2026-08-15T05:00:00,Port Klang - KL Distribution,Port Klang - KL Distribution :: Shah Alam->Petaling Jaya,1,3.0733,101.5185,3.1073,101.6067,5,5,0.4485
2026-08-15T06:00:00,Port Klang - KL Distribution,Port Klang - KL Distribution :: Shah Alam->Petaling Jaya,1,3.0733,101.5185,3.1073,101.6067,6,5,0.4994
2026-08-15T07:00:00,Port Klang - KL Distribution,Port Klang - KL Distribution :: Shah Alam->Petaling Jaya,1,3.0733,101.5185,3.1073,101.6067,7,5,0.8012
2026-08-15T08:00:00,Port Klang - KL Distribution,Port Klang - KL Distribution :: Shah Alam->Petaling Jaya,1,3.0733,101.5185,3.1073,101.6067,8,5,0.9897
2026-08-15T09:00:00,Port Klang - KL Distribution,Port Klang - KL Distribution :: Shah Alam->Petaling Jaya,1,3.0733,101.5185,3.1073,101.6067,9,5,0.8179
2026-08-15T10:00:00,Port Klang - KL Distribution,Port Klang - KL Distribution :: Shah Alam->Petaling Jaya,1,3.0733,101.5185,3.1073,101.6067,10,5,0.5198
2026-08-15T11:00:00,Port Klang - KL Distribution,Port Klang - KL Distribution :: Shah Alam->Petaling Jaya,1,3.0733,101.5185,3.1073,101.6067,11,5,0.3556
2026-08-15T12:00:00,Port Klang - KL Distribution,Port Klang - KL Distribution :: Shah Alam->Petaling Jaya,1,3.0733,101.5185,3.1073,101.6067,12,5,0.4196
2026-08-15T13:00:00,Port Klang - KL Distribution,Port Klang - KL Distribution :: Shah Alam->Petaling Jaya,1,3.0733,101.5185,3.1073,101.6067,13,5,0.2654
2026-08-15T14:00:00,Port Klang - KL Distribution,Port Klang - KL Distribution :: Shah Alam->Petaling Jaya,1,3.0733,101.5185,3.1073,101.6067,14,5,0.3052
2026-08-15T15:00:00,Port Klang - KL Distribution,Port Klang - KL Distribution :: Shah Alam->Petaling Jaya,1,3.0733,101.5185,3.1073,101.6067,15,5,0.4495
2026-08-15T16:00:00,Port Klang - KL Distribution,Port Klang - KL Distribution :: Shah Alam->Petaling Jaya,1,3.0733,101.5185,3.1073,101.6067,16,5,0.6658
2026-08-15T17:00:00,Port Klang - KL Distribution,Port Klang - KL Distribution :: Shah Alam->Petaling Jaya,1,3.0733,101.5185,3.1073,101.6067,17,5,0.9478
2026-08-15T18:00:00,Port Klang - KL Distribution,Port Klang - KL Distribution :: Shah Alam->Petaling Jaya,1,3.0733,101.5185,3.1073,101.6067,18,5,1.0
2026-08-15T19:00:00,Port Klang - KL Distribution,Port Klang - KL Distribution :: Shah Alam->Petaling Jaya,1,3.0733,101.5185,3.1073,101.6067,19,5,0.808
2026-08-15T20:00:00,Port Klang - KL Distribution,Port Klang - KL Distribution :: Shah Alam->Petaling Jaya,1,3.0733,101.5185,3.1073,101.6067,20,5,0.6975
2026-08-15T21:00:00,Port Klang - KL Distribution,Port Klang - KL Distribution :: Shah Alam->Petaling Jaya,1,3.0733,101.5185,3.1073,101.6067,21,5,0.3177
2026-08-15T22:00:00,Port Klang - KL Distribution,Port Klang - KL Distribution :: Shah Alam->Petaling Jaya,1,3.0733,101.5185,3.1073,101.6067,22,5,0.3112
2026-08-15T23:00:00,Port Klang - KL Distribution,Port Klang - KL Distribution :: Shah Alam->Petaling Jaya,1,3.0733,101.5185,3.1073,101.6067,23,5,0.2223
2026-08-16T00:00:00,Port Klang - KL Distribution,Port Klang - KL Distribution :: Shah Alam->Petaling Jaya,1,3.0733,101.5185,3.1073,101.6067,0,6,0.2587
2026-08-16T01:00:00,Port Klang - KL Distribution,Port Klang - KL Distribution :: Shah Alam->Petaling Jaya,1,3.0733,101.5185,3.1073,101.6067,1,6,0.2822
2026-08-16T02:00:00,Port Klang - KL Distribution,Port Klang - KL Distribution :: Shah Alam->Petaling Jaya,1,3.0733,101.5185,3.1073,101.6067,2,6,0.2819
2026-08-16T03:00:00,Port Klang - KL Distribution,Port Klang - KL Distribution :: Shah Alam->Petaling Jaya,1,3.0733,101.5185,3.1073,101.6067,3,6,0.2891
2026-08-16T04:00:00,Port Klang - KL Distribution,Port Klang - KL Distribution :: Shah Alam->Petaling Jaya,1,3.0733,101.5185,3.1073,101.6067,4,6,0.3717
2026-08-16T05:00:00,Port Klang - KL Distribution,Port Klang - KL Distribution :: Shah Alam->Petaling Jaya,1,3.0733,101.5185,3.1073,101.6067,5,6,0.3609
2026-08-16T06:00:00,Port Klang - KL Distribution,Port Klang - KL Distribution :: Shah Alam->Petaling Jaya,1,3.0733,101.5185,3.1073,101.6067,6,6,0.4962
2026-08-16T07:00:00,Port Klang - KL Distribution,Port Klang - KL Distribution :: Shah Alam->Petaling Jaya,1,3.0733,101.5185,3.1073,101.6067,7,6,0.846
2026-08-16T08:00:00,Port Klang - KL Distribution,Port Klang - KL Distribution :: Shah Alam->Petaling Jaya,1,3.0733,101.5185,3.1073,101.6067,8,6,1.0
2026-08-16T09:00:00,Port Klang - KL Distribution,Port Klang - KL Distribution :: Shah Alam->Petaling Jaya,1,3.0733,101.5185,3.1073,101.6067,9,6,0.7145
2026-08-16T10:00:00,Port Klang - KL Distribution,Port Klang - KL Distribution :: Shah Alam->Petaling Jaya,1,3.0733,101.5185,3.1073,101.6067,10,6,0.5467
2026-08-16T11:00:00,Port Klang - KL Distribution,Port Klang - KL Distribution :: Shah Alam->Petaling Jaya,1,3.0733,101.5185,3.1073,101.6067,11,6,0.3758
2026-08-16T12:00:00,Port Klang - KL Distribution,Port Klang - KL Distribution :: Shah Alam->Petaling Jaya,1,3.0733,101.5185,3.1073,101.6067,12,6,0.2576
2026-08-16T13:00:00,Port Klang - KL Distribution,Port Klang - KL Distribution :: Shah Alam->Petaling Jaya,1,3.0733,101.5185,3.1073,101.6067,13,6,0.3514
2026-08-16T14:00:00,Port Klang - KL Distribution,Port Klang - KL Distribution :: Shah Alam->Petaling Jaya,1,3.0733,101.5185,3.1073,101.6067,14,6,0.2842
2026-08-16T15:00:00,Port Klang - KL Distribution,Port Klang - KL Distribution :: Shah Alam->Petaling Jaya,1,3.0733,101.5185,3.1073,101.6067,15,6,0.394
2026-08-16T16:00:00,Port Klang - KL Distribution,Port Klang - KL Distribution :: Shah Alam->Petaling Jaya,1,3.0733,101.5185,3.1073,101.6067,16,6,0.5891
2026-08-16T17:00:00,Port Klang - KL Distribution,Port Klang - KL Distribution :: Shah Alam->Petaling Jaya,1,3.0733,101.5185,3.1073,101.6067,17,6,0.8775
2026-08-16T18:00:00,Port Klang - KL Distribution,Port Klang - KL Distribution :: Shah Alam->Petaling Jaya,1,3.0733,101.5185,3.1073,101.6067,18,6,0.9342
2026-08-16T19:00:00,Port Klang - KL Distribution,Port Klang - KL Distribution :: Shah Alam->Petaling Jaya,1,3.0733,101.5185,3.1073,101.6067,19,6,0.7901
2026-08-16T20:00:00,Port Klang - KL Distribution,Port Klang - KL Distribution :: Shah Alam->Petaling Jaya,1,3.0733,101.5185,3.1073,101.6067,20,6,0.6952
2026-08-16T21:00:00,Port Klang - KL Distribution,Port Klang - KL Distribution :: Shah Alam->Petaling Jaya,1,3.0733,101.5185,3.1073,101.6067,21,6,0.3357
2026-08-16T22:00:00,Port Klang - KL Distribution,Port Klang - KL Distribution :: Shah Alam->Petaling Jaya,1,3.0733,101.5185,3.1073,101.6067,22,6,0.2336
2026-08-16T23:00:00,Port Klang - KL Distribution,Port Klang - KL Distribution :: Shah Alam->Petaling Jaya,1,3.0733,101.5185,3.1073,101.6067,23,6,0.1384
2026-08-17T00:00:00,Port Klang - KL Distribution,Port Klang - KL Distribution :: Shah Alam->Petaling Jaya,1,3.0733,101.5185,3.1073,101.6067,0,0,0.2242
2026-08-17T01:00:00,Port Klang - KL Distribution,Port Klang - KL Distribution :: Shah Alam->Petaling Jaya,1,3.0733,101.5185,3.1073,101.6067,1,0,0.1831
2026-08-17T02:00:00,Port Klang - KL Distribution,Port Klang - KL Distribution :: Shah Alam->Petaling Jaya,1,3.0733,101.5185,3.1073,101.6067,2,0,0.3611
2026-08-17T03:00:00,Port Klang - KL Distribution,Port Klang - KL Distribution :: Shah Alam->Petaling Jaya,1,3.0733,101.5185,3.1073,101.6067,3,0,0.3244
2026-08-17T04:00:00,Port Klang - KL Distribution,Port Klang - KL Distribution :: Shah Alam->Petaling Jaya,1,3.0733,101.5185,3.1073,101.6067,4,0,0.2336
2026-08-17T05:00:00,Port Klang - KL Distribution,Port Klang - KL Distribution :: Shah Alam->Petaling Jaya,1,3.0733,101.5185,3.1073,101.6067,5,0,0.4688
2026-08-17T06:00:00,Port Klang - KL Distribution,Port Klang - KL Distribution :: Shah Alam->Petaling Jaya,1,3.0733,101.5185,3.1073,101.6067,6,0,0.5697
2026-08-17T07:00:00,Port Klang - KL Distribution,Port Klang - KL Distribution :: Shah Alam->Petaling Jaya,1,3.0733,101.5185,3.1073,101.6067,7,0,0.7687
2026-08-17T08:00:00,Port Klang - KL Distribution,Port Klang - KL Distribution :: Shah Alam->Petaling Jaya,1,3.0733,101.5185,3.1073,101.6067,8,0,0.7875
2026-08-17T09:00:00,Port Klang - KL Distribution,Port Klang - KL Distribution :: Shah Alam->Petaling Jaya,1,3.0733,101.5185,3.1073,101.6067,9,0,0.9256
2026-08-17T10:00:00,Port Klang - KL Distribution,Port Klang - KL Distribution :: Shah Alam->Petaling Jaya,1,3.0733,101.5185,3.1073,101.6067,10,0,0.4274
2026-08-17T11:00:00,Port Klang - KL Distribution,Port Klang - KL Distribution :: Shah Alam->Petaling Jaya,1,3.0733,101.5185,3.1073,101.6067,11,0,0.235
2026-08-17T12:00:00,Port Klang - KL Distribution,Port Klang - KL Distribution :: Shah Alam->Petaling Jaya,1,3.0733,101.5185,3.1073,101.6067,12,0,0.3368
2026-08-17T13:00:00,Port Klang - KL Distribution,Port Klang - KL Distribution :: Shah Alam->Petaling Jaya,1,3.0733,101.5185,3.1073,101.6067,13,0,0.4152
2026-08-17T14:00:00,Port Klang - KL Distribution,Port Klang - KL Distribution :: Shah Alam->Petaling Jaya,1,3.0733,101.5185,3.1073,101.6067,14,0,0.3762
2026-08-17T15:00:00,Port Klang - KL Distribution,Port Klang - KL Distribution :: Shah Alam->Petaling Jaya,1,3.0733,101.5185,3.1073,101.6067,15,0,0.4203
2026-08-17T16:00:00,Port Klang - KL Distribution,Port Klang - KL Distribution :: Shah Alam->Petaling Jaya,1,3.0733,101.5185,3.1073,101.6067,16,0,0.6352
2026-08-17T17:00:00,Port Klang - KL Distribution,Port Klang - KL Distribution :: Shah Alam->Petaling Jaya,1,3.0733,101.5185,3.1073,101.6067,17,0,0.9278
2026-08-17T18:00:00,Port Klang - KL Distribution,Port Klang - KL Distribution :: Shah Alam->Petaling Jaya,1,3.0733,101.5185,3.1073,101.6067,18,0,1.0
2026-08-17T19:00:00,Port Klang - KL Distribution,Port Klang - KL Distribution :: Shah Alam->Petaling Jaya,1,3.0733,101.5185,3.1073,101.6067,19,0,0.8934
2026-08-17T20:00:00,Port Klang - KL Distribution,Port Klang - KL Distribution :: Shah Alam->Petaling Jaya,1,3.0733,101.5185,3.1073,101.6067,20,0,0.6057
2026-08-17T21:00:00,Port Klang - KL Distribution,Port Klang - KL Distribution :: Shah Alam->Petaling Jaya,1,3.0733,101.5185,3.1073,101.6067,21,0,0.3827
2026-08-17T22:00:00,Port Klang - KL Distribution,Port Klang - KL Distribution :: Shah Alam->Petaling Jaya,1,3.0733,101.5185,3.1073,101.6067,22,0,0.2478
2026-08-17T23:00:00,Port Klang - KL Distribution,Port Klang - KL Distribution :: Shah Alam->Petaling Jaya,1,3.0733,101.5185,3.1073,101.6067,23,0,0.2507
2026-08-18T00:00:00,Port Klang - KL Distribution,Port Klang - KL Distribution :: Shah Alam->Petaling Jaya,1,3.0733,101.5185,3.1073,101.6067,0,1,0.1609
2026-08-18T01:00:00,Port Klang - KL Distribution,Port Klang - KL Distribution :: Shah Alam->Petaling Jaya,1,3.0733,101.5185,3.1073,101.6067,1,1,0.2566
2026-08-18T02:00:00,Port Klang - KL Distribution,Port Klang - KL Distribution :: Shah Alam->Petaling Jaya,1,3.0733,101.5185,3.1073,101.6067,2,1,0.2033
2026-08-18T03:00:00,Port Klang - KL Distribution,Port Klang - KL Distribution :: Shah Alam->Petaling Jaya,1,3.0733,101.5185,3.1073,101.6067,3,1,0.1976
2026-08-18T04:00:00,Port Klang - KL Distribution,Port Klang - KL Distribution :: Shah Alam->Petaling Jaya,1,3.0733,101.5185,3.1073,101.6067,4,1,0.2857
2026-08-18T05:00:00,Port Klang - KL Distribution,Port Klang - KL Distribution :: Shah Alam->Petaling Jaya,1,3.0733,101.5185,3.1073,101.6067,5,1,0.4172
2026-08-18T06:00:00,Port Klang - KL Distribution,Port Klang - KL Distribution :: Shah Alam->Petaling Jaya,1,3.0733,101.5185,3.1073,101.6067,6,1,0.5659
2026-08-18T07:00:00,Port Klang - KL Distribution,Port Klang - KL Distribution :: Shah Alam->Petaling Jaya,1,3.0733,101.5185,3.1073,101.6067,7,1,0.694
2026-08-18T08:00:00,Port Klang - KL Distribution,Port Klang - KL Distribution :: Shah Alam->Petaling Jaya,1,3.0733,101.5185,3.1073,101.6067,8,1,0.8781
2026-08-18T09:00:00,Port Klang - KL Distribution,Port Klang - KL Distribution :: Shah Alam->Petaling Jaya,1,3.0733,101.5185,3.1073,101.6067,9,1,0.8446
2026-08-18T10:00:00,Port Klang - KL Distribution,Port Klang - KL Distribution :: Shah Alam->Petaling Jaya,1,3.0733,101.5185,3.1073,101.6067,10,1,0.4519
2026-08-18T11:00:00,Port Klang - KL Distribution,Port Klang - KL Distribution :: Shah Alam->Petaling Jaya,1,3.0733,101.5185,3.1073,101.6067,11,1,0.3202
2026-08-18T12:00:00,Port Klang - KL Distribution,Port Klang - KL Distribution :: Shah Alam->Petaling Jaya,1,3.0733,101.5185,3.1073,101.6067,12,1,0.3084
2026-08-18T13:00:00,Port Klang - KL Distribution,Port Klang - KL Distribution :: Shah Alam->Petaling Jaya,1,3.0733,101.5185,3.1073,101.6067,13,1,0.2108
2026-08-18T14:00:00,Port Klang - KL Distribution,Port Klang - KL Distribution :: Shah Alam->Petaling Jaya,1,3.0733,101.5185,3.1073,101.6067,14,1,0.2995
2026-08-18T15:00:00,Port Klang - KL Distribution,Port Klang - KL Distribution :: Shah Alam->Petaling Jaya,1,3.0733,101.5185,3.1073,101.6067,15,1,0.3064
2026-08-18T16:00:00,Port Klang - KL Distribution,Port Klang - KL Distribution :: Shah Alam->Petaling Jaya,1,3.0733,101.5185,3.1073,101.6067,16,1,0.5634
2026-08-18T17:00:00,Port Klang - KL Distribution,Port Klang - KL Distribution :: Shah Alam->Petaling Jaya,1,3.0733,101.5185,3.1073,101.6067,17,1,0.8957
2026-08-18T18:00:00,Port Klang - KL Distribution,Port Klang - KL Distribution :: Shah Alam->Petaling Jaya,1,3.0733,101.5185,3.1073,101.6067,18,1,0.9044
2026-08-18T19:00:00,Port Klang - KL Distribution,Port Klang - KL Distribution :: Shah Alam->Petaling Jaya,1,3.0733,101.5185,3.1073,101.6067,19,1,0.903
2026-08-18T20:00:00,Port Klang - KL Distribution,Port Klang - KL Distribution :: Shah Alam->Petaling Jaya,1,3.0733,101.5185,3.1073,101.6067,20,1,0.5983
2026-08-18T21:00:00,Port Klang - KL Distribution,Port Klang - KL Distribution :: Shah Alam->Petaling Jaya,1,3.0733,101.5185,3.1073,101.6067,21,1,0.4196
2026-08-18T22:00:00,Port Klang - KL Distribution,Port Klang - KL Distribution :: Shah Alam->Petaling Jaya,1,3.0733,101.5185,3.1073,101.6067,22,1,0.3065
2026-08-18T23:00:00,Port Klang - KL Distribution,Port Klang - KL Distribution :: Shah Alam->Petaling Jaya,1,3.0733,101.5185,3.1073,101.6067,23,1,0.3494
2026-08-19T00:00:00,Port Klang - KL Distribution,Port Klang - KL Distribution :: Shah Alam->Petaling Jaya,1,3.0733,101.5185,3.1073,101.6067,0,2,0.27
2026-08-19T01:00:00,Port Klang - KL Distribution,Port Klang - KL Distribution :: Shah Alam->Petaling Jaya,1,3.0733,101.5185,3.1073,101.6067,1,2,0.2367
2026-08-19T02:00:00,Port Klang - KL Distribution,Port Klang - KL Distribution :: Shah Alam->Petaling Jaya,1,3.0733,101.5185,3.1073,101.6067,2,2,0.2699
2026-08-19T03:00:00,Port Klang - KL Distribution,Port Klang - KL Distribution :: Shah Alam->Petaling Jaya,1,3.0733,101.5185,3.1073,101.6067,3,2,0.2964
2026-08-19T04:00:00,Port Klang - KL Distribution,Port Klang - KL Distribution :: Shah Alam->Petaling Jaya,1,3.0733,101.5185,3.1073,101.6067,4,2,0.2778
2026-08-19T05:00:00,Port Klang - KL Distribution,Port Klang - KL Distribution :: Shah Alam->Petaling Jaya,1,3.0733,101.5185,3.1073,101.6067,5,2,0.3361
2026-08-19T06:00:00,Port Klang - KL Distribution,Port Klang - KL Distribution :: Shah Alam->Petaling Jaya,1,3.0733,101.5185,3.1073,101.6067,6,2,0.4687
2026-08-19T07:00:00,Port Klang - KL Distribution,Port Klang - KL Distribution :: Shah Alam->Petaling Jaya,1,3.0733,101.5185,3.1073,101.6067,7,2,0.7484
2026-08-19T08:00:00,Port Klang - KL Distribution,Port Klang - KL Distribution :: Shah Alam->Petaling Jaya,1,3.0733,101.5185,3.1073,101.6067,8,2,0.8533
2026-08-19T09:00:00,Port Klang - KL Distribution,Port Klang - KL Distribution :: Shah Alam->Petaling Jaya,1,3.0733,101.5185,3.1073,101.6067,9,2,0.8932
2026-08-19T10:00:00,Port Klang - KL Distribution,Port Klang - KL Distribution :: Shah Alam->Petaling Jaya,1,3.0733,101.5185,3.1073,101.6067,10,2,0.4362
2026-08-19T11:00:00,Port Klang - KL Distribution,Port Klang - KL Distribution :: Shah Alam->Petaling Jaya,1,3.0733,101.5185,3.1073,101.6067,11,2,0.2921
2026-08-19T12:00:00,Port Klang - KL Distribution,Port Klang - KL Distribution :: Shah Alam->Petaling Jaya,1,3.0733,101.5185,3.1073,101.6067,12,2,0.2323
2026-08-19T13:00:00,Port Klang - KL Distribution,Port Klang - KL Distribution :: Shah Alam->Petaling Jaya,1,3.0733,101.5185,3.1073,101.6067,13,2,0.3226
2026-08-19T14:00:00,Port Klang - KL Distribution,Port Klang - KL Distribution :: Shah Alam->Petaling Jaya,1,3.0733,101.5185,3.1073,101.6067,14,2,0.2755
2026-08-19T15:00:00,Port Klang - KL Distribution,Port Klang - KL Distribution :: Shah Alam->Petaling Jaya,1,3.0733,101.5185,3.1073,101.6067,15,2,0.4613
2026-08-19T16:00:00,Port Klang - KL Distribution,Port Klang - KL Distribution :: Shah Alam->Petaling Jaya,1,3.0733,101.5185,3.1073,101.6067,16,2,0.5591
2026-08-19T17:00:00,Port Klang - KL Distribution,Port Klang - KL Distribution :: Shah Alam->Petaling Jaya,1,3.0733,101.5185,3.1073,101.6067,17,2,0.8933
2026-08-19T18:00:00,Port Klang - KL Distribution,Port Klang - KL Distribution :: Shah Alam->Petaling Jaya,1,3.0733,101.5185,3.1073,101.6067,18,2,0.9499
2026-08-19T19:00:00,Port Klang - KL Distribution,Port Klang - KL Distribution :: Shah Alam->Petaling Jaya,1,3.0733,101.5185,3.1073,101.6067,19,2,1.0
2026-08-19T20:00:00,Port Klang - KL Distribution,Port Klang - KL Distribution :: Shah Alam->Petaling Jaya,1,3.0733,101.5185,3.1073,101.6067,20,2,0.5282
2026-08-19T21:00:00,Port Klang - KL Distribution,Port Klang - KL Distribution :: Shah Alam->Petaling Jaya,1,3.0733,101.5185,3.1073,101.6067,21,2,0.4051
2026-08-19T22:00:00,Port Klang - KL Distribution,Port Klang - KL Distribution :: Shah Alam->Petaling Jaya,1,3.0733,101.5185,3.1073,101.6067,22,2,0.3311
2026-08-19T23:00:00,Port Klang - KL Distribution,Port Klang - KL Distribution :: Shah Alam->Petaling Jaya,1,3.0733,101.5185,3.1073,101.6067,23,2,0.2924
2026-08-20T00:00:00,Port Klang - KL Distribution,Port Klang - KL Distribution :: Shah Alam->Petaling Jaya,1,3.0733,101.5185,3.1073,101.6067,0,3,0.2514
2026-08-20T01:00:00,Port Klang - KL Distribution,Port Klang - KL Distribution :: Shah Alam->Petaling Jaya,1,3.0733,101.5185,3.1073,101.6067,1,3,0.2547
2026-08-20T02:00:00,Port Klang - KL Distribution,Port Klang - KL Distribution :: Shah Alam->Petaling Jaya,1,3.0733,101.5185,3.1073,101.6067,2,3,0.2652
2026-08-20T03:00:00,Port Klang - KL Distribution,Port Klang - KL Distribution :: Shah Alam->Petaling Jaya,1,3.0733,101.5185,3.1073,101.6067,3,3,0.255
2026-08-20T04:00:00,Port Klang - KL Distribution,Port Klang - KL Distribution :: Shah Alam->Petaling Jaya,1,3.0733,101.5185,3.1073,101.6067,4,3,0.3327
2026-08-20T05:00:00,Port Klang - KL Distribution,Port Klang - KL Distribution :: Shah Alam->Petaling Jaya,1,3.0733,101.5185,3.1073,101.6067,5,3,0.4663
2026-08-20T06:00:00,Port Klang - KL Distribution,Port Klang - KL Distribution :: Shah Alam->Petaling Jaya,1,3.0733,101.5185,3.1073,101.6067,6,3,0.4774
2026-08-20T07:00:00,Port Klang - KL Distribution,Port Klang - KL Distribution :: Shah Alam->Petaling Jaya,1,3.0733,101.5185,3.1073,101.6067,7,3,0.706
2026-08-20T08:00:00,Port Klang - KL Distribution,Port Klang - KL Distribution :: Shah Alam->Petaling Jaya,1,3.0733,101.5185,3.1073,101.6067,8,3,0.9322
2026-08-20T09:00:00,Port Klang - KL Distribution,Port Klang - KL Distribution :: Shah Alam->Petaling Jaya,1,3.0733,101.5185,3.1073,101.6067,9,3,0.943
2026-08-20T10:00:00,Port Klang - KL Distribution,Port Klang - KL Distribution :: Shah Alam->Petaling Jaya,1,3.0733,101.5185,3.1073,101.6067,10,3,0.4626
2026-08-20T11:00:00,Port Klang - KL Distribution,Port Klang - KL Distribution :: Shah Alam->Petaling Jaya,1,3.0733,101.5185,3.1073,101.6067,11,3,0.432
2026-08-20T12:00:00,Port Klang - KL Distribution,Port Klang - KL Distribution :: Shah Alam->Petaling Jaya,1,3.0733,101.5185,3.1073,101.6067,12,3,0.3761
2026-08-20T13:00:00,Port Klang - KL Distribution,Port Klang - KL Distribution :: Shah Alam->Petaling Jaya,1,3.0733,101.5185,3.1073,101.6067,13,3,0.2356
2026-08-20T14:00:00,Port Klang - KL Distribution,Port Klang - KL Distribution :: Shah Alam->Petaling Jaya,1,3.0733,101.5185,3.1073,101.6067,14,3,0.3273
2026-08-20T15:00:00,Port Klang - KL Distribution,Port Klang - KL Distribution :: Shah Alam->Petaling Jaya,1,3.0733,101.5185,3.1073,101.6067,15,3,0.4842
2026-08-20T16:00:00,Port Klang - KL Distribution,Port Klang - KL Distribution :: Shah Alam->Petaling Jaya,1,3.0733,101.5185,3.1073,101.6067,16,3,0.5767
2026-08-20T17:00:00,Port Klang - KL Distribution,Port Klang - KL Distribution :: Shah Alam->Petaling Jaya,1,3.0733,101.5185,3.1073,101.6067,17,3,0.8643
2026-08-20T18:00:00,Port Klang - KL Distribution,Port Klang - KL Distribution :: Shah Alam->Petaling Jaya,1,3.0733,101.5185,3.1073,101.6067,18,3,0.9651
2026-08-20T19:00:00,Port Klang - KL Distribution,Port Klang - KL Distribution :: Shah Alam->Petaling Jaya,1,3.0733,101.5185,3.1073,101.6067,19,3,0.8157
2026-08-20T20:00:00,Port Klang - KL Distribution,Port Klang - KL Distribution :: Shah Alam->Petaling Jaya,1,3.0733,101.5185,3.1073,101.6067,20,3,0.5605
2026-08-20T21:00:00,Port Klang - KL Distribution,Port Klang - KL Distribution :: Shah Alam->Petaling Jaya,1,3.0733,101.5185,3.1073,101.6067,21,3,0.313
2026-08-20T22:00:00,Port Klang - KL Distribution,Port Klang - KL Distribution :: Shah Alam->Petaling Jaya,1,3.0733,101.5185,3.1073,101.6067,22,3,0.2951
2026-08-20T23:00:00,Port Klang - KL Distribution,Port Klang - KL Distribution :: Shah Alam->Petaling Jaya,1,3.0733,101.5185,3.1073,101.6067,23,3,0.2214
2026-08-21T00:00:00,Port Klang - KL Distribution,Port Klang - KL Distribution :: Shah Alam->Petaling Jaya,1,3.0733,101.5185,3.1073,101.6067,0,4,0.2765
2026-08-21T01:00:00,Port Klang - KL Distribution,Port Klang - KL Distribution :: Shah Alam->Petaling Jaya,1,3.0733,101.5185,3.1073,101.6067,1,4,0.1691
2026-08-21T02:00:00,Port Klang - KL Distribution,Port Klang - KL Distribution :: Shah Alam->Petaling Jaya,1,3.0733,101.5185,3.1073,101.6067,2,4,0.2824
2026-08-21T03:00:00,Port Klang - KL Distribution,Port Klang - KL Distribution :: Shah Alam->Petaling Jaya,1,3.0733,101.5185,3.1073,101.6067,3,4,0.3138
2026-08-21T04:00:00,Port Klang - KL Distribution,Port Klang - KL Distribution :: Shah Alam->Petaling Jaya,1,3.0733,101.5185,3.1073,101.6067,4,4,0.1552
2026-08-21T05:00:00,Port Klang - KL Distribution,Port Klang - KL Distribution :: Shah Alam->Petaling Jaya,1,3.0733,101.5185,3.1073,101.6067,5,4,0.3561
2026-08-21T06:00:00,Port Klang - KL Distribution,Port Klang - KL Distribution :: Shah Alam->Petaling Jaya,1,3.0733,101.5185,3.1073,101.6067,6,4,0.5845
2026-08-21T07:00:00,Port Klang - KL Distribution,Port Klang - KL Distribution :: Shah Alam->Petaling Jaya,1,3.0733,101.5185,3.1073,101.6067,7,4,0.7156
2026-08-21T08:00:00,Port Klang - KL Distribution,Port Klang - KL Distribution :: Shah Alam->Petaling Jaya,1,3.0733,101.5185,3.1073,101.6067,8,4,1.0
2026-08-21T09:00:00,Port Klang - KL Distribution,Port Klang - KL Distribution :: Shah Alam->Petaling Jaya,1,3.0733,101.5185,3.1073,101.6067,9,4,0.8133
2026-08-21T10:00:00,Port Klang - KL Distribution,Port Klang - KL Distribution :: Shah Alam->Petaling Jaya,1,3.0733,101.5185,3.1073,101.6067,10,4,0.4685
2026-08-21T11:00:00,Port Klang - KL Distribution,Port Klang - KL Distribution :: Shah Alam->Petaling Jaya,1,3.0733,101.5185,3.1073,101.6067,11,4,0.3303
2026-08-21T12:00:00,Port Klang - KL Distribution,Port Klang - KL Distribution :: Shah Alam->Petaling Jaya,1,3.0733,101.5185,3.1073,101.6067,12,4,0.3089
2026-08-21T13:00:00,Port Klang - KL Distribution,Port Klang - KL Distribution :: Shah Alam->Petaling Jaya,1,3.0733,101.5185,3.1073,101.6067,13,4,0.2734
2026-08-21T14:00:00,Port Klang - KL Distribution,Port Klang - KL Distribution :: Shah Alam->Petaling Jaya,1,3.0733,101.5185,3.1073,101.6067,14,4,0.3255
2026-08-21T15:00:00,Port Klang - KL Distribution,Port Klang - KL Distribution :: Shah Alam->Petaling Jaya,1,3.0733,101.5185,3.1073,101.6067,15,4,0.3312
2026-08-21T16:00:00,Port Klang - KL Distribution,Port Klang - KL Distribution :: Shah Alam->Petaling Jaya,1,3.0733,101.5185,3.1073,101.6067,16,4,0.6097
2026-08-21T17:00:00,Port Klang - KL Distribution,Port Klang - KL Distribution :: Shah Alam->Petaling Jaya,1,3.0733,101.5185,3.1073,101.6067,17,4,0.7917
2026-08-21T18:00:00,Port Klang - KL Distribution,Port Klang - KL Distribution :: Shah Alam->Petaling Jaya,1,3.0733,101.5185,3.1073,101.6067,18,4,0.9933
2026-08-21T19:00:00,Port Klang - KL Distribution,Port Klang - KL Distribution :: Shah Alam->Petaling Jaya,1,3.0733,101.5185,3.1073,101.6067,19,4,0.8223
2026-08-21T20:00:00,Port Klang - KL Distribution,Port Klang - KL Distribution :: Shah Alam->Petaling Jaya,1,3.0733,101.5185,3.1073,101.6067,20,4,0.5554
2026-08-21T21:00:00,Port Klang - KL Distribution,Port Klang - KL Distribution :: Shah Alam->Petaling Jaya,1,3.0733,101.5185,3.1073,101.6067,21,4,0.4606
2026-08-21T22:00:00,Port Klang - KL Distribution,Port Klang - KL Distribution :: Shah Alam->Petaling Jaya,1,3.0733,101.5185,3.1073,101.6067,22,4,0.3586
2026-08-21T23:00:00,Port Klang - KL Distribution,Port Klang - KL Distribution :: Shah Alam->Petaling Jaya,1,3.0733,101.5185,3.1073,101.6067,23,4,0.3041
2026-08-22T00:00:00,Port Klang - KL Distribution,Port Klang - KL Distribution :: Shah Alam->Petaling Jaya,1,3.0733,101.5185,3.1073,101.6067,0,5,0.197
2026-08-22T01:00:00,Port Klang - KL Distribution,Port Klang - KL Distribution :: Shah Alam->Petaling Jaya,1,3.0733,101.5185,3.1073,101.6067,1,5,0.2435
2026-08-22T02:00:00,Port Klang - KL Distribution,Port Klang - KL Distribution :: Shah Alam->Petaling Jaya,1,3.0733,101.5185,3.1073,101.6067,2,5,0.3354
2026-08-22T03:00:00,Port Klang - KL Distribution,Port Klang - KL Distribution :: Shah Alam->Petaling Jaya,1,3.0733,101.5185,3.1073,101.6067,3,5,0.2723
2026-08-22T04:00:00,Port Klang - KL Distribution,Port Klang - KL Distribution :: Shah Alam->Petaling Jaya,1,3.0733,101.5185,3.1073,101.6067,4,5,0.414
2026-08-22T05:00:00,Port Klang - KL Distribution,Port Klang - KL Distribution :: Shah Alam->Petaling Jaya,1,3.0733,101.5185,3.1073,101.6067,5,5,0.3572
2026-08-22T06:00:00,Port Klang - KL Distribution,Port Klang - KL Distribution :: Shah Alam->Petaling Jaya,1,3.0733,101.5185,3.1073,101.6067,6,5,0.5223
2026-08-22T07:00:00,Port Klang - KL Distribution,Port Klang - KL Distribution :: Shah Alam->Petaling Jaya,1,3.0733,101.5185,3.1073,101.6067,7,5,0.7696
2026-08-22T08:00:00,Port Klang - KL Distribution,Port Klang - KL Distribution :: Shah Alam->Petaling Jaya,1,3.0733,101.5185,3.1073,101.6067,8,5,0.9455
2026-08-22T09:00:00,Port Klang - KL Distribution,Port Klang - KL Distribution :: Shah Alam->Petaling Jaya,1,3.0733,101.5185,3.1073,101.6067,9,5,0.779
2026-08-22T10:00:00,Port Klang - KL Distribution,Port Klang - KL Distribution :: Shah Alam->Petaling Jaya,1,3.0733,101.5185,3.1073,101.6067,10,5,0.5533
2026-08-22T11:00:00,Port Klang - KL Distribution,Port Klang - KL Distribution :: Shah Alam->Petaling Jaya,1,3.0733,101.5185,3.1073,101.6067,11,5,0.3911
2026-08-22T12:00:00,Port Klang - KL Distribution,Port Klang - KL Distribution :: Shah Alam->Petaling Jaya,1,3.0733,101.5185,3.1073,101.6067,12,5,0.2283
2026-08-22T13:00:00,Port Klang - KL Distribution,Port Klang - KL Distribution :: Shah Alam->Petaling Jaya,1,3.0733,101.5185,3.1073,101.6067,13,5,0.189
2026-08-22T14:00:00,Port Klang - KL Distribution,Port Klang - KL Distribution :: Shah Alam->Petaling Jaya,1,3.0733,101.5185,3.1073,101.6067,14,5,0.183
2026-08-22T15:00:00,Port Klang - KL Distribution,Port Klang - KL Distribution :: Shah Alam->Petaling Jaya,1,3.0733,101.5185,3.1073,101.6067,15,5,0.417
2026-08-22T16:00:00,Port Klang - KL Distribution,Port Klang - KL Distribution :: Shah Alam->Petaling Jaya,1,3.0733,101.5185,3.1073,101.6067,16,5,0.5333
2026-08-22T17:00:00,Port Klang - KL Distribution,Port Klang - KL Distribution :: Shah Alam->Petaling Jaya,1,3.0733,101.5185,3.1073,101.6067,17,5,0.7474
2026-08-22T18:00:00,Port Klang - KL Distribution,Port Klang - KL Distribution :: Shah Alam->Petaling Jaya,1,3.0733,101.5185,3.1073,101.6067,18,5,1.0
2026-08-22T19:00:00,Port Klang - KL Distribution,Port Klang - KL Distribution :: Shah Alam->Petaling Jaya,1,3.0733,101.5185,3.1073,101.6067,19,5,1.0
2026-08-22T20:00:00,Port Klang - KL Distribution,Port Klang - KL Distribution :: Shah Alam->Petaling Jaya,1,3.0733,101.5185,3.1073,101.6067,20,5,0.5991
2026-08-22T21:00:00,Port Klang - KL Distribution,Port Klang - KL Distribution :: Shah Alam->Petaling Jaya,1,3.0733,101.5185,3.1073,101.6067,21,5,0.4368
2026-08-22T22:00:00,Port Klang - KL Distribution,Port Klang - KL Distribution :: Shah Alam->Petaling Jaya,1,3.0733,101.5185,3.1073,101.6067,22,5,0.298
2026-08-22T23:00:00,Port Klang - KL Distribution,Port Klang - KL Distribution :: Shah Alam->Petaling Jaya,1,3.0733,101.5185,3.1073,101.6067,23,5,0.2616
2026-08-23T00:00:00,Port Klang - KL Distribution,Port Klang - KL Distribution :: Shah Alam->Petaling Jaya,1,3.0733,101.5185,3.1073,101.6067,0,6,0.3176
2026-08-23T01:00:00,Port Klang - KL Distribution,Port Klang - KL Distribution :: Shah Alam->Petaling Jaya,1,3.0733,101.5185,3.1073,101.6067,1,6,0.2451
2026-08-23T02:00:00,Port Klang - KL Distribution,Port Klang - KL Distribution :: Shah Alam->Petaling Jaya,1,3.0733,101.5185,3.1073,101.6067,2,6,0.2786
2026-08-23T03:00:00,Port Klang - KL Distribution,Port Klang - KL Distribution :: Shah Alam->Petaling Jaya,1,3.0733,101.5185,3.1073,101.6067,3,6,0.2831
2026-08-23T04:00:00,Port Klang - KL Distribution,Port Klang - KL Distribution :: Shah Alam->Petaling Jaya,1,3.0733,101.5185,3.1073,101.6067,4,6,0.2348
2026-08-23T05:00:00,Port Klang - KL Distribution,Port Klang - KL Distribution :: Shah Alam->Petaling Jaya,1,3.0733,101.5185,3.1073,101.6067,5,6,0.3932
2026-08-23T06:00:00,Port Klang - KL Distribution,Port Klang - KL Distribution :: Shah Alam->Petaling Jaya,1,3.0733,101.5185,3.1073,101.6067,6,6,0.5003
2026-08-23T07:00:00,Port Klang - KL Distribution,Port Klang - KL Distribution :: Shah Alam->Petaling Jaya,1,3.0733,101.5185,3.1073,101.6067,7,6,0.7428
2026-08-23T08:00:00,Port Klang - KL Distribution,Port Klang - KL Distribution :: Shah Alam->Petaling Jaya,1,3.0733,101.5185,3.1073,101.6067,8,6,0.9697
2026-08-23T09:00:00,Port Klang - KL Distribution,Port Klang - KL Distribution :: Shah Alam->Petaling Jaya,1,3.0733,101.5185,3.1073,101.6067,9,6,0.7343
2026-08-23T10:00:00,Port Klang - KL Distribution,Port Klang - KL Distribution :: Shah Alam->Petaling Jaya,1,3.0733,101.5185,3.1073,101.6067,10,6,0.5125
2026-08-23T11:00:00,Port Klang - KL Distribution,Port Klang - KL Distribution :: Shah Alam->Petaling Jaya,1,3.0733,101.5185,3.1073,101.6067,11,6,0.3331
2026-08-23T12:00:00,Port Klang - KL Distribution,Port Klang - KL Distribution :: Shah Alam->Petaling Jaya,1,3.0733,101.5185,3.1073,101.6067,12,6,0.3406
2026-08-23T13:00:00,Port Klang - KL Distribution,Port Klang - KL Distribution :: Shah Alam->Petaling Jaya,1,3.0733,101.5185,3.1073,101.6067,13,6,0.2973
2026-08-23T14:00:00,Port Klang - KL Distribution,Port Klang - KL Distribution :: Shah Alam->Petaling Jaya,1,3.0733,101.5185,3.1073,101.6067,14,6,0.2917
2026-08-23T15:00:00,Port Klang - KL Distribution,Port Klang - KL Distribution :: Shah Alam->Petaling Jaya,1,3.0733,101.5185,3.1073,101.6067,15,6,0.4355
2026-08-23T16:00:00,Port Klang - KL Distribution,Port Klang - KL Distribution :: Shah Alam->Petaling Jaya,1,3.0733,101.5185,3.1073,101.6067,16,6,0.6829
2026-08-23T17:00:00,Port Klang - KL Distribution,Port Klang - KL Distribution :: Shah Alam->Petaling Jaya,1,3.0733,101.5185,3.1073,101.6067,17,6,0.91
2026-08-23T18:00:00,Port Klang - KL Distribution,Port Klang - KL Distribution :: Shah Alam->Petaling Jaya,1,3.0733,101.5185,3.1073,101.6067,18,6,1.0
2026-08-23T19:00:00,Port Klang - KL Distribution,Port Klang - KL Distribution :: Shah Alam->Petaling Jaya,1,3.0733,101.5185,3.1073,101.6067,19,6,0.7978
2026-08-23T20:00:00,Port Klang - KL Distribution,Port Klang - KL Distribution :: Shah Alam->Petaling Jaya,1,3.0733,101.5185,3.1073,101.6067,20,6,0.5356
2026-08-23T21:00:00,Port Klang - KL Distribution,Port Klang - KL Distribution :: Shah Alam->Petaling Jaya,1,3.0733,101.5185,3.1073,101.6067,21,6,0.3682
2026-08-23T22:00:00,Port Klang - KL Distribution,Port Klang - KL Distribution :: Shah Alam->Petaling Jaya,1,3.0733,101.5185,3.1073,101.6067,22,6,0.2565
2026-08-23T23:00:00,Port Klang - KL Distribution,Port Klang - KL Distribution :: Shah Alam->Petaling Jaya,1,3.0733,101.5185,3.1073,101.6067,23,6,0.2563
2026-08-24T00:00:00,Port Klang - KL Distribution,Port Klang - KL Distribution :: Shah Alam->Petaling Jaya,1,3.0733,101.5185,3.1073,101.6067,0,0,0.2659
2026-08-24T01:00:00,Port Klang - KL Distribution,Port Klang - KL Distribution :: Shah Alam->Petaling Jaya,1,3.0733,101.5185,3.1073,101.6067,1,0,0.2943
2026-08-24T02:00:00,Port Klang - KL Distribution,Port Klang - KL Distribution :: Shah Alam->Petaling Jaya,1,3.0733,101.5185,3.1073,101.6067,2,0,0.2584
2026-08-24T03:00:00,Port Klang - KL Distribution,Port Klang - KL Distribution :: Shah Alam->Petaling Jaya,1,3.0733,101.5185,3.1073,101.6067,3,0,0.293
2026-08-24T04:00:00,Port Klang - KL Distribution,Port Klang - KL Distribution :: Shah Alam->Petaling Jaya,1,3.0733,101.5185,3.1073,101.6067,4,0,0.2787
2026-08-24T05:00:00,Port Klang - KL Distribution,Port Klang - KL Distribution :: Shah Alam->Petaling Jaya,1,3.0733,101.5185,3.1073,101.6067,5,0,0.2151
2026-08-24T06:00:00,Port Klang - KL Distribution,Port Klang - KL Distribution :: Shah Alam->Petaling Jaya,1,3.0733,101.5185,3.1073,101.6067,6,0,0.4545
2026-08-24T07:00:00,Port Klang - KL Distribution,Port Klang - KL Distribution :: Shah Alam->Petaling Jaya,1,3.0733,101.5185,3.1073,101.6067,7,0,0.7795
2026-08-24T08:00:00,Port Klang - KL Distribution,Port Klang - KL Distribution :: Shah Alam->Petaling Jaya,1,3.0733,101.5185,3.1073,101.6067,8,0,0.8649
2026-08-24T09:00:00,Port Klang - KL Distribution,Port Klang - KL Distribution :: Shah Alam->Petaling Jaya,1,3.0733,101.5185,3.1073,101.6067,9,0,0.8242
2026-08-24T10:00:00,Port Klang - KL Distribution,Port Klang - KL Distribution :: Shah Alam->Petaling Jaya,1,3.0733,101.5185,3.1073,101.6067,10,0,0.6027
2026-08-24T11:00:00,Port Klang - KL Distribution,Port Klang - KL Distribution :: Shah Alam->Petaling Jaya,1,3.0733,101.5185,3.1073,101.6067,11,0,0.4068
2026-08-24T12:00:00,Port Klang - KL Distribution,Port Klang - KL Distribution :: Shah Alam->Petaling Jaya,1,3.0733,101.5185,3.1073,101.6067,12,0,0.2626
2026-08-24T13:00:00,Port Klang - KL Distribution,Port Klang - KL Distribution :: Shah Alam->Petaling Jaya,1,3.0733,101.5185,3.1073,101.6067,13,0,0.3583
2026-08-24T14:00:00,Port Klang - KL Distribution,Port Klang - KL Distribution :: Shah Alam->Petaling Jaya,1,3.0733,101.5185,3.1073,101.6067,14,0,0.3021
2026-08-24T15:00:00,Port Klang - KL Distribution,Port Klang - KL Distribution :: Shah Alam->Petaling Jaya,1,3.0733,101.5185,3.1073,101.6067,15,0,0.3663
2026-08-24T16:00:00,Port Klang - KL Distribution,Port Klang - KL Distribution :: Shah Alam->Petaling Jaya,1,3.0733,101.5185,3.1073,101.6067,16,0,0.5627
2026-08-24T17:00:00,Port Klang - KL Distribution,Port Klang - KL Distribution :: Shah Alam->Petaling Jaya,1,3.0733,101.5185,3.1073,101.6067,17,0,0.8584
2026-08-24T18:00:00,Port Klang - KL Distribution,Port Klang - KL Distribution :: Shah Alam->Petaling Jaya,1,3.0733,101.5185,3.1073,101.6067,18,0,0.9767
2026-08-24T19:00:00,Port Klang - KL Distribution,Port Klang - KL Distribution :: Shah Alam->Petaling Jaya,1,3.0733,101.5185,3.1073,101.6067,19,0,0.8868
2026-08-24T20:00:00,Port Klang - KL Distribution,Port Klang - KL Distribution :: Shah Alam->Petaling Jaya,1,3.0733,101.5185,3.1073,101.6067,20,0,0.6091
2026-08-24T21:00:00,Port Klang - KL Distribution,Port Klang - KL Distribution :: Shah Alam->Petaling Jaya,1,3.0733,101.5185,3.1073,101.6067,21,0,0.3867
2026-08-24T22:00:00,Port Klang - KL Distribution,Port Klang - KL Distribution :: Shah Alam->Petaling Jaya,1,3.0733,101.5185,3.1073,101.6067,22,0,0.3193
2026-08-24T23:00:00,Port Klang - KL Distribution,Port Klang - KL Distribution :: Shah Alam->Petaling Jaya,1,3.0733,101.5185,3.1073,101.6067,23,0,0.339
2026-08-25T00:00:00,Port Klang - KL Distribution,Port Klang - KL Distribution :: Shah Alam->Petaling Jaya,1,3.0733,101.5185,3.1073,101.6067,0,1,0.3195
2026-08-25T01:00:00,Port Klang - KL Distribution,Port Klang - KL Distribution :: Shah Alam->Petaling Jaya,1,3.0733,101.5185,3.1073,101.6067,1,1,0.1734
2026-08-25T02:00:00,Port Klang - KL Distribution,Port Klang - KL Distribution :: Shah Alam->Petaling Jaya,1,3.0733,101.5185,3.1073,101.6067,2,1,0.1093
2026-08-25T03:00:00,Port Klang - KL Distribution,Port Klang - KL Distribution :: Shah Alam->Petaling Jaya,1,3.0733,101.5185,3.1073,101.6067,3,1,0.3199
2026-08-25T04:00:00,Port Klang - KL Distribution,Port Klang - KL Distribution :: Shah Alam->Petaling Jaya,1,3.0733,101.5185,3.1073,101.6067,4,1,0.1929
2026-08-25T05:00:00,Port Klang - KL Distribution,Port Klang - KL Distribution :: Shah Alam->Petaling Jaya,1,3.0733,101.5185,3.1073,101.6067,5,1,0.3202
2026-08-25T06:00:00,Port Klang - KL Distribution,Port Klang - KL Distribution :: Shah Alam->Petaling Jaya,1,3.0733,101.5185,3.1073,101.6067,6,1,0.4406
2026-08-25T07:00:00,Port Klang - KL Distribution,Port Klang - KL Distribution :: Shah Alam->Petaling Jaya,1,3.0733,101.5185,3.1073,101.6067,7,1,0.6801
2026-08-25T08:00:00,Port Klang - KL Distribution,Port Klang - KL Distribution :: Shah Alam->Petaling Jaya,1,3.0733,101.5185,3.1073,101.6067,8,1,0.97
2026-08-25T09:00:00,Port Klang - KL Distribution,Port Klang - KL Distribution :: Shah Alam->Petaling Jaya,1,3.0733,101.5185,3.1073,101.6067,9,1,0.8337
2026-08-25T10:00:00,Port Klang - KL Distribution,Port Klang - KL Distribution :: Shah Alam->Petaling Jaya,1,3.0733,101.5185,3.1073,101.6067,10,1,0.4762
2026-08-25T11:00:00,Port Klang - KL Distribution,Port Klang - KL Distribution :: Shah Alam->Petaling Jaya,1,3.0733,101.5185,3.1073,101.6067,11,1,0.1782
2026-08-25T12:00:00,Port Klang - KL Distribution,Port Klang - KL Distribution :: Shah Alam->Petaling Jaya,1,3.0733,101.5185,3.1073,101.6067,12,1,0.2426
2026-08-25T13:00:00,Port Klang - KL Distribution,Port Klang - KL Distribution :: Shah Alam->Petaling Jaya,1,3.0733,101.5185,3.1073,101.6067,13,1,0.2924
2026-08-25T14:00:00,Port Klang - KL Distribution,Port Klang - KL Distribution :: Shah Alam->Petaling Jaya,1,3.0733,101.5185,3.1073,101.6067,14,1,0.2044
2026-08-25T15:00:00,Port Klang - KL Distribution,Port Klang - KL Distribution :: Shah Alam->Petaling Jaya,1,3.0733,101.5185,3.1073,101.6067,15,1,0.3975
2026-08-25T16:00:00,Port Klang - KL Distribution,Port Klang - KL Distribution :: Shah Alam->Petaling Jaya,1,3.0733,101.5185,3.1073,101.6067,16,1,0.5986
2026-08-25T17:00:00,Port Klang - KL Distribution,Port Klang - KL Distribution :: Shah Alam->Petaling Jaya,1,3.0733,101.5185,3.1073,101.6067,17,1,0.9113
2026-08-25T18:00:00,Port Klang - KL Distribution,Port Klang - KL Distribution :: Shah Alam->Petaling Jaya,1,3.0733,101.5185,3.1073,101.6067,18,1,1.0
2026-08-25T19:00:00,Port Klang - KL Distribution,Port Klang - KL Distribution :: Shah Alam->Petaling Jaya,1,3.0733,101.5185,3.1073,101.6067,19,1,0.8182
2026-08-25T20:00:00,Port Klang - KL Distribution,Port Klang - KL Distribution :: Shah Alam->Petaling Jaya,1,3.0733,101.5185,3.1073,101.6067,20,1,0.6713
2026-08-25T21:00:00,Port Klang - KL Distribution,Port Klang - KL Distribution :: Shah Alam->Petaling Jaya,1,3.0733,101.5185,3.1073,101.6067,21,1,0.377
2026-08-25T22:00:00,Port Klang - KL Distribution,Port Klang - KL Distribution :: Shah Alam->Petaling Jaya,1,3.0733,101.5185,3.1073,101.6067,22,1,0.2914
2026-08-25T23:00:00,Port Klang - KL Distribution,Port Klang - KL Distribution :: Shah Alam->Petaling Jaya,1,3.0733,101.5185,3.1073,101.6067,23,1,0.2116
2026-08-26T00:00:00,Port Klang - KL Distribution,Port Klang - KL Distribution :: Shah Alam->Petaling Jaya,1,3.0733,101.5185,3.1073,101.6067,0,2,0.2359
2026-08-26T01:00:00,Port Klang - KL Distribution,Port Klang - KL Distribution :: Shah Alam->Petaling Jaya,1,3.0733,101.5185,3.1073,101.6067,1,2,0.2094
2026-08-26T02:00:00,Port Klang - KL Distribution,Port Klang - KL Distribution :: Shah Alam->Petaling Jaya,1,3.0733,101.5185,3.1073,101.6067,2,2,0.2522
2026-08-26T03:00:00,Port Klang - KL Distribution,Port Klang - KL Distribution :: Shah Alam->Petaling Jaya,1,3.0733,101.5185,3.1073,101.6067,3,2,0.3665
2026-08-26T04:00:00,Port Klang - KL Distribution,Port Klang - KL Distribution :: Shah Alam->Petaling Jaya,1,3.0733,101.5185,3.1073,101.6067,4,2,0.1925
2026-08-26T05:00:00,Port Klang - KL Distribution,Port Klang - KL Distribution :: Shah Alam->Petaling Jaya,1,3.0733,101.5185,3.1073,101.6067,5,2,0.2368
2026-08-26T06:00:00,Port Klang - KL Distribution,Port Klang - KL Distribution :: Shah Alam->Petaling Jaya,1,3.0733,101.5185,3.1073,101.6067,6,2,0.5991
2026-08-26T07:00:00,Port Klang - KL Distribution,Port Klang - KL Distribution :: Shah Alam->Petaling Jaya,1,3.0733,101.5185,3.1073,101.6067,7,2,0.7756
2026-08-26T08:00:00,Port Klang - KL Distribution,Port Klang - KL Distribution :: Shah Alam->Petaling Jaya,1,3.0733,101.5185,3.1073,101.6067,8,2,0.8974
2026-08-26T09:00:00,Port Klang - KL Distribution,Port Klang - KL Distribution :: Shah Alam->Petaling Jaya,1,3.0733,101.5185,3.1073,101.6067,9,2,0.8506
2026-08-26T10:00:00,Port Klang - KL Distribution,Port Klang - KL Distribution :: Shah Alam->Petaling Jaya,1,3.0733,101.5185,3.1073,101.6067,10,2,0.4745
2026-08-26T11:00:00,Port Klang - KL Distribution,Port Klang - KL Distribution :: Shah Alam->Petaling Jaya,1,3.0733,101.5185,3.1073,101.6067,11,2,0.4432
2026-08-26T12:00:00,Port Klang - KL Distribution,Port Klang - KL Distribution :: Shah Alam->Petaling Jaya,1,3.0733,101.5185,3.1073,101.6067,12,2,0.3161
2026-08-26T13:00:00,Port Klang - KL Distribution,Port Klang - KL Distribution :: Shah Alam->Petaling Jaya,1,3.0733,101.5185,3.1073,101.6067,13,2,0.2396
2026-08-26T14:00:00,Port Klang - KL Distribution,Port Klang - KL Distribution :: Shah Alam->Petaling Jaya,1,3.0733,101.5185,3.1073,101.6067,14,2,0.4226
2026-08-26T15:00:00,Port Klang - KL Distribution,Port Klang - KL Distribution :: Shah Alam->Petaling Jaya,1,3.0733,101.5185,3.1073,101.6067,15,2,0.3501
2026-08-26T16:00:00,Port Klang - KL Distribution,Port Klang - KL Distribution :: Shah Alam->Petaling Jaya,1,3.0733,101.5185,3.1073,101.6067,16,2,0.644
2026-08-26T17:00:00,Port Klang - KL Distribution,Port Klang - KL Distribution :: Shah Alam->Petaling Jaya,1,3.0733,101.5185,3.1073,101.6067,17,2,0.8945
2026-08-26T18:00:00,Port Klang - KL Distribution,Port Klang - KL Distribution :: Shah Alam->Petaling Jaya,1,3.0733,101.5185,3.1073,101.6067,18,2,1.0
2026-08-26T19:00:00,Port Klang - KL Distribution,Port Klang - KL Distribution :: Shah Alam->Petaling Jaya,1,3.0733,101.5185,3.1073,101.6067,19,2,0.9702
2026-08-26T20:00:00,Port Klang - KL Distribution,Port Klang - KL Distribution :: Shah Alam->Petaling Jaya,1,3.0733,101.5185,3.1073,101.6067,20,2,0.6014
2026-08-26T21:00:00,Port Klang - KL Distribution,Port Klang - KL Distribution :: Shah Alam->Petaling Jaya,1,3.0733,101.5185,3.1073,101.6067,21,2,0.3413
2026-08-26T22:00:00,Port Klang - KL Distribution,Port Klang - KL Distribution :: Shah Alam->Petaling Jaya,1,3.0733,101.5185,3.1073,101.6067,22,2,0.3207
2026-08-26T23:00:00,Port Klang - KL Distribution,Port Klang - KL Distribution :: Shah Alam->Petaling Jaya,1,3.0733,101.5185,3.1073,101.6067,23,2,0.2269
2026-08-27T00:00:00,Port Klang - KL Distribution,Port Klang - KL Distribution :: Shah Alam->Petaling Jaya,1,3.0733,101.5185,3.1073,101.6067,0,3,0.3833
2026-08-27T01:00:00,Port Klang - KL Distribution,Port Klang - KL Distribution :: Shah Alam->Petaling Jaya,1,3.0733,101.5185,3.1073,101.6067,1,3,0.2707
2026-08-27T02:00:00,Port Klang - KL Distribution,Port Klang - KL Distribution :: Shah Alam->Petaling Jaya,1,3.0733,101.5185,3.1073,101.6067,2,3,0.2407
2026-08-27T03:00:00,Port Klang - KL Distribution,Port Klang - KL Distribution :: Shah Alam->Petaling Jaya,1,3.0733,101.5185,3.1073,101.6067,3,3,0.2749
2026-08-27T04:00:00,Port Klang - KL Distribution,Port Klang - KL Distribution :: Shah Alam->Petaling Jaya,1,3.0733,101.5185,3.1073,101.6067,4,3,0.194
2026-08-27T05:00:00,Port Klang - KL Distribution,Port Klang - KL Distribution :: Shah Alam->Petaling Jaya,1,3.0733,101.5185,3.1073,101.6067,5,3,0.2753
2026-08-27T06:00:00,Port Klang - KL Distribution,Port Klang - KL Distribution :: Shah Alam->Petaling Jaya,1,3.0733,101.5185,3.1073,101.6067,6,3,0.5828
2026-08-27T07:00:00,Port Klang - KL Distribution,Port Klang - KL Distribution :: Shah Alam->Petaling Jaya,1,3.0733,101.5185,3.1073,101.6067,7,3,0.7488
2026-08-27T08:00:00,Port Klang - KL Distribution,Port Klang - KL Distribution :: Shah Alam->Petaling Jaya,1,3.0733,101.5185,3.1073,101.6067,8,3,0.8747
2026-08-27T09:00:00,Port Klang - KL Distribution,Port Klang - KL Distribution :: Shah Alam->Petaling Jaya,1,3.0733,101.5185,3.1073,101.6067,9,3,0.8204
2026-08-27T10:00:00,Port Klang - KL Distribution,Port Klang - KL Distribution :: Shah Alam->Petaling Jaya,1,3.0733,101.5185,3.1073,101.6067,10,3,0.582
2026-08-27T11:00:00,Port Klang - KL Distribution,Port Klang - KL Distribution :: Shah Alam->Petaling Jaya,1,3.0733,101.5185,3.1073,101.6067,11,3,0.3768
2026-08-27T12:00:00,Port Klang - KL Distribution,Port Klang - KL Distribution :: Shah Alam->Petaling Jaya,1,3.0733,101.5185,3.1073,101.6067,12,3,0.3352
2026-08-27T13:00:00,Port Klang - KL Distribution,Port Klang - KL Distribution :: Shah Alam->Petaling Jaya,1,3.0733,101.5185,3.1073,101.6067,13,3,0.2234
2026-08-27T14:00:00,Port Klang - KL Distribution,Port Klang - KL Distribution :: Shah Alam->Petaling Jaya,1,3.0733,101.5185,3.1073,101.6067,14,3,0.2078
2026-08-27T15:00:00,Port Klang - KL Distribution,Port Klang - KL Distribution :: Shah Alam->Petaling Jaya,1,3.0733,101.5185,3.1073,101.6067,15,3,0.4766
2026-08-27T16:00:00,Port Klang - KL Distribution,Port Klang - KL Distribution :: Shah Alam->Petaling Jaya,1,3.0733,101.5185,3.1073,101.6067,16,3,0.5801
2026-08-27T17:00:00,Port Klang - KL Distribution,Port Klang - KL Distribution :: Shah Alam->Petaling Jaya,1,3.0733,101.5185,3.1073,101.6067,17,3,0.8615
2026-08-27T18:00:00,Port Klang - KL Distribution,Port Klang - KL Distribution :: Shah Alam->Petaling Jaya,1,3.0733,101.5185,3.1073,101.6067,18,3,1.0
2026-08-27T19:00:00,Port Klang - KL Distribution,Port Klang - KL Distribution :: Shah Alam->Petaling Jaya,1,3.0733,101.5185,3.1073,101.6067,19,3,0.9099
2026-08-27T20:00:00,Port Klang - KL Distribution,Port Klang - KL Distribution :: Shah Alam->Petaling Jaya,1,3.0733,101.5185,3.1073,101.6067,20,3,0.6268
2026-08-27T21:00:00,Port Klang - KL Distribution,Port Klang - KL Distribution :: Shah Alam->Petaling Jaya,1,3.0733,101.5185,3.1073,101.6067,21,3,0.5164
2026-08-27T22:00:00,Port Klang - KL Distribution,Port Klang - KL Distribution :: Shah Alam->Petaling Jaya,1,3.0733,101.5185,3.1073,101.6067,22,3,0.2545
2026-08-27T23:00:00,Port Klang - KL Distribution,Port Klang - KL Distribution :: Shah Alam->Petaling Jaya,1,3.0733,101.5185,3.1073,101.6067,23,3,0.3232
2026-08-28T00:00:00,Port Klang - KL Distribution,Port Klang - KL Distribution :: Shah Alam->Petaling Jaya,1,3.0733,101.5185,3.1073,101.6067,0,4,0.2659
2026-08-28T01:00:00,Port Klang - KL Distribution,Port Klang - KL Distribution :: Shah Alam->Petaling Jaya,1,3.0733,101.5185,3.1073,101.6067,1,4,0.2786
2026-08-28T02:00:00,Port Klang - KL Distribution,Port Klang - KL Distribution :: Shah Alam->Petaling Jaya,1,3.0733,101.5185,3.1073,101.6067,2,4,0.3543
2026-08-28T03:00:00,Port Klang - KL Distribution,Port Klang - KL Distribution :: Shah Alam->Petaling Jaya,1,3.0733,101.5185,3.1073,101.6067,3,4,0.2943
2026-08-28T04:00:00,Port Klang - KL Distribution,Port Klang - KL Distribution :: Shah Alam->Petaling Jaya,1,3.0733,101.5185,3.1073,101.6067,4,4,0.3072
2026-08-28T05:00:00,Port Klang - KL Distribution,Port Klang - KL Distribution :: Shah Alam->Petaling Jaya,1,3.0733,101.5185,3.1073,101.6067,5,4,0.398
2026-08-28T06:00:00,Port Klang - KL Distribution,Port Klang - KL Distribution :: Shah Alam->Petaling Jaya,1,3.0733,101.5185,3.1073,101.6067,6,4,0.4889
2026-08-28T07:00:00,Port Klang - KL Distribution,Port Klang - KL Distribution :: Shah Alam->Petaling Jaya,1,3.0733,101.5185,3.1073,101.6067,7,4,0.7378
2026-08-28T08:00:00,Port Klang - KL Distribution,Port Klang - KL Distribution :: Shah Alam->Petaling Jaya,1,3.0733,101.5185,3.1073,101.6067,8,4,0.8748
2026-08-28T09:00:00,Port Klang - KL Distribution,Port Klang - KL Distribution :: Shah Alam->Petaling Jaya,1,3.0733,101.5185,3.1073,101.6067,9,4,0.6702
2026-08-28T10:00:00,Port Klang - KL Distribution,Port Klang - KL Distribution :: Shah Alam->Petaling Jaya,1,3.0733,101.5185,3.1073,101.6067,10,4,0.6342
2026-08-28T11:00:00,Port Klang - KL Distribution,Port Klang - KL Distribution :: Shah Alam->Petaling Jaya,1,3.0733,101.5185,3.1073,101.6067,11,4,0.2675
2026-08-28T12:00:00,Port Klang - KL Distribution,Port Klang - KL Distribution :: Shah Alam->Petaling Jaya,1,3.0733,101.5185,3.1073,101.6067,12,4,0.2621
2026-08-28T13:00:00,Port Klang - KL Distribution,Port Klang - KL Distribution :: Shah Alam->Petaling Jaya,1,3.0733,101.5185,3.1073,101.6067,13,4,0.2522
2026-08-28T14:00:00,Port Klang - KL Distribution,Port Klang - KL Distribution :: Shah Alam->Petaling Jaya,1,3.0733,101.5185,3.1073,101.6067,14,4,0.3116
2026-08-28T15:00:00,Port Klang - KL Distribution,Port Klang - KL Distribution :: Shah Alam->Petaling Jaya,1,3.0733,101.5185,3.1073,101.6067,15,4,0.4354
2026-08-28T16:00:00,Port Klang - KL Distribution,Port Klang - KL Distribution :: Shah Alam->Petaling Jaya,1,3.0733,101.5185,3.1073,101.6067,16,4,0.6511
2026-08-28T17:00:00,Port Klang - KL Distribution,Port Klang - KL Distribution :: Shah Alam->Petaling Jaya,1,3.0733,101.5185,3.1073,101.6067,17,4,0.8416
2026-08-28T18:00:00,Port Klang - KL Distribution,Port Klang - KL Distribution :: Shah Alam->Petaling Jaya,1,3.0733,101.5185,3.1073,101.6067,18,4,0.99
2026-08-28T19:00:00,Port Klang - KL Distribution,Port Klang - KL Distribution :: Shah Alam->Petaling Jaya,1,3.0733,101.5185,3.1073,101.6067,19,4,0.8935
2026-08-28T20:00:00,Port Klang - KL Distribution,Port Klang - KL Distribution :: Shah Alam->Petaling Jaya,1,3.0733,101.5185,3.1073,101.6067,20,4,0.5846
2026-08-28T21:00:00,Port Klang - KL Distribution,Port Klang - KL Distribution :: Shah Alam->Petaling Jaya,1,3.0733,101.5185,3.1073,101.6067,21,4,0.4829
2026-08-28T22:00:00,Port Klang - KL Distribution,Port Klang - KL Distribution :: Shah Alam->Petaling Jaya,1,3.0733,101.5185,3.1073,101.6067,22,4,0.3225
2026-08-28T23:00:00,Port Klang - KL Distribution,Port Klang - KL Distribution :: Shah Alam->Petaling Jaya,1,3.0733,101.5185,3.1073,101.6067,23,4,0.3116
2026-07-30T00:00:00,Port Klang - KL Distribution,Port Klang - KL Distribution :: Petaling Jaya->Kuala Lumpur,2,3.1073,101.6067,3.139,101.6869,0,3,0.3023
2026-07-30T01:00:00,Port Klang - KL Distribution,Port Klang - KL Distribution :: Petaling Jaya->Kuala Lumpur,2,3.1073,101.6067,3.139,101.6869,1,3,0.3329
2026-07-30T02:00:00,Port Klang - KL Distribution,Port Klang - KL Distribution :: Petaling Jaya->Kuala Lumpur,2,3.1073,101.6067,3.139,101.6869,2,3,0.2734
2026-07-30T03:00:00,Port Klang - KL Distribution,Port Klang - KL Distribution :: Petaling Jaya->Kuala Lumpur,2,3.1073,101.6067,3.139,101.6869,3,3,0.186
2026-07-30T04:00:00,Port Klang - KL Distribution,Port Klang - KL Distribution :: Petaling Jaya->Kuala Lumpur,2,3.1073,101.6067,3.139,101.6869,4,3,0.2988
2026-07-30T05:00:00,Port Klang - KL Distribution,Port Klang - KL Distribution :: Petaling Jaya->Kuala Lumpur,2,3.1073,101.6067,3.139,101.6869,5,3,0.2946
2026-07-30T06:00:00,Port Klang - KL Distribution,Port Klang - KL Distribution :: Petaling Jaya->Kuala Lumpur,2,3.1073,101.6067,3.139,101.6869,6,3,0.4791
2026-07-30T07:00:00,Port Klang - KL Distribution,Port Klang - KL Distribution :: Petaling Jaya->Kuala Lumpur,2,3.1073,101.6067,3.139,101.6869,7,3,0.8234
2026-07-30T08:00:00,Port Klang - KL Distribution,Port Klang - KL Distribution :: Petaling Jaya->Kuala Lumpur,2,3.1073,101.6067,3.139,101.6869,8,3,1.0
2026-07-30T09:00:00,Port Klang - KL Distribution,Port Klang - KL Distribution :: Petaling Jaya->Kuala Lumpur,2,3.1073,101.6067,3.139,101.6869,9,3,0.7895
2026-07-30T10:00:00,Port Klang - KL Distribution,Port Klang - KL Distribution :: Petaling Jaya->Kuala Lumpur,2,3.1073,101.6067,3.139,101.6869,10,3,0.5294
2026-07-30T11:00:00,Port Klang - KL Distribution,Port Klang - KL Distribution :: Petaling Jaya->Kuala Lumpur,2,3.1073,101.6067,3.139,101.6869,11,3,0.4358
2026-07-30T12:00:00,Port Klang - KL Distribution,Port Klang - KL Distribution :: Petaling Jaya->Kuala Lumpur,2,3.1073,101.6067,3.139,101.6869,12,3,0.2899
2026-07-30T13:00:00,Port Klang - KL Distribution,Port Klang - KL Distribution :: Petaling Jaya->Kuala Lumpur,2,3.1073,101.6067,3.139,101.6869,13,3,0.425
2026-07-30T14:00:00,Port Klang - KL Distribution,Port Klang - KL Distribution :: Petaling Jaya->Kuala Lumpur,2,3.1073,101.6067,3.139,101.6869,14,3,0.3271
2026-07-30T15:00:00,Port Klang - KL Distribution,Port Klang - KL Distribution :: Petaling Jaya->Kuala Lumpur,2,3.1073,101.6067,3.139,101.6869,15,3,0.2808
2026-07-30T16:00:00,Port Klang - KL Distribution,Port Klang - KL Distribution :: Petaling Jaya->Kuala Lumpur,2,3.1073,101.6067,3.139,101.6869,16,3,0.6447
2026-07-30T17:00:00,Port Klang - KL Distribution,Port Klang - KL Distribution :: Petaling Jaya->Kuala Lumpur,2,3.1073,101.6067,3.139,101.6869,17,3,0.8994
2026-07-30T18:00:00,Port Klang - KL Distribution,Port Klang - KL Distribution :: Petaling Jaya->Kuala Lumpur,2,3.1073,101.6067,3.139,101.6869,18,3,1.0
2026-07-30T19:00:00,Port Klang - KL Distribution,Port Klang - KL Distribution :: Petaling Jaya->Kuala Lumpur,2,3.1073,101.6067,3.139,101.6869,19,3,0.9169
2026-07-30T20:00:00,Port Klang - KL Distribution,Port Klang - KL Distribution :: Petaling Jaya->Kuala Lumpur,2,3.1073,101.6067,3.139,101.6869,20,3,0.5912
2026-07-30T21:00:00,Port Klang - KL Distribution,Port Klang - KL Distribution :: Petaling Jaya->Kuala Lumpur,2,3.1073,101.6067,3.139,101.6869,21,3,0.313
2026-07-30T22:00:00,Port Klang - KL Distribution,Port Klang - KL Distribution :: Petaling Jaya->Kuala Lumpur,2,3.1073,101.6067,3.139,101.6869,22,3,0.2805
2026-07-30T23:00:00,Port Klang - KL Distribution,Port Klang - KL Distribution :: Petaling Jaya->Kuala Lumpur,2,3.1073,101.6067,3.139,101.6869,23,3,0.2165
2026-07-31T00:00:00,Port Klang - KL Distribution,Port Klang - KL Distribution :: Petaling Jaya->Kuala Lumpur,2,3.1073,101.6067,3.139,101.6869,0,4,0.2277
2026-07-31T01:00:00,Port Klang - KL Distribution,Port Klang - KL Distribution :: Petaling Jaya->Kuala Lumpur,2,3.1073,101.6067,3.139,101.6869,1,4,0.2978
2026-07-31T02:00:00,Port Klang - KL Distribution,Port Klang - KL Distribution :: Petaling Jaya->Kuala Lumpur,2,3.1073,101.6067,3.139,101.6869,2,4,0.3628
2026-07-31T03:00:00,Port Klang - KL Distribution,Port Klang - KL Distribution :: Petaling Jaya->Kuala Lumpur,2,3.1073,101.6067,3.139,101.6869,3,4,0.2875
2026-07-31T04:00:00,Port Klang - KL Distribution,Port Klang - KL Distribution :: Petaling Jaya->Kuala Lumpur,2,3.1073,101.6067,3.139,101.6869,4,4,0.2031
2026-07-31T05:00:00,Port Klang - KL Distribution,Port Klang - KL Distribution :: Petaling Jaya->Kuala Lumpur,2,3.1073,101.6067,3.139,101.6869,5,4,0.3603
2026-07-31T06:00:00,Port Klang - KL Distribution,Port Klang - KL Distribution :: Petaling Jaya->Kuala Lumpur,2,3.1073,101.6067,3.139,101.6869,6,4,0.5826
2026-07-31T07:00:00,Port Klang - KL Distribution,Port Klang - KL Distribution :: Petaling Jaya->Kuala Lumpur,2,3.1073,101.6067,3.139,101.6869,7,4,0.7516
2026-07-31T08:00:00,Port Klang - KL Distribution,Port Klang - KL Distribution :: Petaling Jaya->Kuala Lumpur,2,3.1073,101.6067,3.139,101.6869,8,4,0.9295
2026-07-31T09:00:00,Port Klang - KL Distribution,Port Klang - KL Distribution :: Petaling Jaya->Kuala Lumpur,2,3.1073,101.6067,3.139,101.6869,9,4,0.7891
2026-07-31T10:00:00,Port Klang - KL Distribution,Port Klang - KL Distribution :: Petaling Jaya->Kuala Lumpur,2,3.1073,101.6067,3.139,101.6869,10,4,0.4637
2026-07-31T11:00:00,Port Klang - KL Distribution,Port Klang - KL Distribution :: Petaling Jaya->Kuala Lumpur,2,3.1073,101.6067,3.139,101.6869,11,4,0.3726
2026-07-31T12:00:00,Port Klang - KL Distribution,Port Klang - KL Distribution :: Petaling Jaya->Kuala Lumpur,2,3.1073,101.6067,3.139,101.6869,12,4,0.2682
2026-07-31T13:00:00,Port Klang - KL Distribution,Port Klang - KL Distribution :: Petaling Jaya->Kuala Lumpur,2,3.1073,101.6067,3.139,101.6869,13,4,0.294
2026-07-31T14:00:00,Port Klang - KL Distribution,Port Klang - KL Distribution :: Petaling Jaya->Kuala Lumpur,2,3.1073,101.6067,3.139,101.6869,14,4,0.2399
2026-07-31T15:00:00,Port Klang - KL Distribution,Port Klang - KL Distribution :: Petaling Jaya->Kuala Lumpur,2,3.1073,101.6067,3.139,101.6869,15,4,0.3602
2026-07-31T16:00:00,Port Klang - KL Distribution,Port Klang - KL Distribution :: Petaling Jaya->Kuala Lumpur,2,3.1073,101.6067,3.139,101.6869,16,4,0.6428
2026-07-31T17:00:00,Port Klang - KL Distribution,Port Klang - KL Distribution :: Petaling Jaya->Kuala Lumpur,2,3.1073,101.6067,3.139,101.6869,17,4,0.8542
2026-07-31T18:00:00,Port Klang - KL Distribution,Port Klang - KL Distribution :: Petaling Jaya->Kuala Lumpur,2,3.1073,101.6067,3.139,101.6869,18,4,1.0
2026-07-31T19:00:00,Port Klang - KL Distribution,Port Klang - KL Distribution :: Petaling Jaya->Kuala Lumpur,2,3.1073,101.6067,3.139,101.6869,19,4,0.8526
2026-07-31T20:00:00,Port Klang - KL Distribution,Port Klang - KL Distribution :: Petaling Jaya->Kuala Lumpur,2,3.1073,101.6067,3.139,101.6869,20,4,0.613
2026-07-31T21:00:00,Port Klang - KL Distribution,Port Klang - KL Distribution :: Petaling Jaya->Kuala Lumpur,2,3.1073,101.6067,3.139,101.6869,21,4,0.4424
2026-07-31T22:00:00,Port Klang - KL Distribution,Port Klang - KL Distribution :: Petaling Jaya->Kuala Lumpur,2,3.1073,101.6067,3.139,101.6869,22,4,0.208
2026-07-31T23:00:00,Port Klang - KL Distribution,Port Klang - KL Distribution :: Petaling Jaya->Kuala Lumpur,2,3.1073,101.6067,3.139,101.6869,23,4,0.1619
2026-08-01T00:00:00,Port Klang - KL Distribution,Port Klang - KL Distribution :: Petaling Jaya->Kuala Lumpur,2,3.1073,101.6067,3.139,101.6869,0,5,0.171
2026-08-01T01:00:00,Port Klang - KL Distribution,Port Klang - KL Distribution :: Petaling Jaya->Kuala Lumpur,2,3.1073,101.6067,3.139,101.6869,1,5,0.3383
2026-08-01T02:00:00,Port Klang - KL Distribution,Port Klang - KL Distribution :: Petaling Jaya->Kuala Lumpur,2,3.1073,101.6067,3.139,101.6869,2,5,0.2295
2026-08-01T03:00:00,Port Klang - KL Distribution,Port Klang - KL Distribution :: Petaling Jaya->Kuala Lumpur,2,3.1073,101.6067,3.139,101.6869,3,5,0.4173
2026-08-01T04:00:00,Port Klang - KL Distribution,Port Klang - KL Distribution :: Petaling Jaya->Kuala Lumpur,2,3.1073,101.6067,3.139,101.6869,4,5,0.241
2026-08-01T05:00:00,Port Klang - KL Distribution,Port Klang - KL Distribution :: Petaling Jaya->Kuala Lumpur,2,3.1073,101.6067,3.139,101.6869,5,5,0.3447
2026-08-01T06:00:00,Port Klang - KL Distribution,Port Klang - KL Distribution :: Petaling Jaya->Kuala Lumpur,2,3.1073,101.6067,3.139,101.6869,6,5,0.6033
2026-08-01T07:00:00,Port Klang - KL Distribution,Port Klang - KL Distribution :: Petaling Jaya->Kuala Lumpur,2,3.1073,101.6067,3.139,101.6869,7,5,0.9086
2026-08-01T08:00:00,Port Klang - KL Distribution,Port Klang - KL Distribution :: Petaling Jaya->Kuala Lumpur,2,3.1073,101.6067,3.139,101.6869,8,5,1.0
2026-08-01T09:00:00,Port Klang - KL Distribution,Port Klang - KL Distribution :: Petaling Jaya->Kuala Lumpur,2,3.1073,101.6067,3.139,101.6869,9,5,0.8607
2026-08-01T10:00:00,Port Klang - KL Distribution,Port Klang - KL Distribution :: Petaling Jaya->Kuala Lumpur,2,3.1073,101.6067,3.139,101.6869,10,5,0.5723
2026-08-01T11:00:00,Port Klang - KL Distribution,Port Klang - KL Distribution :: Petaling Jaya->Kuala Lumpur,2,3.1073,101.6067,3.139,101.6869,11,5,0.3692
2026-08-01T12:00:00,Port Klang - KL Distribution,Port Klang - KL Distribution :: Petaling Jaya->Kuala Lumpur,2,3.1073,101.6067,3.139,101.6869,12,5,0.3221
2026-08-01T13:00:00,Port Klang - KL Distribution,Port Klang - KL Distribution :: Petaling Jaya->Kuala Lumpur,2,3.1073,101.6067,3.139,101.6869,13,5,0.2358
2026-08-01T14:00:00,Port Klang - KL Distribution,Port Klang - KL Distribution :: Petaling Jaya->Kuala Lumpur,2,3.1073,101.6067,3.139,101.6869,14,5,0.2441
2026-08-01T15:00:00,Port Klang - KL Distribution,Port Klang - KL Distribution :: Petaling Jaya->Kuala Lumpur,2,3.1073,101.6067,3.139,101.6869,15,5,0.3863
2026-08-01T16:00:00,Port Klang - KL Distribution,Port Klang - KL Distribution :: Petaling Jaya->Kuala Lumpur,2,3.1073,101.6067,3.139,101.6869,16,5,0.5893
2026-08-01T17:00:00,Port Klang - KL Distribution,Port Klang - KL Distribution :: Petaling Jaya->Kuala Lumpur,2,3.1073,101.6067,3.139,101.6869,17,5,0.8494
2026-08-01T18:00:00,Port Klang - KL Distribution,Port Klang - KL Distribution :: Petaling Jaya->Kuala Lumpur,2,3.1073,101.6067,3.139,101.6869,18,5,1.0
2026-08-01T19:00:00,Port Klang - KL Distribution,Port Klang - KL Distribution :: Petaling Jaya->Kuala Lumpur,2,3.1073,101.6067,3.139,101.6869,19,5,0.9339
2026-08-01T20:00:00,Port Klang - KL Distribution,Port Klang - KL Distribution :: Petaling Jaya->Kuala Lumpur,2,3.1073,101.6067,3.139,101.6869,20,5,0.6048
2026-08-01T21:00:00,Port Klang - KL Distribution,Port Klang - KL Distribution :: Petaling Jaya->Kuala Lumpur,2,3.1073,101.6067,3.139,101.6869,21,5,0.4751
2026-08-01T22:00:00,Port Klang - KL Distribution,Port Klang - KL Distribution :: Petaling Jaya->Kuala Lumpur,2,3.1073,101.6067,3.139,101.6869,22,5,0.2246
2026-08-01T23:00:00,Port Klang - KL Distribution,Port Klang - KL Distribution :: Petaling Jaya->Kuala Lumpur,2,3.1073,101.6067,3.139,101.6869,23,5,0.2559
2026-08-02T00:00:00,Port Klang - KL Distribution,Port Klang - KL Distribution :: Petaling Jaya->Kuala Lumpur,2,3.1073,101.6067,3.139,101.6869,0,6,0.2195
2026-08-02T01:00:00,Port Klang - KL Distribution,Port Klang - KL Distribution :: Petaling Jaya->Kuala Lumpur,2,3.1073,101.6067,3.139,101.6869,1,6,0.1505
2026-08-02T02:00:00,Port Klang - KL Distribution,Port Klang - KL Distribution :: Petaling Jaya->Kuala Lumpur,2,3.1073,101.6067,3.139,101.6869,2,6,0.2576
2026-08-02T03:00:00,Port Klang - KL Distribution,Port Klang - KL Distribution :: Petaling Jaya->Kuala Lumpur,2,3.1073,101.6067,3.139,101.6869,3,6,0.2565
2026-08-02T04:00:00,Port Klang - KL Distribution,Port Klang - KL Distribution :: Petaling Jaya->Kuala Lumpur,2,3.1073,101.6067,3.139,101.6869,4,6,0.3657
2026-08-02T05:00:00,Port Klang - KL Distribution,Port Klang - KL Distribution :: Petaling Jaya->Kuala Lumpur,2,3.1073,101.6067,3.139,101.6869,5,6,0.3715
2026-08-02T06:00:00,Port Klang - KL Distribution,Port Klang - KL Distribution :: Petaling Jaya->Kuala Lumpur,2,3.1073,101.6067,3.139,101.6869,6,6,0.4494
2026-08-02T07:00:00,Port Klang - KL Distribution,Port Klang - KL Distribution :: Petaling Jaya->Kuala Lumpur,2,3.1073,101.6067,3.139,101.6869,7,6,0.8994
2026-08-02T08:00:00,Port Klang - KL Distribution,Port Klang - KL Distribution :: Petaling Jaya->Kuala Lumpur,2,3.1073,101.6067,3.139,101.6869,8,6,1.0
2026-08-02T09:00:00,Port Klang - KL Distribution,Port Klang - KL Distribution :: Petaling Jaya->Kuala Lumpur,2,3.1073,101.6067,3.139,101.6869,9,6,0.8231
2026-08-02T10:00:00,Port Klang - KL Distribution,Port Klang - KL Distribution :: Petaling Jaya->Kuala Lumpur,2,3.1073,101.6067,3.139,101.6869,10,6,0.4972
2026-08-02T11:00:00,Port Klang - KL Distribution,Port Klang - KL Distribution :: Petaling Jaya->Kuala Lumpur,2,3.1073,101.6067,3.139,101.6869,11,6,0.2761
2026-08-02T12:00:00,Port Klang - KL Distribution,Port Klang - KL Distribution :: Petaling Jaya->Kuala Lumpur,2,3.1073,101.6067,3.139,101.6869,12,6,0.2531
2026-08-02T13:00:00,Port Klang - KL Distribution,Port Klang - KL Distribution :: Petaling Jaya->Kuala Lumpur,2,3.1073,101.6067,3.139,101.6869,13,6,0.3342
2026-08-02T14:00:00,Port Klang - KL Distribution,Port Klang - KL Distribution :: Petaling Jaya->Kuala Lumpur,2,3.1073,101.6067,3.139,101.6869,14,6,0.4062
2026-08-02T15:00:00,Port Klang - KL Distribution,Port Klang - KL Distribution :: Petaling Jaya->Kuala Lumpur,2,3.1073,101.6067,3.139,101.6869,15,6,0.4791
2026-08-02T16:00:00,Port Klang - KL Distribution,Port Klang - KL Distribution :: Petaling Jaya->Kuala Lumpur,2,3.1073,101.6067,3.139,101.6869,16,6,0.5702
2026-08-02T17:00:00,Port Klang - KL Distribution,Port Klang - KL Distribution :: Petaling Jaya->Kuala Lumpur,2,3.1073,101.6067,3.139,101.6869,17,6,0.8094
2026-08-02T18:00:00,Port Klang - KL Distribution,Port Klang - KL Distribution :: Petaling Jaya->Kuala Lumpur,2,3.1073,101.6067,3.139,101.6869,18,6,1.0
2026-08-02T19:00:00,Port Klang - KL Distribution,Port Klang - KL Distribution :: Petaling Jaya->Kuala Lumpur,2,3.1073,101.6067,3.139,101.6869,19,6,0.7704
2026-08-02T20:00:00,Port Klang - KL Distribution,Port Klang - KL Distribution :: Petaling Jaya->Kuala Lumpur,2,3.1073,101.6067,3.139,101.6869,20,6,0.6189
2026-08-02T21:00:00,Port Klang - KL Distribution,Port Klang - KL Distribution :: Petaling Jaya->Kuala Lumpur,2,3.1073,101.6067,3.139,101.6869,21,6,0.3776
2026-08-02T22:00:00,Port Klang - KL Distribution,Port Klang - KL Distribution :: Petaling Jaya->Kuala Lumpur,2,3.1073,101.6067,3.139,101.6869,22,6,0.2651
2026-08-02T23:00:00,Port Klang - KL Distribution,Port Klang - KL Distribution :: Petaling Jaya->Kuala Lumpur,2,3.1073,101.6067,3.139,101.6869,23,6,0.1719
2026-08-03T00:00:00,Port Klang - KL Distribution,Port Klang - KL Distribution :: Petaling Jaya->Kuala Lumpur,2,3.1073,101.6067,3.139,101.6869,0,0,0.2933
2026-08-03T01:00:00,Port Klang - KL Distribution,Port Klang - KL Distribution :: Petaling Jaya->Kuala Lumpur,2,3.1073,101.6067,3.139,101.6869,1,0,0.2305
2026-08-03T02:00:00,Port Klang - KL Distribution,Port Klang - KL Distribution :: Petaling Jaya->Kuala Lumpur,2,3.1073,101.6067,3.139,101.6869,2,0,0.1924
2026-08-03T03:00:00,Port Klang - KL Distribution,Port Klang - KL Distribution :: Petaling Jaya->Kuala Lumpur,2,3.1073,101.6067,3.139,101.6869,3,0,0.0915
2026-08-03T04:00:00,Port Klang - KL Distribution,Port Klang - KL Distribution :: Petaling Jaya->Kuala Lumpur,2,3.1073,101.6067,3.139,101.6869,4,0,0.2732
2026-08-03T05:00:00,Port Klang - KL Distribution,Port Klang - KL Distribution :: Petaling Jaya->Kuala Lumpur,2,3.1073,101.6067,3.139,101.6869,5,0,0.44
2026-08-03T06:00:00,Port Klang - KL Distribution,Port Klang - KL Distribution :: Petaling Jaya->Kuala Lumpur,2,3.1073,101.6067,3.139,101.6869,6,0,0.6105
2026-08-03T07:00:00,Port Klang - KL Distribution,Port Klang - KL Distribution :: Petaling Jaya->Kuala Lumpur,2,3.1073,101.6067,3.139,101.6869,7,0,0.7608
2026-08-03T08:00:00,Port Klang - KL Distribution,Port Klang - KL Distribution :: Petaling Jaya->Kuala Lumpur,2,3.1073,101.6067,3.139,101.6869,8,0,0.9014
2026-08-03T09:00:00,Port Klang - KL Distribution,Port Klang - KL Distribution :: Petaling Jaya->Kuala Lumpur,2,3.1073,101.6067,3.139,101.6869,9,0,0.8163
2026-08-03T10:00:00,Port Klang - KL Distribution,Port Klang - KL Distribution :: Petaling Jaya->Kuala Lumpur,2,3.1073,101.6067,3.139,101.6869,10,0,0.4509
2026-08-03T11:00:00,Port Klang - KL Distribution,Port Klang - KL Distribution :: Petaling Jaya->Kuala Lumpur,2,3.1073,101.6067,3.139,101.6869,11,0,0.3518
2026-08-03T12:00:00,Port Klang - KL Distribution,Port Klang - KL Distribution :: Petaling Jaya->Kuala Lumpur,2,3.1073,101.6067,3.139,101.6869,12,0,0.3214
2026-08-03T13:00:00,Port Klang - KL Distribution,Port Klang - KL Distribution :: Petaling Jaya->Kuala Lumpur,2,3.1073,101.6067,3.139,101.6869,13,0,0.3425
2026-08-03T14:00:00,Port Klang - KL Distribution,Port Klang - KL Distribution :: Petaling Jaya->Kuala Lumpur,2,3.1073,101.6067,3.139,101.6869,14,0,0.2871
2026-08-03T15:00:00,Port Klang - KL Distribution,Port Klang - KL Distribution :: Petaling Jaya->Kuala Lumpur,2,3.1073,101.6067,3.139,101.6869,15,0,0.3743
2026-08-03T16:00:00,Port Klang - KL Distribution,Port Klang - KL Distribution :: Petaling Jaya->Kuala Lumpur,2,3.1073,101.6067,3.139,101.6869,16,0,0.5468
2026-08-03T17:00:00,Port Klang - KL Distribution,Port Klang - KL Distribution :: Petaling Jaya->Kuala Lumpur,2,3.1073,101.6067,3.139,101.6869,17,0,0.8269
2026-08-03T18:00:00,Port Klang - KL Distribution,Port Klang - KL Distribution :: Petaling Jaya->Kuala Lumpur,2,3.1073,101.6067,3.139,101.6869,18,0,0.9864
2026-08-03T19:00:00,Port Klang - KL Distribution,Port Klang - KL Distribution :: Petaling Jaya->Kuala Lumpur,2,3.1073,101.6067,3.139,101.6869,19,0,0.8986
2026-08-03T20:00:00,Port Klang - KL Distribution,Port Klang - KL Distribution :: Petaling Jaya->Kuala Lumpur,2,3.1073,101.6067,3.139,101.6869,20,0,0.6543
2026-08-03T21:00:00,Port Klang - KL Distribution,Port Klang - KL Distribution :: Petaling Jaya->Kuala Lumpur,2,3.1073,101.6067,3.139,101.6869,21,0,0.3383
2026-08-03T22:00:00,Port Klang - KL Distribution,Port Klang - KL Distribution :: Petaling Jaya->Kuala Lumpur,2,3.1073,101.6067,3.139,101.6869,22,0,0.3826
2026-08-03T23:00:00,Port Klang - KL Distribution,Port Klang - KL Distribution :: Petaling Jaya->Kuala Lumpur,2,3.1073,101.6067,3.139,101.6869,23,0,0.2513
2026-08-04T00:00:00,Port Klang - KL Distribution,Port Klang - KL Distribution :: Petaling Jaya->Kuala Lumpur,2,3.1073,101.6067,3.139,101.6869,0,1,0.2612
2026-08-04T01:00:00,Port Klang - KL Distribution,Port Klang - KL Distribution :: Petaling Jaya->Kuala Lumpur,2,3.1073,101.6067,3.139,101.6869,1,1,0.2177
2026-08-04T02:00:00,Port Klang - KL Distribution,Port Klang - KL Distribution :: Petaling Jaya->Kuala Lumpur,2,3.1073,101.6067,3.139,101.6869,2,1,0.1171
2026-08-04T03:00:00,Port Klang - KL Distribution,Port Klang - KL Distribution :: Petaling Jaya->Kuala Lumpur,2,3.1073,101.6067,3.139,101.6869,3,1,0.3168
2026-08-04T04:00:00,Port Klang - KL Distribution,Port Klang - KL Distribution :: Petaling Jaya->Kuala Lumpur,2,3.1073,101.6067,3.139,101.6869,4,1,0.3191
2026-08-04T05:00:00,Port Klang - KL Distribution,Port Klang - KL Distribution :: Petaling Jaya->Kuala Lumpur,2,3.1073,101.6067,3.139,101.6869,5,1,0.3168
2026-08-04T06:00:00,Port Klang - KL Distribution,Port Klang - KL Distribution :: Petaling Jaya->Kuala Lumpur,2,3.1073,101.6067,3.139,101.6869,6,1,0.5148
2026-08-04T07:00:00,Port Klang - KL Distribution,Port Klang - KL Distribution :: Petaling Jaya->Kuala Lumpur,2,3.1073,101.6067,3.139,101.6869,7,1,0.8191
2026-08-04T08:00:00,Port Klang - KL Distribution,Port Klang - KL Distribution :: Petaling Jaya->Kuala Lumpur,2,3.1073,101.6067,3.139,101.6869,8,1,0.8437
2026-08-04T09:00:00,Port Klang - KL Distribution,Port Klang - KL Distribution :: Petaling Jaya->Kuala Lumpur,2,3.1073,101.6067,3.139,101.6869,9,1,0.7564
2026-08-04T10:00:00,Port Klang - KL Distribution,Port Klang - KL Distribution :: Petaling Jaya->Kuala Lumpur,2,3.1073,101.6067,3.139,101.6869,10,1,0.5585
2026-08-04T11:00:00,Port Klang - KL Distribution,Port Klang - KL Distribution :: Petaling Jaya->Kuala Lumpur,2,3.1073,101.6067,3.139,101.6869,11,1,0.2584
2026-08-04T12:00:00,Port Klang - KL Distribution,Port Klang - KL Distribution :: Petaling Jaya->Kuala Lumpur,2,3.1073,101.6067,3.139,101.6869,12,1,0.293
2026-08-04T13:00:00,Port Klang - KL Distribution,Port Klang - KL Distribution :: Petaling Jaya->Kuala Lumpur,2,3.1073,101.6067,3.139,101.6869,13,1,0.1875
2026-08-04T14:00:00,Port Klang - KL Distribution,Port Klang - KL Distribution :: Petaling Jaya->Kuala Lumpur,2,3.1073,101.6067,3.139,101.6869,14,1,0.3211
2026-08-04T15:00:00,Port Klang - KL Distribution,Port Klang - KL Distribution :: Petaling Jaya->Kuala Lumpur,2,3.1073,101.6067,3.139,101.6869,15,1,0.3843
2026-08-04T16:00:00,Port Klang - KL Distribution,Port Klang - KL Distribution :: Petaling Jaya->Kuala Lumpur,2,3.1073,101.6067,3.139,101.6869,16,1,0.5026
2026-08-04T17:00:00,Port Klang - KL Distribution,Port Klang - KL Distribution :: Petaling Jaya->Kuala Lumpur,2,3.1073,101.6067,3.139,101.6869,17,1,0.9464
2026-08-04T18:00:00,Port Klang - KL Distribution,Port Klang - KL Distribution :: Petaling Jaya->Kuala Lumpur,2,3.1073,101.6067,3.139,101.6869,18,1,0.9559
2026-08-04T19:00:00,Port Klang - KL Distribution,Port Klang - KL Distribution :: Petaling Jaya->Kuala Lumpur,2,3.1073,101.6067,3.139,101.6869,19,1,0.8279
2026-08-04T20:00:00,Port Klang - KL Distribution,Port Klang - KL Distribution :: Petaling Jaya->Kuala Lumpur,2,3.1073,101.6067,3.139,101.6869,20,1,0.6115
2026-08-04T21:00:00,Port Klang - KL Distribution,Port Klang - KL Distribution :: Petaling Jaya->Kuala Lumpur,2,3.1073,101.6067,3.139,101.6869,21,1,0.4554
2026-08-04T22:00:00,Port Klang - KL Distribution,Port Klang - KL Distribution :: Petaling Jaya->Kuala Lumpur,2,3.1073,101.6067,3.139,101.6869,22,1,0.2321
2026-08-04T23:00:00,Port Klang - KL Distribution,Port Klang - KL Distribution :: Petaling Jaya->Kuala Lumpur,2,3.1073,101.6067,3.139,101.6869,23,1,0.2713
2026-08-05T00:00:00,Port Klang - KL Distribution,Port Klang - KL Distribution :: Petaling Jaya->Kuala Lumpur,2,3.1073,101.6067,3.139,101.6869,0,2,0.2882
2026-08-05T01:00:00,Port Klang - KL Distribution,Port Klang - KL Distribution :: Petaling Jaya->Kuala Lumpur,2,3.1073,101.6067,3.139,101.6869,1,2,0.3041
2026-08-05T02:00:00,Port Klang - KL Distribution,Port Klang - KL Distribution :: Petaling Jaya->Kuala Lumpur,2,3.1073,101.6067,3.139,101.6869,2,2,0.2732
2026-08-05T03:00:00,Port Klang - KL Distribution,Port Klang - KL Distribution :: Petaling Jaya->Kuala Lumpur,2,3.1073,101.6067,3.139,101.6869,3,2,0.2418
2026-08-05T04:00:00,Port Klang - KL Distribution,Port Klang - KL Distribution :: Petaling Jaya->Kuala Lumpur,2,3.1073,101.6067,3.139,101.6869,4,2,0.2252
2026-08-05T05:00:00,Port Klang - KL Distribution,Port Klang - KL Distribution :: Petaling Jaya->Kuala Lumpur,2,3.1073,101.6067,3.139,101.6869,5,2,0.3388
2026-08-05T06:00:00,Port Klang - KL Distribution,Port Klang - KL Distribution :: Petaling Jaya->Kuala Lumpur,2,3.1073,101.6067,3.139,101.6869,6,2,0.4465
2026-08-05T07:00:00,Port Klang - KL Distribution,Port Klang - KL Distribution :: Petaling Jaya->Kuala Lumpur,2,3.1073,101.6067,3.139,101.6869,7,2,0.6129
2026-08-05T08:00:00,Port Klang - KL Distribution,Port Klang - KL Distribution :: Petaling Jaya->Kuala Lumpur,2,3.1073,101.6067,3.139,101.6869,8,2,0.9637
2026-08-05T09:00:00,Port Klang - KL Distribution,Port Klang - KL Distribution :: Petaling Jaya->Kuala Lumpur,2,3.1073,101.6067,3.139,101.6869,9,2,0.8424
2026-08-05T10:00:00,Port Klang - KL Distribution,Port Klang - KL Distribution :: Petaling Jaya->Kuala Lumpur,2,3.1073,101.6067,3.139,101.6869,10,2,0.369
2026-08-05T11:00:00,Port Klang - KL Distribution,Port Klang - KL Distribution :: Petaling Jaya->Kuala Lumpur,2,3.1073,101.6067,3.139,101.6869,11,2,0.2731
2026-08-05T12:00:00,Port Klang - KL Distribution,Port Klang - KL Distribution :: Petaling Jaya->Kuala Lumpur,2,3.1073,101.6067,3.139,101.6869,12,2,0.3126
2026-08-05T13:00:00,Port Klang - KL Distribution,Port Klang - KL Distribution :: Petaling Jaya->Kuala Lumpur,2,3.1073,101.6067,3.139,101.6869,13,2,0.3923
2026-08-05T14:00:00,Port Klang - KL Distribution,Port Klang - KL Distribution :: Petaling Jaya->Kuala Lumpur,2,3.1073,101.6067,3.139,101.6869,14,2,0.2944
2026-08-05T15:00:00,Port Klang - KL Distribution,Port Klang - KL Distribution :: Petaling Jaya->Kuala Lumpur,2,3.1073,101.6067,3.139,101.6869,15,2,0.3428
2026-08-05T16:00:00,Port Klang - KL Distribution,Port Klang - KL Distribution :: Petaling Jaya->Kuala Lumpur,2,3.1073,101.6067,3.139,101.6869,16,2,0.5885
2026-08-05T17:00:00,Port Klang - KL Distribution,Port Klang - KL Distribution :: Petaling Jaya->Kuala Lumpur,2,3.1073,101.6067,3.139,101.6869,17,2,0.959
2026-08-05T18:00:00,Port Klang - KL Distribution,Port Klang - KL Distribution :: Petaling Jaya->Kuala Lumpur,2,3.1073,101.6067,3.139,101.6869,18,2,0.9612
2026-08-05T19:00:00,Port Klang - KL Distribution,Port Klang - KL Distribution :: Petaling Jaya->Kuala Lumpur,2,3.1073,101.6067,3.139,101.6869,19,2,0.8286
2026-08-05T20:00:00,Port Klang - KL Distribution,Port Klang - KL Distribution :: Petaling Jaya->Kuala Lumpur,2,3.1073,101.6067,3.139,101.6869,20,2,0.5705
2026-08-05T21:00:00,Port Klang - KL Distribution,Port Klang - KL Distribution :: Petaling Jaya->Kuala Lumpur,2,3.1073,101.6067,3.139,101.6869,21,2,0.3293
2026-08-05T22:00:00,Port Klang - KL Distribution,Port Klang - KL Distribution :: Petaling Jaya->Kuala Lumpur,2,3.1073,101.6067,3.139,101.6869,22,2,0.3004
2026-08-05T23:00:00,Port Klang - KL Distribution,Port Klang - KL Distribution :: Petaling Jaya->Kuala Lumpur,2,3.1073,101.6067,3.139,101.6869,23,2,0.365
2026-08-06T00:00:00,Port Klang - KL Distribution,Port Klang - KL Distribution :: Petaling Jaya->Kuala Lumpur,2,3.1073,101.6067,3.139,101.6869,0,3,0.2819
2026-08-06T01:00:00,Port Klang - KL Distribution,Port Klang - KL Distribution :: Petaling Jaya->Kuala Lumpur,2,3.1073,101.6067,3.139,101.6869,1,3,0.2474
2026-08-06T02:00:00,Port Klang - KL Distribution,Port Klang - KL Distribution :: Petaling Jaya->Kuala Lumpur,2,3.1073,101.6067,3.139,101.6869,2,3,0.2451
2026-08-06T03:00:00,Port Klang - KL Distribution,Port Klang - KL Distribution :: Petaling Jaya->Kuala Lumpur,2,3.1073,101.6067,3.139,101.6869,3,3,0.17
2026-08-06T04:00:00,Port Klang - KL Distribution,Port Klang - KL Distribution :: Petaling Jaya->Kuala Lumpur,2,3.1073,101.6067,3.139,101.6869,4,3,0.3278
2026-08-06T05:00:00,Port Klang - KL Distribution,Port Klang - KL Distribution :: Petaling Jaya->Kuala Lumpur,2,3.1073,101.6067,3.139,101.6869,5,3,0.329
2026-08-06T06:00:00,Port Klang - KL Distribution,Port Klang - KL Distribution :: Petaling Jaya->Kuala Lumpur,2,3.1073,101.6067,3.139,101.6869,6,3,0.5
2026-08-06T07:00:00,Port Klang - KL Distribution,Port Klang - KL Distribution :: Petaling Jaya->Kuala Lumpur,2,3.1073,101.6067,3.139,101.6869,7,3,0.9798
2026-08-06T08:00:00,Port Klang - KL Distribution,Port Klang - KL Distribution :: Petaling Jaya->Kuala Lumpur,2,3.1073,101.6067,3.139,101.6869,8,3,0.9554
2026-08-06T09:00:00,Port Klang - KL Distribution,Port Klang - KL Distribution :: Petaling Jaya->Kuala Lumpur,2,3.1073,101.6067,3.139,101.6869,9,3,0.7431
2026-08-06T10:00:00,Port Klang - KL Distribution,Port Klang - KL Distribution :: Petaling Jaya->Kuala Lumpur,2,3.1073,101.6067,3.139,101.6869,10,3,0.4852
2026-08-06T11:00:00,Port Klang - KL Distribution,Port Klang - KL Distribution :: Petaling Jaya->Kuala Lumpur,2,3.1073,101.6067,3.139,101.6869,11,3,0.4026
2026-08-06T12:00:00,Port Klang - KL Distribution,Port Klang - KL Distribution :: Petaling Jaya->Kuala Lumpur,2,3.1073,101.6067,3.139,101.6869,12,3,0.2822
2026-08-06T13:00:00,Port Klang - KL Distribution,Port Klang - KL Distribution :: Petaling Jaya->Kuala Lumpur,2,3.1073,101.6067,3.139,101.6869,13,3,0.1826
2026-08-06T14:00:00,Port Klang - KL Distribution,Port Klang - KL Distribution :: Petaling Jaya->Kuala Lumpur,2,3.1073,101.6067,3.139,101.6869,14,3,0.3483
2026-08-06T15:00:00,Port Klang - KL Distribution,Port Klang - KL Distribution :: Petaling Jaya->Kuala Lumpur,2,3.1073,101.6067,3.139,101.6869,15,3,0.3464
2026-08-06T16:00:00,Port Klang - KL Distribution,Port Klang - KL Distribution :: Petaling Jaya->Kuala Lumpur,2,3.1073,101.6067,3.139,101.6869,16,3,0.7119
2026-08-06T17:00:00,Port Klang - KL Distribution,Port Klang - KL Distribution :: Petaling Jaya->Kuala Lumpur,2,3.1073,101.6067,3.139,101.6869,17,3,0.9414
2026-08-06T18:00:00,Port Klang - KL Distribution,Port Klang - KL Distribution :: Petaling Jaya->Kuala Lumpur,2,3.1073,101.6067,3.139,101.6869,18,3,0.9732
2026-08-06T19:00:00,Port Klang - KL Distribution,Port Klang - KL Distribution :: Petaling Jaya->Kuala Lumpur,2,3.1073,101.6067,3.139,101.6869,19,3,0.9534
2026-08-06T20:00:00,Port Klang - KL Distribution,Port Klang - KL Distribution :: Petaling Jaya->Kuala Lumpur,2,3.1073,101.6067,3.139,101.6869,20,3,0.6036
2026-08-06T21:00:00,Port Klang - KL Distribution,Port Klang - KL Distribution :: Petaling Jaya->Kuala Lumpur,2,3.1073,101.6067,3.139,101.6869,21,3,0.4376
2026-08-06T22:00:00,Port Klang - KL Distribution,Port Klang - KL Distribution :: Petaling Jaya->Kuala Lumpur,2,3.1073,101.6067,3.139,101.6869,22,3,0.3222
2026-08-06T23:00:00,Port Klang - KL Distribution,Port Klang - KL Distribution :: Petaling Jaya->Kuala Lumpur,2,3.1073,101.6067,3.139,101.6869,23,3,0.2168
2026-08-07T00:00:00,Port Klang - KL Distribution,Port Klang - KL Distribution :: Petaling Jaya->Kuala Lumpur,2,3.1073,101.6067,3.139,101.6869,0,4,0.2239
2026-08-07T01:00:00,Port Klang - KL Distribution,Port Klang - KL Distribution :: Petaling Jaya->Kuala Lumpur,2,3.1073,101.6067,3.139,101.6869,1,4,0.3243
2026-08-07T02:00:00,Port Klang - KL Distribution,Port Klang - KL Distribution :: Petaling Jaya->Kuala Lumpur,2,3.1073,101.6067,3.139,101.6869,2,4,0.2425
2026-08-07T03:00:00,Port Klang - KL Distribution,Port Klang - KL Distribution :: Petaling Jaya->Kuala Lumpur,2,3.1073,101.6067,3.139,101.6869,3,4,0.2396
2026-08-07T04:00:00,Port Klang - KL Distribution,Port Klang - KL Distribution :: Petaling Jaya->Kuala Lumpur,2,3.1073,101.6067,3.139,101.6869,4,4,0.2176
2026-08-07T05:00:00,Port Klang - KL Distribution,Port Klang - KL Distribution :: Petaling Jaya->Kuala Lumpur,2,3.1073,101.6067,3.139,101.6869,5,4,0.3591
2026-08-07T06:00:00,Port Klang - KL Distribution,Port Klang - KL Distribution :: Petaling Jaya->Kuala Lumpur,2,3.1073,101.6067,3.139,101.6869,6,4,0.6346
2026-08-07T07:00:00,Port Klang - KL Distribution,Port Klang - KL Distribution :: Petaling Jaya->Kuala Lumpur,2,3.1073,101.6067,3.139,101.6869,7,4,0.7241
2026-08-07T08:00:00,Port Klang - KL Distribution,Port Klang - KL Distribution :: Petaling Jaya->Kuala Lumpur,2,3.1073,101.6067,3.139,101.6869,8,4,0.939
2026-08-07T09:00:00,Port Klang - KL Distribution,Port Klang - KL Distribution :: Petaling Jaya->Kuala Lumpur,2,3.1073,101.6067,3.139,101.6869,9,4,0.8729
2026-08-07T10:00:00,Port Klang - KL Distribution,Port Klang - KL Distribution :: Petaling Jaya->Kuala Lumpur,2,3.1073,101.6067,3.139,101.6869,10,4,0.506
2026-08-07T11:00:00,Port Klang - KL Distribution,Port Klang - KL Distribution :: Petaling Jaya->Kuala Lumpur,2,3.1073,101.6067,3.139,101.6869,11,4,0.3608
2026-08-07T12:00:00,Port Klang - KL Distribution,Port Klang - KL Distribution :: Petaling Jaya->Kuala Lumpur,2,3.1073,101.6067,3.139,101.6869,12,4,0.2117
2026-08-07T13:00:00,Port Klang - KL Distribution,Port Klang - KL Distribution :: Petaling Jaya->Kuala Lumpur,2,3.1073,101.6067,3.139,101.6869,13,4,0.2946
2026-08-07T14:00:00,Port Klang - KL Distribution,Port Klang - KL Distribution :: Petaling Jaya->Kuala Lumpur,2,3.1073,101.6067,3.139,101.6869,14,4,0.2819
2026-08-07T15:00:00,Port Klang - KL Distribution,Port Klang - KL Distribution :: Petaling Jaya->Kuala Lumpur,2,3.1073,101.6067,3.139,101.6869,15,4,0.4456
2026-08-07T16:00:00,Port Klang - KL Distribution,Port Klang - KL Distribution :: Petaling Jaya->Kuala Lumpur,2,3.1073,101.6067,3.139,101.6869,16,4,0.6707
2026-08-07T17:00:00,Port Klang - KL Distribution,Port Klang - KL Distribution :: Petaling Jaya->Kuala Lumpur,2,3.1073,101.6067,3.139,101.6869,17,4,1.0
2026-08-07T18:00:00,Port Klang - KL Distribution,Port Klang - KL Distribution :: Petaling Jaya->Kuala Lumpur,2,3.1073,101.6067,3.139,101.6869,18,4,1.0
2026-08-07T19:00:00,Port Klang - KL Distribution,Port Klang - KL Distribution :: Petaling Jaya->Kuala Lumpur,2,3.1073,101.6067,3.139,101.6869,19,4,0.8961
2026-08-07T20:00:00,Port Klang - KL Distribution,Port Klang - KL Distribution :: Petaling Jaya->Kuala Lumpur,2,3.1073,101.6067,3.139,101.6869,20,4,0.6112
2026-08-07T21:00:00,Port Klang - KL Distribution,Port Klang - KL Distribution :: Petaling Jaya->Kuala Lumpur,2,3.1073,101.6067,3.139,101.6869,21,4,0.3653
2026-08-07T22:00:00,Port Klang - KL Distribution,Port Klang - KL Distribution :: Petaling Jaya->Kuala Lumpur,2,3.1073,101.6067,3.139,101.6869,22,4,0.3134
2026-08-07T23:00:00,Port Klang - KL Distribution,Port Klang - KL Distribution :: Petaling Jaya->Kuala Lumpur,2,3.1073,101.6067,3.139,101.6869,23,4,0.2498
2026-08-08T00:00:00,Port Klang - KL Distribution,Port Klang - KL Distribution :: Petaling Jaya->Kuala Lumpur,2,3.1073,101.6067,3.139,101.6869,0,5,0.2726
2026-08-08T01:00:00,Port Klang - KL Distribution,Port Klang - KL Distribution :: Petaling Jaya->Kuala Lumpur,2,3.1073,101.6067,3.139,101.6869,1,5,0.3416
2026-08-08T02:00:00,Port Klang - KL Distribution,Port Klang - KL Distribution :: Petaling Jaya->Kuala Lumpur,2,3.1073,101.6067,3.139,101.6869,2,5,0.2022
2026-08-08T03:00:00,Port Klang - KL Distribution,Port Klang - KL Distribution :: Petaling Jaya->Kuala Lumpur,2,3.1073,101.6067,3.139,101.6869,3,5,0.3322
2026-08-08T04:00:00,Port Klang - KL Distribution,Port Klang - KL Distribution :: Petaling Jaya->Kuala Lumpur,2,3.1073,101.6067,3.139,101.6869,4,5,0.3539
2026-08-08T05:00:00,Port Klang - KL Distribution,Port Klang - KL Distribution :: Petaling Jaya->Kuala Lumpur,2,3.1073,101.6067,3.139,101.6869,5,5,0.3266
2026-08-08T06:00:00,Port Klang - KL Distribution,Port Klang - KL Distribution :: Petaling Jaya->Kuala Lumpur,2,3.1073,101.6067,3.139,101.6869,6,5,0.3835
2026-08-08T07:00:00,Port Klang - KL Distribution,Port Klang - KL Distribution :: Petaling Jaya->Kuala Lumpur,2,3.1073,101.6067,3.139,101.6869,7,5,0.7517
2026-08-08T08:00:00,Port Klang - KL Distribution,Port Klang - KL Distribution :: Petaling Jaya->Kuala Lumpur,2,3.1073,101.6067,3.139,101.6869,8,5,1.0
2026-08-08T09:00:00,Port Klang - KL Distribution,Port Klang - KL Distribution :: Petaling Jaya->Kuala Lumpur,2,3.1073,101.6067,3.139,101.6869,9,5,0.7868
2026-08-08T10:00:00,Port Klang - KL Distribution,Port Klang - KL Distribution :: Petaling Jaya->Kuala Lumpur,2,3.1073,101.6067,3.139,101.6869,10,5,0.4509
2026-08-08T11:00:00,Port Klang - KL Distribution,Port Klang - KL Distribution :: Petaling Jaya->Kuala Lumpur,2,3.1073,101.6067,3.139,101.6869,11,5,0.3034
2026-08-08T12:00:00,Port Klang - KL Distribution,Port Klang - KL Distribution :: Petaling Jaya->Kuala Lumpur,2,3.1073,101.6067,3.139,101.6869,12,5,0.3259
2026-08-08T13:00:00,Port Klang - KL Distribution,Port Klang - KL Distribution :: Petaling Jaya->Kuala Lumpur,2,3.1073,101.6067,3.139,101.6869,13,5,0.3017
2026-08-08T14:00:00,Port Klang - KL Distribution,Port Klang - KL Distribution :: Petaling Jaya->Kuala Lumpur,2,3.1073,101.6067,3.139,101.6869,14,5,0.2788
2026-08-08T15:00:00,Port Klang - KL Distribution,Port Klang - KL Distribution :: Petaling Jaya->Kuala Lumpur,2,3.1073,101.6067,3.139,101.6869,15,5,0.3645
2026-08-08T16:00:00,Port Klang - KL Distribution,Port Klang - KL Distribution :: Petaling Jaya->Kuala Lumpur,2,3.1073,101.6067,3.139,101.6869,16,5,0.576
2026-08-08T17:00:00,Port Klang - KL Distribution,Port Klang - KL Distribution :: Petaling Jaya->Kuala Lumpur,2,3.1073,101.6067,3.139,101.6869,17,5,0.8212
2026-08-08T18:00:00,Port Klang - KL Distribution,Port Klang - KL Distribution :: Petaling Jaya->Kuala Lumpur,2,3.1073,101.6067,3.139,101.6869,18,5,1.0
2026-08-08T19:00:00,Port Klang - KL Distribution,Port Klang - KL Distribution :: Petaling Jaya->Kuala Lumpur,2,3.1073,101.6067,3.139,101.6869,19,5,0.8572
2026-08-08T20:00:00,Port Klang - KL Distribution,Port Klang - KL Distribution :: Petaling Jaya->Kuala Lumpur,2,3.1073,101.6067,3.139,101.6869,20,5,0.6725
2026-08-08T21:00:00,Port Klang - KL Distribution,Port Klang - KL Distribution :: Petaling Jaya->Kuala Lumpur,2,3.1073,101.6067,3.139,101.6869,21,5,0.4778
2026-08-08T22:00:00,Port Klang - KL Distribution,Port Klang - KL Distribution :: Petaling Jaya->Kuala Lumpur,2,3.1073,101.6067,3.139,101.6869,22,5,0.353
2026-08-08T23:00:00,Port Klang - KL Distribution,Port Klang - KL Distribution :: Petaling Jaya->Kuala Lumpur,2,3.1073,101.6067,3.139,101.6869,23,5,0.2417
2026-08-09T00:00:00,Port Klang - KL Distribution,Port Klang - KL Distribution :: Petaling Jaya->Kuala Lumpur,2,3.1073,101.6067,3.139,101.6869,0,6,0.2867
2026-08-09T01:00:00,Port Klang - KL Distribution,Port Klang - KL Distribution :: Petaling Jaya->Kuala Lumpur,2,3.1073,101.6067,3.139,101.6869,1,6,0.2611
2026-08-09T02:00:00,Port Klang - KL Distribution,Port Klang - KL Distribution :: Petaling Jaya->Kuala Lumpur,2,3.1073,101.6067,3.139,101.6869,2,6,0.2084
2026-08-09T03:00:00,Port Klang - KL Distribution,Port Klang - KL Distribution :: Petaling Jaya->Kuala Lumpur,2,3.1073,101.6067,3.139,101.6869,3,6,0.2833
2026-08-09T04:00:00,Port Klang - KL Distribution,Port Klang - KL Distribution :: Petaling Jaya->Kuala Lumpur,2,3.1073,101.6067,3.139,101.6869,4,6,0.2041
2026-08-09T05:00:00,Port Klang - KL Distribution,Port Klang - KL Distribution :: Petaling Jaya->Kuala Lumpur,2,3.1073,101.6067,3.139,101.6869,5,6,0.4049
2026-08-09T06:00:00,Port Klang - KL Distribution,Port Klang - KL Distribution :: Petaling Jaya->Kuala Lumpur,2,3.1073,101.6067,3.139,101.6869,6,6,0.4829
2026-08-09T07:00:00,Port Klang - KL Distribution,Port Klang - KL Distribution :: Petaling Jaya->Kuala Lumpur,2,3.1073,101.6067,3.139,101.6869,7,6,0.8003
2026-08-09T08:00:00,Port Klang - KL Distribution,Port Klang - KL Distribution :: Petaling Jaya->Kuala Lumpur,2,3.1073,101.6067,3.139,101.6869,8,6,0.9545
2026-08-09T09:00:00,Port Klang - KL Distribution,Port Klang - KL Distribution :: Petaling Jaya->Kuala Lumpur,2,3.1073,101.6067,3.139,101.6869,9,6,0.7727
2026-08-09T10:00:00,Port Klang - KL Distribution,Port Klang - KL Distribution :: Petaling Jaya->Kuala Lumpur,2,3.1073,101.6067,3.139,101.6869,10,6,0.546
2026-08-09T11:00:00,Port Klang - KL Distribution,Port Klang - KL Distribution :: Petaling Jaya->Kuala Lumpur,2,3.1073,101.6067,3.139,101.6869,11,6,0.3052
2026-08-09T12:00:00,Port Klang - KL Distribution,Port Klang - KL Distribution :: Petaling Jaya->Kuala Lumpur,2,3.1073,101.6067,3.139,101.6869,12,6,0.3277
2026-08-09T13:00:00,Port Klang - KL Distribution,Port Klang - KL Distribution :: Petaling Jaya->Kuala Lumpur,2,3.1073,101.6067,3.139,101.6869,13,6,0.1881
2026-08-09T14:00:00,Port Klang - KL Distribution,Port Klang - KL Distribution :: Petaling Jaya->Kuala Lumpur,2,3.1073,101.6067,3.139,101.6869,14,6,0.3007
2026-08-09T15:00:00,Port Klang - KL Distribution,Port Klang - KL Distribution :: Petaling Jaya->Kuala Lumpur,2,3.1073,101.6067,3.139,101.6869,15,6,0.5028
2026-08-09T16:00:00,Port Klang - KL Distribution,Port Klang - KL Distribution :: Petaling Jaya->Kuala Lumpur,2,3.1073,101.6067,3.139,101.6869,16,6,0.5395
2026-08-09T17:00:00,Port Klang - KL Distribution,Port Klang - KL Distribution :: Petaling Jaya->Kuala Lumpur,2,3.1073,101.6067,3.139,101.6869,17,6,0.8359
2026-08-09T18:00:00,Port Klang - KL Distribution,Port Klang - KL Distribution :: Petaling Jaya->Kuala Lumpur,2,3.1073,101.6067,3.139,101.6869,18,6,1.0
2026-08-09T19:00:00,Port Klang - KL Distribution,Port Klang - KL Distribution :: Petaling Jaya->Kuala Lumpur,2,3.1073,101.6067,3.139,101.6869,19,6,0.8873
2026-08-09T20:00:00,Port Klang - KL Distribution,Port Klang - KL Distribution :: Petaling Jaya->Kuala Lumpur,2,3.1073,101.6067,3.139,101.6869,20,6,0.6205
2026-08-09T21:00:00,Port Klang - KL Distribution,Port Klang - KL Distribution :: Petaling Jaya->Kuala Lumpur,2,3.1073,101.6067,3.139,101.6869,21,6,0.4158
2026-08-09T22:00:00,Port Klang - KL Distribution,Port Klang - KL Distribution :: Petaling Jaya->Kuala Lumpur,2,3.1073,101.6067,3.139,101.6869,22,6,0.3312
2026-08-09T23:00:00,Port Klang - KL Distribution,Port Klang - KL Distribution :: Petaling Jaya->Kuala Lumpur,2,3.1073,101.6067,3.139,101.6869,23,6,0.3341
2026-08-10T00:00:00,Port Klang - KL Distribution,Port Klang - KL Distribution :: Petaling Jaya->Kuala Lumpur,2,3.1073,101.6067,3.139,101.6869,0,0,0.2871
2026-08-10T01:00:00,Port Klang - KL Distribution,Port Klang - KL Distribution :: Petaling Jaya->Kuala Lumpur,2,3.1073,101.6067,3.139,101.6869,1,0,0.248
2026-08-10T02:00:00,Port Klang - KL Distribution,Port Klang - KL Distribution :: Petaling Jaya->Kuala Lumpur,2,3.1073,101.6067,3.139,101.6869,2,0,0.3029
2026-08-10T03:00:00,Port Klang - KL Distribution,Port Klang - KL Distribution :: Petaling Jaya->Kuala Lumpur,2,3.1073,101.6067,3.139,101.6869,3,0,0.3778
2026-08-10T04:00:00,Port Klang - KL Distribution,Port Klang - KL Distribution :: Petaling Jaya->Kuala Lumpur,2,3.1073,101.6067,3.139,101.6869,4,0,0.2669
2026-08-10T05:00:00,Port Klang - KL Distribution,Port Klang - KL Distribution :: Petaling Jaya->Kuala Lumpur,2,3.1073,101.6067,3.139,101.6869,5,0,0.2752
2026-08-10T06:00:00,Port Klang - KL Distribution,Port Klang - KL Distribution :: Petaling Jaya->Kuala Lumpur,2,3.1073,101.6067,3.139,101.6869,6,0,0.5772
2026-08-10T07:00:00,Port Klang - KL Distribution,Port Klang - KL Distribution :: Petaling Jaya->Kuala Lumpur,2,3.1073,101.6067,3.139,101.6869,7,0,0.781
2026-08-10T08:00:00,Port Klang - KL Distribution,Port Klang - KL Distribution :: Petaling Jaya->Kuala Lumpur,2,3.1073,101.6067,3.139,101.6869,8,0,0.8071
2026-08-10T09:00:00,Port Klang - KL Distribution,Port Klang - KL Distribution :: Petaling Jaya->Kuala Lumpur,2,3.1073,101.6067,3.139,101.6869,9,0,0.839
2026-08-10T10:00:00,Port Klang - KL Distribution,Port Klang - KL Distribution :: Petaling Jaya->Kuala Lumpur,2,3.1073,101.6067,3.139,101.6869,10,0,0.4787
2026-08-10T11:00:00,Port Klang - KL Distribution,Port Klang - KL Distribution :: Petaling Jaya->Kuala Lumpur,2,3.1073,101.6067,3.139,101.6869,11,0,0.3283
2026-08-10T12:00:00,Port Klang - KL Distribution,Port Klang - KL Distribution :: Petaling Jaya->Kuala Lumpur,2,3.1073,101.6067,3.139,101.6869,12,0,0.2953
2026-08-10T13:00:00,Port Klang - KL Distribution,Port Klang - KL Distribution :: Petaling Jaya->Kuala Lumpur,2,3.1073,101.6067,3.139,101.6869,13,0,0.2803
2026-08-10T14:00:00,Port Klang - KL Distribution,Port Klang - KL Distribution :: Petaling Jaya->Kuala Lumpur,2,3.1073,101.6067,3.139,101.6869,14,0,0.3357
2026-08-10T15:00:00,Port Klang - KL Distribution,Port Klang - KL Distribution :: Petaling Jaya->Kuala Lumpur,2,3.1073,101.6067,3.139,101.6869,15,0,0.3603
2026-08-10T16:00:00,Port Klang - KL Distribution,Port Klang - KL Distribution :: Petaling Jaya->Kuala Lumpur,2,3.1073,101.6067,3.139,101.6869,16,0,0.6303
2026-08-10T17:00:00,Port Klang - KL Distribution,Port Klang - KL Distribution :: Petaling Jaya->Kuala Lumpur,2,3.1073,101.6067,3.139,101.6869,17,0,0.861
2026-08-10T18:00:00,Port Klang - KL Distribution,Port Klang - KL Distribution :: Petaling Jaya->Kuala Lumpur,2,3.1073,101.6067,3.139,101.6869,18,0,1.0
2026-08-10T19:00:00,Port Klang - KL Distribution,Port Klang - KL Distribution :: Petaling Jaya->Kuala Lumpur,2,3.1073,101.6067,3.139,101.6869,19,0,0.9135
2026-08-10T20:00:00,Port Klang - KL Distribution,Port Klang - KL Distribution :: Petaling Jaya->Kuala Lumpur,2,3.1073,101.6067,3.139,101.6869,20,0,0.5434
2026-08-10T21:00:00,Port Klang - KL Distribution,Port Klang - KL Distribution :: Petaling Jaya->Kuala Lumpur,2,3.1073,101.6067,3.139,101.6869,21,0,0.4516
2026-08-10T22:00:00,Port Klang - KL Distribution,Port Klang - KL Distribution :: Petaling Jaya->Kuala Lumpur,2,3.1073,101.6067,3.139,101.6869,22,0,0.2609
2026-08-10T23:00:00,Port Klang - KL Distribution,Port Klang - KL Distribution :: Petaling Jaya->Kuala Lumpur,2,3.1073,101.6067,3.139,101.6869,23,0,0.316
2026-08-11T00:00:00,Port Klang - KL Distribution,Port Klang - KL Distribution :: Petaling Jaya->Kuala Lumpur,2,3.1073,101.6067,3.139,101.6869,0,1,0.2845
2026-08-11T01:00:00,Port Klang - KL Distribution,Port Klang - KL Distribution :: Petaling Jaya->Kuala Lumpur,2,3.1073,101.6067,3.139,101.6869,1,1,0.3728
2026-08-11T02:00:00,Port Klang - KL Distribution,Port Klang - KL Distribution :: Petaling Jaya->Kuala Lumpur,2,3.1073,101.6067,3.139,101.6869,2,1,0.2492
2026-08-11T03:00:00,Port Klang - KL Distribution,Port Klang - KL Distribution :: Petaling Jaya->Kuala Lumpur,2,3.1073,101.6067,3.139,101.6869,3,1,0.2428
2026-08-11T04:00:00,Port Klang - KL Distribution,Port Klang - KL Distribution :: Petaling Jaya->Kuala Lumpur,2,3.1073,101.6067,3.139,101.6869,4,1,0.2737
2026-08-11T05:00:00,Port Klang - KL Distribution,Port Klang - KL Distribution :: Petaling Jaya->Kuala Lumpur,2,3.1073,101.6067,3.139,101.6869,5,1,0.3155
2026-08-11T06:00:00,Port Klang - KL Distribution,Port Klang - KL Distribution :: Petaling Jaya->Kuala Lumpur,2,3.1073,101.6067,3.139,101.6869,6,1,0.5588
2026-08-11T07:00:00,Port Klang - KL Distribution,Port Klang - KL Distribution :: Petaling Jaya->Kuala Lumpur,2,3.1073,101.6067,3.139,101.6869,7,1,0.6912
2026-08-11T08:00:00,Port Klang - KL Distribution,Port Klang - KL Distribution :: Petaling Jaya->Kuala Lumpur,2,3.1073,101.6067,3.139,101.6869,8,1,0.8743
2026-08-11T09:00:00,Port Klang - KL Distribution,Port Klang - KL Distribution :: Petaling Jaya->Kuala Lumpur,2,3.1073,101.6067,3.139,101.6869,9,1,0.7241
2026-08-11T10:00:00,Port Klang - KL Distribution,Port Klang - KL Distribution :: Petaling Jaya->Kuala Lumpur,2,3.1073,101.6067,3.139,101.6869,10,1,0.5678
2026-08-11T11:00:00,Port Klang - KL Distribution,Port Klang - KL Distribution :: Petaling Jaya->Kuala Lumpur,2,3.1073,101.6067,3.139,101.6869,11,1,0.4363
2026-08-11T12:00:00,Port Klang - KL Distribution,Port Klang - KL Distribution :: Petaling Jaya->Kuala Lumpur,2,3.1073,101.6067,3.139,101.6869,12,1,0.2692
2026-08-11T13:00:00,Port Klang - KL Distribution,Port Klang - KL Distribution :: Petaling Jaya->Kuala Lumpur,2,3.1073,101.6067,3.139,101.6869,13,1,0.2587
2026-08-11T14:00:00,Port Klang - KL Distribution,Port Klang - KL Distribution :: Petaling Jaya->Kuala Lumpur,2,3.1073,101.6067,3.139,101.6869,14,1,0.2974
2026-08-11T15:00:00,Port Klang - KL Distribution,Port Klang - KL Distribution :: Petaling Jaya->Kuala Lumpur,2,3.1073,101.6067,3.139,101.6869,15,1,0.4562
2026-08-11T16:00:00,Port Klang - KL Distribution,Port Klang - KL Distribution :: Petaling Jaya->Kuala Lumpur,2,3.1073,101.6067,3.139,101.6869,16,1,0.5439
2026-08-11T17:00:00,Port Klang - KL Distribution,Port Klang - KL Distribution :: Petaling Jaya->Kuala Lumpur,2,3.1073,101.6067,3.139,101.6869,17,1,0.8909
2026-08-11T18:00:00,Port Klang - KL Distribution,Port Klang - KL Distribution :: Petaling Jaya->Kuala Lumpur,2,3.1073,101.6067,3.139,101.6869,18,1,1.0
2026-08-11T19:00:00,Port Klang - KL Distribution,Port Klang - KL Distribution :: Petaling Jaya->Kuala Lumpur,2,3.1073,101.6067,3.139,101.6869,19,1,0.9066
2026-08-11T20:00:00,Port Klang - KL Distribution,Port Klang - KL Distribution :: Petaling Jaya->Kuala Lumpur,2,3.1073,101.6067,3.139,101.6869,20,1,0.6109
2026-08-11T21:00:00,Port Klang - KL Distribution,Port Klang - KL Distribution :: Petaling Jaya->Kuala Lumpur,2,3.1073,101.6067,3.139,101.6869,21,1,0.4465
2026-08-11T22:00:00,Port Klang - KL Distribution,Port Klang - KL Distribution :: Petaling Jaya->Kuala Lumpur,2,3.1073,101.6067,3.139,101.6869,22,1,0.1309
2026-08-11T23:00:00,Port Klang - KL Distribution,Port Klang - KL Distribution :: Petaling Jaya->Kuala Lumpur,2,3.1073,101.6067,3.139,101.6869,23,1,0.3082
2026-08-12T00:00:00,Port Klang - KL Distribution,Port Klang - KL Distribution :: Petaling Jaya->Kuala Lumpur,2,3.1073,101.6067,3.139,101.6869,0,2,0.2233
2026-08-12T01:00:00,Port Klang - KL Distribution,Port Klang - KL Distribution :: Petaling Jaya->Kuala Lumpur,2,3.1073,101.6067,3.139,101.6869,1,2,0.1527
2026-08-12T02:00:00,Port Klang - KL Distribution,Port Klang - KL Distribution :: Petaling Jaya->Kuala Lumpur,2,3.1073,101.6067,3.139,101.6869,2,2,0.2933
2026-08-12T03:00:00,Port Klang - KL Distribution,Port Klang - KL Distribution :: Petaling Jaya->Kuala Lumpur,2,3.1073,101.6067,3.139,101.6869,3,2,0.3462
2026-08-12T04:00:00,Port Klang - KL Distribution,Port Klang - KL Distribution :: Petaling Jaya->Kuala Lumpur,2,3.1073,101.6067,3.139,101.6869,4,2,0.2666
2026-08-12T05:00:00,Port Klang - KL Distribution,Port Klang - KL Distribution :: Petaling Jaya->Kuala Lumpur,2,3.1073,101.6067,3.139,101.6869,5,2,0.3908
2026-08-12T06:00:00,Port Klang - KL Distribution,Port Klang - KL Distribution :: Petaling Jaya->Kuala Lumpur,2,3.1073,101.6067,3.139,101.6869,6,2,0.6076
2026-08-12T07:00:00,Port Klang - KL Distribution,Port Klang - KL Distribution :: Petaling Jaya->Kuala Lumpur,2,3.1073,101.6067,3.139,101.6869,7,2,0.8671
2026-08-12T08:00:00,Port Klang - KL Distribution,Port Klang - KL Distribution :: Petaling Jaya->Kuala Lumpur,2,3.1073,101.6067,3.139,101.6869,8,2,1.0
2026-08-12T09:00:00,Port Klang - KL Distribution,Port Klang - KL Distribution :: Petaling Jaya->Kuala Lumpur,2,3.1073,101.6067,3.139,101.6869,9,2,0.8327
2026-08-12T10:00:00,Port Klang - KL Distribution,Port Klang - KL Distribution :: Petaling Jaya->Kuala Lumpur,2,3.1073,101.6067,3.139,101.6869,10,2,0.5153
2026-08-12T11:00:00,Port Klang - KL Distribution,Port Klang - KL Distribution :: Petaling Jaya->Kuala Lumpur,2,3.1073,101.6067,3.139,101.6869,11,2,0.2376
2026-08-12T12:00:00,Port Klang - KL Distribution,Port Klang - KL Distribution :: Petaling Jaya->Kuala Lumpur,2,3.1073,101.6067,3.139,101.6869,12,2,0.2607
2026-08-12T13:00:00,Port Klang - KL Distribution,Port Klang - KL Distribution :: Petaling Jaya->Kuala Lumpur,2,3.1073,101.6067,3.139,101.6869,13,2,0.2183
2026-08-12T14:00:00,Port Klang - KL Distribution,Port Klang - KL Distribution :: Petaling Jaya->Kuala Lumpur,2,3.1073,101.6067,3.139,101.6869,14,2,0.4234
2026-08-12T15:00:00,Port Klang - KL Distribution,Port Klang - KL Distribution :: Petaling Jaya->Kuala Lumpur,2,3.1073,101.6067,3.139,101.6869,15,2,0.3759
2026-08-12T16:00:00,Port Klang - KL Distribution,Port Klang - KL Distribution :: Petaling Jaya->Kuala Lumpur,2,3.1073,101.6067,3.139,101.6869,16,2,0.6069
2026-08-12T17:00:00,Port Klang - KL Distribution,Port Klang - KL Distribution :: Petaling Jaya->Kuala Lumpur,2,3.1073,101.6067,3.139,101.6869,17,2,0.9096
2026-08-12T18:00:00,Port Klang - KL Distribution,Port Klang - KL Distribution :: Petaling Jaya->Kuala Lumpur,2,3.1073,101.6067,3.139,101.6869,18,2,1.0
2026-08-12T19:00:00,Port Klang - KL Distribution,Port Klang - KL Distribution :: Petaling Jaya->Kuala Lumpur,2,3.1073,101.6067,3.139,101.6869,19,2,0.9783
2026-08-12T20:00:00,Port Klang - KL Distribution,Port Klang - KL Distribution :: Petaling Jaya->Kuala Lumpur,2,3.1073,101.6067,3.139,101.6869,20,2,0.5621
2026-08-12T21:00:00,Port Klang - KL Distribution,Port Klang - KL Distribution :: Petaling Jaya->Kuala Lumpur,2,3.1073,101.6067,3.139,101.6869,21,2,0.3982
2026-08-12T22:00:00,Port Klang - KL Distribution,Port Klang - KL Distribution :: Petaling Jaya->Kuala Lumpur,2,3.1073,101.6067,3.139,101.6869,22,2,0.2485
2026-08-12T23:00:00,Port Klang - KL Distribution,Port Klang - KL Distribution :: Petaling Jaya->Kuala Lumpur,2,3.1073,101.6067,3.139,101.6869,23,2,0.1884
2026-08-13T00:00:00,Port Klang - KL Distribution,Port Klang - KL Distribution :: Petaling Jaya->Kuala Lumpur,2,3.1073,101.6067,3.139,101.6869,0,3,0.2258
2026-08-13T01:00:00,Port Klang - KL Distribution,Port Klang - KL Distribution :: Petaling Jaya->Kuala Lumpur,2,3.1073,101.6067,3.139,101.6869,1,3,0.2603
2026-08-13T02:00:00,Port Klang - KL Distribution,Port Klang - KL Distribution :: Petaling Jaya->Kuala Lumpur,2,3.1073,101.6067,3.139,101.6869,2,3,0.2368
2026-08-13T03:00:00,Port Klang - KL Distribution,Port Klang - KL Distribution :: Petaling Jaya->Kuala Lumpur,2,3.1073,101.6067,3.139,101.6869,3,3,0.2223
2026-08-13T04:00:00,Port Klang - KL Distribution,Port Klang - KL Distribution :: Petaling Jaya->Kuala Lumpur,2,3.1073,101.6067,3.139,101.6869,4,3,0.1905
2026-08-13T05:00:00,Port Klang - KL Distribution,Port Klang - KL Distribution :: Petaling Jaya->Kuala Lumpur,2,3.1073,101.6067,3.139,101.6869,5,3,0.3287
2026-08-13T06:00:00,Port Klang - KL Distribution,Port Klang - KL Distribution :: Petaling Jaya->Kuala Lumpur,2,3.1073,101.6067,3.139,101.6869,6,3,0.4205
2026-08-13T07:00:00,Port Klang - KL Distribution,Port Klang - KL Distribution :: Petaling Jaya->Kuala Lumpur,2,3.1073,101.6067,3.139,101.6869,7,3,0.8338
2026-08-13T08:00:00,Port Klang - KL Distribution,Port Klang - KL Distribution :: Petaling Jaya->Kuala Lumpur,2,3.1073,101.6067,3.139,101.6869,8,3,0.9424
2026-08-13T09:00:00,Port Klang - KL Distribution,Port Klang - KL Distribution :: Petaling Jaya->Kuala Lumpur,2,3.1073,101.6067,3.139,101.6869,9,3,0.7007
2026-08-13T10:00:00,Port Klang - KL Distribution,Port Klang - KL Distribution :: Petaling Jaya->Kuala Lumpur,2,3.1073,101.6067,3.139,101.6869,10,3,0.4923
2026-08-13T11:00:00,Port Klang - KL Distribution,Port Klang - KL Distribution :: Petaling Jaya->Kuala Lumpur,2,3.1073,101.6067,3.139,101.6869,11,3,0.2886
2026-08-13T12:00:00,Port Klang - KL Distribution,Port Klang - KL Distribution :: Petaling Jaya->Kuala Lumpur,2,3.1073,101.6067,3.139,101.6869,12,3,0.2946
2026-08-13T13:00:00,Port Klang - KL Distribution,Port Klang - KL Distribution :: Petaling Jaya->Kuala Lumpur,2,3.1073,101.6067,3.139,101.6869,13,3,0.3493
2026-08-13T14:00:00,Port Klang - KL Distribution,Port Klang - KL Distribution :: Petaling Jaya->Kuala Lumpur,2,3.1073,101.6067,3.139,101.6869,14,3,0.1806
2026-08-13T15:00:00,Port Klang - KL Distribution,Port Klang - KL Distribution :: Petaling Jaya->Kuala Lumpur,2,3.1073,101.6067,3.139,101.6869,15,3,0.3934
2026-08-13T16:00:00,Port Klang - KL Distribution,Port Klang - KL Distribution :: Petaling Jaya->Kuala Lumpur,2,3.1073,101.6067,3.139,101.6869,16,3,0.5899
2026-08-13T17:00:00,Port Klang - KL Distribution,Port Klang - KL Distribution :: Petaling Jaya->Kuala Lumpur,2,3.1073,101.6067,3.139,101.6869,17,3,0.9168
2026-08-13T18:00:00,Port Klang - KL Distribution,Port Klang - KL Distribution :: Petaling Jaya->Kuala Lumpur,2,3.1073,101.6067,3.139,101.6869,18,3,1.0
2026-08-13T19:00:00,Port Klang - KL Distribution,Port Klang - KL Distribution :: Petaling Jaya->Kuala Lumpur,2,3.1073,101.6067,3.139,101.6869,19,3,0.8314
2026-08-13T20:00:00,Port Klang - KL Distribution,Port Klang - KL Distribution :: Petaling Jaya->Kuala Lumpur,2,3.1073,101.6067,3.139,101.6869,20,3,0.5804
2026-08-13T21:00:00,Port Klang - KL Distribution,Port Klang - KL Distribution :: Petaling Jaya->Kuala Lumpur,2,3.1073,101.6067,3.139,101.6869,21,3,0.3387
2026-08-13T22:00:00,Port Klang - KL Distribution,Port Klang - KL Distribution :: Petaling Jaya->Kuala Lumpur,2,3.1073,101.6067,3.139,101.6869,22,3,0.3576
2026-08-13T23:00:00,Port Klang - KL Distribution,Port Klang - KL Distribution :: Petaling Jaya->Kuala Lumpur,2,3.1073,101.6067,3.139,101.6869,23,3,0.2688
2026-08-14T00:00:00,Port Klang - KL Distribution,Port Klang - KL Distribution :: Petaling Jaya->Kuala Lumpur,2,3.1073,101.6067,3.139,101.6869,0,4,0.3766
2026-08-14T01:00:00,Port Klang - KL Distribution,Port Klang - KL Distribution :: Petaling Jaya->Kuala Lumpur,2,3.1073,101.6067,3.139,101.6869,1,4,0.2589
2026-08-14T02:00:00,Port Klang - KL Distribution,Port Klang - KL Distribution :: Petaling Jaya->Kuala Lumpur,2,3.1073,101.6067,3.139,101.6869,2,4,0.2201
2026-08-14T03:00:00,Port Klang - KL Distribution,Port Klang - KL Distribution :: Petaling Jaya->Kuala Lumpur,2,3.1073,101.6067,3.139,101.6869,3,4,0.173
2026-08-14T04:00:00,Port Klang - KL Distribution,Port Klang - KL Distribution :: Petaling Jaya->Kuala Lumpur,2,3.1073,101.6067,3.139,101.6869,4,4,0.1667
2026-08-14T05:00:00,Port Klang - KL Distribution,Port Klang - KL Distribution :: Petaling Jaya->Kuala Lumpur,2,3.1073,101.6067,3.139,101.6869,5,4,0.2386
2026-08-14T06:00:00,Port Klang - KL Distribution,Port Klang - KL Distribution :: Petaling Jaya->Kuala Lumpur,2,3.1073,101.6067,3.139,101.6869,6,4,0.5268
2026-08-14T07:00:00,Port Klang - KL Distribution,Port Klang - KL Distribution :: Petaling Jaya->Kuala Lumpur,2,3.1073,101.6067,3.139,101.6869,7,4,0.8187
2026-08-14T08:00:00,Port Klang - KL Distribution,Port Klang - KL Distribution :: Petaling Jaya->Kuala Lumpur,2,3.1073,101.6067,3.139,101.6869,8,4,0.8426
2026-08-14T09:00:00,Port Klang - KL Distribution,Port Klang - KL Distribution :: Petaling Jaya->Kuala Lumpur,2,3.1073,101.6067,3.139,101.6869,9,4,0.8419
2026-08-14T10:00:00,Port Klang - KL Distribution,Port Klang - KL Distribution :: Petaling Jaya->Kuala Lumpur,2,3.1073,101.6067,3.139,101.6869,10,4,0.4818
2026-08-14T11:00:00,Port Klang - KL Distribution,Port Klang - KL Distribution :: Petaling Jaya->Kuala Lumpur,2,3.1073,101.6067,3.139,101.6869,11,4,0.3425
2026-08-14T12:00:00,Port Klang - KL Distribution,Port Klang - KL Distribution :: Petaling Jaya->Kuala Lumpur,2,3.1073,101.6067,3.139,101.6869,12,4,0.3722
2026-08-14T13:00:00,Port Klang - KL Distribution,Port Klang - KL Distribution :: Petaling Jaya->Kuala Lumpur,2,3.1073,101.6067,3.139,101.6869,13,4,0.3227
2026-08-14T14:00:00,Port Klang - KL Distribution,Port Klang - KL Distribution :: Petaling Jaya->Kuala Lumpur,2,3.1073,101.6067,3.139,101.6869,14,4,0.277
2026-08-14T15:00:00,Port Klang - KL Distribution,Port Klang - KL Distribution :: Petaling Jaya->Kuala Lumpur,2,3.1073,101.6067,3.139,101.6869,15,4,0.333
2026-08-14T16:00:00,Port Klang - KL Distribution,Port Klang - KL Distribution :: Petaling Jaya->Kuala Lumpur,2,3.1073,101.6067,3.139,101.6869,16,4,0.4704
2026-08-14T17:00:00,Port Klang - KL Distribution,Port Klang - KL Distribution :: Petaling Jaya->Kuala Lumpur,2,3.1073,101.6067,3.139,101.6869,17,4,0.8334
2026-08-14T18:00:00,Port Klang - KL Distribution,Port Klang - KL Distribution :: Petaling Jaya->Kuala Lumpur,2,3.1073,101.6067,3.139,101.6869,18,4,0.9873
2026-08-14T19:00:00,Port Klang - KL Distribution,Port Klang - KL Distribution :: Petaling Jaya->Kuala Lumpur,2,3.1073,101.6067,3.139,101.6869,19,4,0.8173
2026-08-14T20:00:00,Port Klang - KL Distribution,Port Klang - KL Distribution :: Petaling Jaya->Kuala Lumpur,2,3.1073,101.6067,3.139,101.6869,20,4,0.5916
2026-08-14T21:00:00,Port Klang - KL Distribution,Port Klang - KL Distribution :: Petaling Jaya->Kuala Lumpur,2,3.1073,101.6067,3.139,101.6869,21,4,0.3911
2026-08-14T22:00:00,Port Klang - KL Distribution,Port Klang - KL Distribution :: Petaling Jaya->Kuala Lumpur,2,3.1073,101.6067,3.139,101.6869,22,4,0.2796
2026-08-14T23:00:00,Port Klang - KL Distribution,Port Klang - KL Distribution :: Petaling Jaya->Kuala Lumpur,2,3.1073,101.6067,3.139,101.6869,23,4,0.2286
2026-08-15T00:00:00,Port Klang - KL Distribution,Port Klang - KL Distribution :: Petaling Jaya->Kuala Lumpur,2,3.1073,101.6067,3.139,101.6869,0,5,0.2726
2026-08-15T01:00:00,Port Klang - KL Distribution,Port Klang - KL Distribution :: Petaling Jaya->Kuala Lumpur,2,3.1073,101.6067,3.139,101.6869,1,5,0.289
2026-08-15T02:00:00,Port Klang - KL Distribution,Port Klang - KL Distribution :: Petaling Jaya->Kuala Lumpur,2,3.1073,101.6067,3.139,101.6869,2,5,0.1972
2026-08-15T03:00:00,Port Klang - KL Distribution,Port Klang - KL Distribution :: Petaling Jaya->Kuala Lumpur,2,3.1073,101.6067,3.139,101.6869,3,5,0.3485
2026-08-15T04:00:00,Port Klang - KL Distribution,Port Klang - KL Distribution :: Petaling Jaya->Kuala Lumpur,2,3.1073,101.6067,3.139,101.6869,4,5,0.2689
2026-08-15T05:00:00,Port Klang - KL Distribution,Port Klang - KL Distribution :: Petaling Jaya->Kuala Lumpur,2,3.1073,101.6067,3.139,101.6869,5,5,0.3348
2026-08-15T06:00:00,Port Klang - KL Distribution,Port Klang - KL Distribution :: Petaling Jaya->Kuala Lumpur,2,3.1073,101.6067,3.139,101.6869,6,5,0.5533
2026-08-15T07:00:00,Port Klang - KL Distribution,Port Klang - KL Distribution :: Petaling Jaya->Kuala Lumpur,2,3.1073,101.6067,3.139,101.6869,7,5,0.8022
2026-08-15T08:00:00,Port Klang - KL Distribution,Port Klang - KL Distribution :: Petaling Jaya->Kuala Lumpur,2,3.1073,101.6067,3.139,101.6869,8,5,0.9947
2026-08-15T09:00:00,Port Klang - KL Distribution,Port Klang - KL Distribution :: Petaling Jaya->Kuala Lumpur,2,3.1073,101.6067,3.139,101.6869,9,5,0.8054
2026-08-15T10:00:00,Port Klang - KL Distribution,Port Klang - KL Distribution :: Petaling Jaya->Kuala Lumpur,2,3.1073,101.6067,3.139,101.6869,10,5,0.4741
2026-08-15T11:00:00,Port Klang - KL Distribution,Port Klang - KL Distribution :: Petaling Jaya->Kuala Lumpur,2,3.1073,101.6067,3.139,101.6869,11,5,0.3554
2026-08-15T12:00:00,Port Klang - KL Distribution,Port Klang - KL Distribution :: Petaling Jaya->Kuala Lumpur,2,3.1073,101.6067,3.139,101.6869,12,5,0.2068
2026-08-15T13:00:00,Port Klang - KL Distribution,Port Klang - KL Distribution :: Petaling Jaya->Kuala Lumpur,2,3.1073,101.6067,3.139,101.6869,13,5,0.2754
2026-08-15T14:00:00,Port Klang - KL Distribution,Port Klang - KL Distribution :: Petaling Jaya->Kuala Lumpur,2,3.1073,101.6067,3.139,101.6869,14,5,0.2912
2026-08-15T15:00:00,Port Klang - KL Distribution,Port Klang - KL Distribution :: Petaling Jaya->Kuala Lumpur,2,3.1073,101.6067,3.139,101.6869,15,5,0.374
2026-08-15T16:00:00,Port Klang - KL Distribution,Port Klang - KL Distribution :: Petaling Jaya->Kuala Lumpur,2,3.1073,101.6067,3.139,101.6869,16,5,0.5918
2026-08-15T17:00:00,Port Klang - KL Distribution,Port Klang - KL Distribution :: Petaling Jaya->Kuala Lumpur,2,3.1073,101.6067,3.139,101.6869,17,5,0.7636
2026-08-15T18:00:00,Port Klang - KL Distribution,Port Klang - KL Distribution :: Petaling Jaya->Kuala Lumpur,2,3.1073,101.6067,3.139,101.6869,18,5,0.9671
2026-08-15T19:00:00,Port Klang - KL Distribution,Port Klang - KL Distribution :: Petaling Jaya->Kuala Lumpur,2,3.1073,101.6067,3.139,101.6869,19,5,0.8821
2026-08-15T20:00:00,Port Klang - KL Distribution,Port Klang - KL Distribution :: Petaling Jaya->Kuala Lumpur,2,3.1073,101.6067,3.139,101.6869,20,5,0.6091
2026-08-15T21:00:00,Port Klang - KL Distribution,Port Klang - KL Distribution :: Petaling Jaya->Kuala Lumpur,2,3.1073,101.6067,3.139,101.6869,21,5,0.3248
2026-08-15T22:00:00,Port Klang - KL Distribution,Port Klang - KL Distribution :: Petaling Jaya->Kuala Lumpur,2,3.1073,101.6067,3.139,101.6869,22,5,0.369
2026-08-15T23:00:00,Port Klang - KL Distribution,Port Klang - KL Distribution :: Petaling Jaya->Kuala Lumpur,2,3.1073,101.6067,3.139,101.6869,23,5,0.2156
2026-08-16T00:00:00,Port Klang - KL Distribution,Port Klang - KL Distribution :: Petaling Jaya->Kuala Lumpur,2,3.1073,101.6067,3.139,101.6869,0,6,0.3207
2026-08-16T01:00:00,Port Klang - KL Distribution,Port Klang - KL Distribution :: Petaling Jaya->Kuala Lumpur,2,3.1073,101.6067,3.139,101.6869,1,6,0.2881
2026-08-16T02:00:00,Port Klang - KL Distribution,Port Klang - KL Distribution :: Petaling Jaya->Kuala Lumpur,2,3.1073,101.6067,3.139,101.6869,2,6,0.2238
2026-08-16T03:00:00,Port Klang - KL Distribution,Port Klang - KL Distribution :: Petaling Jaya->Kuala Lumpur,2,3.1073,101.6067,3.139,101.6869,3,6,0.3703
2026-08-16T04:00:00,Port Klang - KL Distribution,Port Klang - KL Distribution :: Petaling Jaya->Kuala Lumpur,2,3.1073,101.6067,3.139,101.6869,4,6,0.2032
2026-08-16T05:00:00,Port Klang - KL Distribution,Port Klang - KL Distribution :: Petaling Jaya->Kuala Lumpur,2,3.1073,101.6067,3.139,101.6869,5,6,0.3888
2026-08-16T06:00:00,Port Klang - KL Distribution,Port Klang - KL Distribution :: Petaling Jaya->Kuala Lumpur,2,3.1073,101.6067,3.139,101.6869,6,6,0.5709
2026-08-16T07:00:00,Port Klang - KL Distribution,Port Klang - KL Distribution :: Petaling Jaya->Kuala Lumpur,2,3.1073,101.6067,3.139,101.6869,7,6,0.748
2026-08-16T08:00:00,Port Klang - KL Distribution,Port Klang - KL Distribution :: Petaling Jaya->Kuala Lumpur,2,3.1073,101.6067,3.139,101.6869,8,6,1.0
2026-08-16T09:00:00,Port Klang - KL Distribution,Port Klang - KL Distribution :: Petaling Jaya->Kuala Lumpur,2,3.1073,101.6067,3.139,101.6869,9,6,0.7732
2026-08-16T10:00:00,Port Klang - KL Distribution,Port Klang - KL Distribution :: Petaling Jaya->Kuala Lumpur,2,3.1073,101.6067,3.139,101.6869,10,6,0.5281
2026-08-16T11:00:00,Port Klang - KL Distribution,Port Klang - KL Distribution :: Petaling Jaya->Kuala Lumpur,2,3.1073,101.6067,3.139,101.6869,11,6,0.3493
2026-08-16T12:00:00,Port Klang - KL Distribution,Port Klang - KL Distribution :: Petaling Jaya->Kuala Lumpur,2,3.1073,101.6067,3.139,101.6869,12,6,0.2674
2026-08-16T13:00:00,Port Klang - KL Distribution,Port Klang - KL Distribution :: Petaling Jaya->Kuala Lumpur,2,3.1073,101.6067,3.139,101.6869,13,6,0.3175
2026-08-16T14:00:00,Port Klang - KL Distribution,Port Klang - KL Distribution :: Petaling Jaya->Kuala Lumpur,2,3.1073,101.6067,3.139,101.6869,14,6,0.3408
2026-08-16T15:00:00,Port Klang - KL Distribution,Port Klang - KL Distribution :: Petaling Jaya->Kuala Lumpur,2,3.1073,101.6067,3.139,101.6869,15,6,0.2816
2026-08-16T16:00:00,Port Klang - KL Distribution,Port Klang - KL Distribution :: Petaling Jaya->Kuala Lumpur,2,3.1073,101.6067,3.139,101.6869,16,6,0.6778
2026-08-16T17:00:00,Port Klang - KL Distribution,Port Klang - KL Distribution :: Petaling Jaya->Kuala Lumpur,2,3.1073,101.6067,3.139,101.6869,17,6,0.7768
2026-08-16T18:00:00,Port Klang - KL Distribution,Port Klang - KL Distribution :: Petaling Jaya->Kuala Lumpur,2,3.1073,101.6067,3.139,101.6869,18,6,1.0
2026-08-16T19:00:00,Port Klang - KL Distribution,Port Klang - KL Distribution :: Petaling Jaya->Kuala Lumpur,2,3.1073,101.6067,3.139,101.6869,19,6,0.9442
2026-08-16T20:00:00,Port Klang - KL Distribution,Port Klang - KL Distribution :: Petaling Jaya->Kuala Lumpur,2,3.1073,101.6067,3.139,101.6869,20,6,0.534
2026-08-16T21:00:00,Port Klang - KL Distribution,Port Klang - KL Distribution :: Petaling Jaya->Kuala Lumpur,2,3.1073,101.6067,3.139,101.6869,21,6,0.3618
2026-08-16T22:00:00,Port Klang - KL Distribution,Port Klang - KL Distribution :: Petaling Jaya->Kuala Lumpur,2,3.1073,101.6067,3.139,101.6869,22,6,0.2267
2026-08-16T23:00:00,Port Klang - KL Distribution,Port Klang - KL Distribution :: Petaling Jaya->Kuala Lumpur,2,3.1073,101.6067,3.139,101.6869,23,6,0.2547
2026-08-17T00:00:00,Port Klang - KL Distribution,Port Klang - KL Distribution :: Petaling Jaya->Kuala Lumpur,2,3.1073,101.6067,3.139,101.6869,0,0,0.244
2026-08-17T01:00:00,Port Klang - KL Distribution,Port Klang - KL Distribution :: Petaling Jaya->Kuala Lumpur,2,3.1073,101.6067,3.139,101.6869,1,0,0.3093
2026-08-17T02:00:00,Port Klang - KL Distribution,Port Klang - KL Distribution :: Petaling Jaya->Kuala Lumpur,2,3.1073,101.6067,3.139,101.6869,2,0,0.3412
2026-08-17T03:00:00,Port Klang - KL Distribution,Port Klang - KL Distribution :: Petaling Jaya->Kuala Lumpur,2,3.1073,101.6067,3.139,101.6869,3,0,0.3475
2026-08-17T04:00:00,Port Klang - KL Distribution,Port Klang - KL Distribution :: Petaling Jaya->Kuala Lumpur,2,3.1073,101.6067,3.139,101.6869,4,0,0.2411
2026-08-17T05:00:00,Port Klang - KL Distribution,Port Klang - KL Distribution :: Petaling Jaya->Kuala Lumpur,2,3.1073,101.6067,3.139,101.6869,5,0,0.3211
2026-08-17T06:00:00,Port Klang - KL Distribution,Port Klang - KL Distribution :: Petaling Jaya->Kuala Lumpur,2,3.1073,101.6067,3.139,101.6869,6,0,0.4098
2026-08-17T07:00:00,Port Klang - KL Distribution,Port Klang - KL Distribution :: Petaling Jaya->Kuala Lumpur,2,3.1073,101.6067,3.139,101.6869,7,0,0.7398
2026-08-17T08:00:00,Port Klang - KL Distribution,Port Klang - KL Distribution :: Petaling Jaya->Kuala Lumpur,2,3.1073,101.6067,3.139,101.6869,8,0,0.9954
2026-08-17T09:00:00,Port Klang - KL Distribution,Port Klang - KL Distribution :: Petaling Jaya->Kuala Lumpur,2,3.1073,101.6067,3.139,101.6869,9,0,0.8851
2026-08-17T10:00:00,Port Klang - KL Distribution,Port Klang - KL Distribution :: Petaling Jaya->Kuala Lumpur,2,3.1073,101.6067,3.139,101.6869,10,0,0.4368
2026-08-17T11:00:00,Port Klang - KL Distribution,Port Klang - KL Distribution :: Petaling Jaya->Kuala Lumpur,2,3.1073,101.6067,3.139,101.6869,11,0,0.2981
2026-08-17T12:00:00,Port Klang - KL Distribution,Port Klang - KL Distribution :: Petaling Jaya->Kuala Lumpur,2,3.1073,101.6067,3.139,101.6869,12,0,0.2738
2026-08-17T13:00:00,Port Klang - KL Distribution,Port Klang - KL Distribution :: Petaling Jaya->Kuala Lumpur,2,3.1073,101.6067,3.139,101.6869,13,0,0.2857
2026-08-17T14:00:00,Port Klang - KL Distribution,Port Klang - KL Distribution :: Petaling Jaya->Kuala Lumpur,2,3.1073,101.6067,3.139,101.6869,14,0,0.2446
2026-08-17T15:00:00,Port Klang - KL Distribution,Port Klang - KL Distribution :: Petaling Jaya->Kuala Lumpur,2,3.1073,101.6067,3.139,101.6869,15,0,0.4119
2026-08-17T16:00:00,Port Klang - KL Distribution,Port Klang - KL Distribution :: Petaling Jaya->Kuala Lumpur,2,3.1073,101.6067,3.139,101.6869,16,0,0.5711
2026-08-17T17:00:00,Port Klang - KL Distribution,Port Klang - KL Distribution :: Petaling Jaya->Kuala Lumpur,2,3.1073,101.6067,3.139,101.6869,17,0,0.8757
2026-08-17T18:00:00,Port Klang - KL Distribution,Port Klang - KL Distribution :: Petaling Jaya->Kuala Lumpur,2,3.1073,101.6067,3.139,101.6869,18,0,1.0
2026-08-17T19:00:00,Port Klang - KL Distribution,Port Klang - KL Distribution :: Petaling Jaya->Kuala Lumpur,2,3.1073,101.6067,3.139,101.6869,19,0,0.8769
2026-08-17T20:00:00,Port Klang - KL Distribution,Port Klang - KL Distribution :: Petaling Jaya->Kuala Lumpur,2,3.1073,101.6067,3.139,101.6869,20,0,0.5733
2026-08-17T21:00:00,Port Klang - KL Distribution,Port Klang - KL Distribution :: Petaling Jaya->Kuala Lumpur,2,3.1073,101.6067,3.139,101.6869,21,0,0.3799
2026-08-17T22:00:00,Port Klang - KL Distribution,Port Klang - KL Distribution :: Petaling Jaya->Kuala Lumpur,2,3.1073,101.6067,3.139,101.6869,22,0,0.2878
2026-08-17T23:00:00,Port Klang - KL Distribution,Port Klang - KL Distribution :: Petaling Jaya->Kuala Lumpur,2,3.1073,101.6067,3.139,101.6869,23,0,0.2454
2026-08-18T00:00:00,Port Klang - KL Distribution,Port Klang - KL Distribution :: Petaling Jaya->Kuala Lumpur,2,3.1073,101.6067,3.139,101.6869,0,1,0.247
2026-08-18T01:00:00,Port Klang - KL Distribution,Port Klang - KL Distribution :: Petaling Jaya->Kuala Lumpur,2,3.1073,101.6067,3.139,101.6869,1,1,0.3584
2026-08-18T02:00:00,Port Klang - KL Distribution,Port Klang - KL Distribution :: Petaling Jaya->Kuala Lumpur,2,3.1073,101.6067,3.139,101.6869,2,1,0.2962
2026-08-18T03:00:00,Port Klang - KL Distribution,Port Klang - KL Distribution :: Petaling Jaya->Kuala Lumpur,2,3.1073,101.6067,3.139,101.6869,3,1,0.2461
2026-08-18T04:00:00,Port Klang - KL Distribution,Port Klang - KL Distribution :: Petaling Jaya->Kuala Lumpur,2,3.1073,101.6067,3.139,101.6869,4,1,0.3167
2026-08-18T05:00:00,Port Klang - KL Distribution,Port Klang - KL Distribution :: Petaling Jaya->Kuala Lumpur,2,3.1073,101.6067,3.139,101.6869,5,1,0.3136
2026-08-18T06:00:00,Port Klang - KL Distribution,Port Klang - KL Distribution :: Petaling Jaya->Kuala Lumpur,2,3.1073,101.6067,3.139,101.6869,6,1,0.5812
2026-08-18T07:00:00,Port Klang - KL Distribution,Port Klang - KL Distribution :: Petaling Jaya->Kuala Lumpur,2,3.1073,101.6067,3.139,101.6869,7,1,0.8104
2026-08-18T08:00:00,Port Klang - KL Distribution,Port Klang - KL Distribution :: Petaling Jaya->Kuala Lumpur,2,3.1073,101.6067,3.139,101.6869,8,1,0.9311
2026-08-18T09:00:00,Port Klang - KL Distribution,Port Klang - KL Distribution :: Petaling Jaya->Kuala Lumpur,2,3.1073,101.6067,3.139,101.6869,9,1,0.8151
2026-08-18T10:00:00,Port Klang - KL Distribution,Port Klang - KL Distribution :: Petaling Jaya->Kuala Lumpur,2,3.1073,101.6067,3.139,101.6869,10,1,0.4166
2026-08-18T11:00:00,Port Klang - KL Distribution,Port Klang - KL Distribution :: Petaling Jaya->Kuala Lumpur,2,3.1073,101.6067,3.139,101.6869,11,1,0.2661
2026-08-18T12:00:00,Port Klang - KL Distribution,Port Klang - KL Distribution :: Petaling Jaya->Kuala Lumpur,2,3.1073,101.6067,3.139,101.6869,12,1,0.2038
2026-08-18T13:00:00,Port Klang - KL Distribution,Port Klang - KL Distribution :: Petaling Jaya->Kuala Lumpur,2,3.1073,101.6067,3.139,101.6869,13,1,0.2774
2026-08-18T14:00:00,Port Klang - KL Distribution,Port Klang - KL Distribution :: Petaling Jaya->Kuala Lumpur,2,3.1073,101.6067,3.139,101.6869,14,1,0.3971
2026-08-18T15:00:00,Port Klang - KL Distribution,Port Klang - KL Distribution :: Petaling Jaya->Kuala Lumpur,2,3.1073,101.6067,3.139,101.6869,15,1,0.5204
2026-08-18T16:00:00,Port Klang - KL Distribution,Port Klang - KL Distribution :: Petaling Jaya->Kuala Lumpur,2,3.1073,101.6067,3.139,101.6869,16,1,0.6378
2026-08-18T17:00:00,Port Klang - KL Distribution,Port Klang - KL Distribution :: Petaling Jaya->Kuala Lumpur,2,3.1073,101.6067,3.139,101.6869,17,1,0.9066
2026-08-18T18:00:00,Port Klang - KL Distribution,Port Klang - KL Distribution :: Petaling Jaya->Kuala Lumpur,2,3.1073,101.6067,3.139,101.6869,18,1,0.8919
2026-08-18T19:00:00,Port Klang - KL Distribution,Port Klang - KL Distribution :: Petaling Jaya->Kuala Lumpur,2,3.1073,101.6067,3.139,101.6869,19,1,0.844
2026-08-18T20:00:00,Port Klang - KL Distribution,Port Klang - KL Distribution :: Petaling Jaya->Kuala Lumpur,2,3.1073,101.6067,3.139,101.6869,20,1,0.5522
2026-08-18T21:00:00,Port Klang - KL Distribution,Port Klang - KL Distribution :: Petaling Jaya->Kuala Lumpur,2,3.1073,101.6067,3.139,101.6869,21,1,0.3492
2026-08-18T22:00:00,Port Klang - KL Distribution,Port Klang - KL Distribution :: Petaling Jaya->Kuala Lumpur,2,3.1073,101.6067,3.139,101.6869,22,1,0.283
2026-08-18T23:00:00,Port Klang - KL Distribution,Port Klang - KL Distribution :: Petaling Jaya->Kuala Lumpur,2,3.1073,101.6067,3.139,101.6869,23,1,0.2392
2026-08-19T00:00:00,Port Klang - KL Distribution,Port Klang - KL Distribution :: Petaling Jaya->Kuala Lumpur,2,3.1073,101.6067,3.139,101.6869,0,2,0.1437
2026-08-19T01:00:00,Port Klang - KL Distribution,Port Klang - KL Distribution :: Petaling Jaya->Kuala Lumpur,2,3.1073,101.6067,3.139,101.6869,1,2,0.3074
2026-08-19T02:00:00,Port Klang - KL Distribution,Port Klang - KL Distribution :: Petaling Jaya->Kuala Lumpur,2,3.1073,101.6067,3.139,101.6869,2,2,0.1982
2026-08-19T03:00:00,Port Klang - KL Distribution,Port Klang - KL Distribution :: Petaling Jaya->Kuala Lumpur,2,3.1073,101.6067,3.139,101.6869,3,2,0.2782
2026-08-19T04:00:00,Port Klang - KL Distribution,Port Klang - KL Distribution :: Petaling Jaya->Kuala Lumpur,2,3.1073,101.6067,3.139,101.6869,4,2,0.3993
2026-08-19T05:00:00,Port Klang - KL Distribution,Port Klang - KL Distribution :: Petaling Jaya->Kuala Lumpur,2,3.1073,101.6067,3.139,101.6869,5,2,0.2785
2026-08-19T06:00:00,Port Klang - KL Distribution,Port Klang - KL Distribution :: Petaling Jaya->Kuala Lumpur,2,3.1073,101.6067,3.139,101.6869,6,2,0.359
2026-08-19T07:00:00,Port Klang - KL Distribution,Port Klang - KL Distribution :: Petaling Jaya->Kuala Lumpur,2,3.1073,101.6067,3.139,101.6869,7,2,0.771
2026-08-19T08:00:00,Port Klang - KL Distribution,Port Klang - KL Distribution :: Petaling Jaya->Kuala Lumpur,2,3.1073,101.6067,3.139,101.6869,8,2,1.0
2026-08-19T09:00:00,Port Klang - KL Distribution,Port Klang - KL Distribution :: Petaling Jaya->Kuala Lumpur,2,3.1073,101.6067,3.139,101.6869,9,2,0.9057
2026-08-19T10:00:00,Port Klang - KL Distribution,Port Klang - KL Distribution :: Petaling Jaya->Kuala Lumpur,2,3.1073,101.6067,3.139,101.6869,10,2,0.437
2026-08-19T11:00:00,Port Klang - KL Distribution,Port Klang - KL Distribution :: Petaling Jaya->Kuala Lumpur,2,3.1073,101.6067,3.139,101.6869,11,2,0.3635
2026-08-19T12:00:00,Port Klang - KL Distribution,Port Klang - KL Distribution :: Petaling Jaya->Kuala Lumpur,2,3.1073,101.6067,3.139,101.6869,12,2,0.2475
2026-08-19T13:00:00,Port Klang - KL Distribution,Port Klang - KL Distribution :: Petaling Jaya->Kuala Lumpur,2,3.1073,101.6067,3.139,101.6869,13,2,0.2625
2026-08-19T14:00:00,Port Klang - KL Distribution,Port Klang - KL Distribution :: Petaling Jaya->Kuala Lumpur,2,3.1073,101.6067,3.139,101.6869,14,2,0.4518
2026-08-19T15:00:00,Port Klang - KL Distribution,Port Klang - KL Distribution :: Petaling Jaya->Kuala Lumpur,2,3.1073,101.6067,3.139,101.6869,15,2,0.2963
2026-08-19T16:00:00,Port Klang - KL Distribution,Port Klang - KL Distribution :: Petaling Jaya->Kuala Lumpur,2,3.1073,101.6067,3.139,101.6869,16,2,0.6147
2026-08-19T17:00:00,Port Klang - KL Distribution,Port Klang - KL Distribution :: Petaling Jaya->Kuala Lumpur,2,3.1073,101.6067,3.139,101.6869,17,2,0.9046
2026-08-19T18:00:00,Port Klang - KL Distribution,Port Klang - KL Distribution :: Petaling Jaya->Kuala Lumpur,2,3.1073,101.6067,3.139,101.6869,18,2,1.0
2026-08-19T19:00:00,Port Klang - KL Distribution,Port Klang - KL Distribution :: Petaling Jaya->Kuala Lumpur,2,3.1073,101.6067,3.139,101.6869,19,2,0.8824
2026-08-19T20:00:00,Port Klang - KL Distribution,Port Klang - KL Distribution :: Petaling Jaya->Kuala Lumpur,2,3.1073,101.6067,3.139,101.6869,20,2,0.618
2026-08-19T21:00:00,Port Klang - KL Distribution,Port Klang - KL Distribution :: Petaling Jaya->Kuala Lumpur,2,3.1073,101.6067,3.139,101.6869,21,2,0.363
2026-08-19T22:00:00,Port Klang - KL Distribution,Port Klang - KL Distribution :: Petaling Jaya->Kuala Lumpur,2,3.1073,101.6067,3.139,101.6869,22,2,0.3092
2026-08-19T23:00:00,Port Klang - KL Distribution,Port Klang - KL Distribution :: Petaling Jaya->Kuala Lumpur,2,3.1073,101.6067,3.139,101.6869,23,2,0.247
2026-08-20T00:00:00,Port Klang - KL Distribution,Port Klang - KL Distribution :: Petaling Jaya->Kuala Lumpur,2,3.1073,101.6067,3.139,101.6869,0,3,0.2998
2026-08-20T01:00:00,Port Klang - KL Distribution,Port Klang - KL Distribution :: Petaling Jaya->Kuala Lumpur,2,3.1073,101.6067,3.139,101.6869,1,3,0.2403
2026-08-20T02:00:00,Port Klang - KL Distribution,Port Klang - KL Distribution :: Petaling Jaya->Kuala Lumpur,2,3.1073,101.6067,3.139,101.6869,2,3,0.2852
2026-08-20T03:00:00,Port Klang - KL Distribution,Port Klang - KL Distribution :: Petaling Jaya->Kuala Lumpur,2,3.1073,101.6067,3.139,101.6869,3,3,0.262
2026-08-20T04:00:00,Port Klang - KL Distribution,Port Klang - KL Distribution :: Petaling Jaya->Kuala Lumpur,2,3.1073,101.6067,3.139,101.6869,4,3,0.3424
2026-08-20T05:00:00,Port Klang - KL Distribution,Port Klang - KL Distribution :: Petaling Jaya->Kuala Lumpur,2,3.1073,101.6067,3.139,101.6869,5,3,0.3306
2026-08-20T06:00:00,Port Klang - KL Distribution,Port Klang - KL Distribution :: Petaling Jaya->Kuala Lumpur,2,3.1073,101.6067,3.139,101.6869,6,3,0.4044
2026-08-20T07:00:00,Port Klang - KL Distribution,Port Klang - KL Distribution :: Petaling Jaya->Kuala Lumpur,2,3.1073,101.6067,3.139,101.6869,7,3,0.8639
2026-08-20T08:00:00,Port Klang - KL Distribution,Port Klang - KL Distribution :: Petaling Jaya->Kuala Lumpur,2,3.1073,101.6067,3.139,101.6869,8,3,0.8832
2026-08-20T09:00:00,Port Klang - KL Distribution,Port Klang - KL Distribution :: Petaling Jaya->Kuala Lumpur,2,3.1073,101.6067,3.139,101.6869,9,3,0.749
2026-08-20T10:00:00,Port Klang - KL Distribution,Port Klang - KL Distribution :: Petaling Jaya->Kuala Lumpur,2,3.1073,101.6067,3.139,101.6869,10,3,0.4751
2026-08-20T11:00:00,Port Klang - KL Distribution,Port Klang - KL Distribution :: Petaling Jaya->Kuala Lumpur,2,3.1073,101.6067,3.139,101.6869,11,3,0.4162
2026-08-20T12:00:00,Port Klang - KL Distribution,Port Klang - KL Distribution :: Petaling Jaya->Kuala Lumpur,2,3.1073,101.6067,3.139,101.6869,12,3,0.1473
2026-08-20T13:00:00,Port Klang - KL Distribution,Port Klang - KL Distribution :: Petaling Jaya->Kuala Lumpur,2,3.1073,101.6067,3.139,101.6869,13,3,0.4571
2026-08-20T14:00:00,Port Klang - KL Distribution,Port Klang - KL Distribution :: Petaling Jaya->Kuala Lumpur,2,3.1073,101.6067,3.139,101.6869,14,3,0.3565
2026-08-20T15:00:00,Port Klang - KL Distribution,Port Klang - KL Distribution :: Petaling Jaya->Kuala Lumpur,2,3.1073,101.6067,3.139,101.6869,15,3,0.3999
2026-08-20T16:00:00,Port Klang - KL Distribution,Port Klang - KL Distribution :: Petaling Jaya->Kuala Lumpur,2,3.1073,101.6067,3.139,101.6869,16,3,0.5962
2026-08-20T17:00:00,Port Klang - KL Distribution,Port Klang - KL Distribution :: Petaling Jaya->Kuala Lumpur,2,3.1073,101.6067,3.139,101.6869,17,3,0.8937
2026-08-20T18:00:00,Port Klang - KL Distribution,Port Klang - KL Distribution :: Petaling Jaya->Kuala Lumpur,2,3.1073,101.6067,3.139,101.6869,18,3,1.0
2026-08-20T19:00:00,Port Klang - KL Distribution,Port Klang - KL Distribution :: Petaling Jaya->Kuala Lumpur,2,3.1073,101.6067,3.139,101.6869,19,3,0.9153
2026-08-20T20:00:00,Port Klang - KL Distribution,Port Klang - KL Distribution :: Petaling Jaya->Kuala Lumpur,2,3.1073,101.6067,3.139,101.6869,20,3,0.6328
2026-08-20T21:00:00,Port Klang - KL Distribution,Port Klang - KL Distribution :: Petaling Jaya->Kuala Lumpur,2,3.1073,101.6067,3.139,101.6869,21,3,0.3918
2026-08-20T22:00:00,Port Klang - KL Distribution,Port Klang - KL Distribution :: Petaling Jaya->Kuala Lumpur,2,3.1073,101.6067,3.139,101.6869,22,3,0.2812
2026-08-20T23:00:00,Port Klang - KL Distribution,Port Klang - KL Distribution :: Petaling Jaya->Kuala Lumpur,2,3.1073,101.6067,3.139,101.6869,23,3,0.2585
2026-08-21T00:00:00,Port Klang - KL Distribution,Port Klang - KL Distribution :: Petaling Jaya->Kuala Lumpur,2,3.1073,101.6067,3.139,101.6869,0,4,0.2508
2026-08-21T01:00:00,Port Klang - KL Distribution,Port Klang - KL Distribution :: Petaling Jaya->Kuala Lumpur,2,3.1073,101.6067,3.139,101.6869,1,4,0.3305
2026-08-21T02:00:00,Port Klang - KL Distribution,Port Klang - KL Distribution :: Petaling Jaya->Kuala Lumpur,2,3.1073,101.6067,3.139,101.6869,2,4,0.2982
2026-08-21T03:00:00,Port Klang - KL Distribution,Port Klang - KL Distribution :: Petaling Jaya->Kuala Lumpur,2,3.1073,101.6067,3.139,101.6869,3,4,0.0874
2026-08-21T04:00:00,Port Klang - KL Distribution,Port Klang - KL Distribution :: Petaling Jaya->Kuala Lumpur,2,3.1073,101.6067,3.139,101.6869,4,4,0.3142
2026-08-21T05:00:00,Port Klang - KL Distribution,Port Klang - KL Distribution :: Petaling Jaya->Kuala Lumpur,2,3.1073,101.6067,3.139,101.6869,5,4,0.3453
2026-08-21T06:00:00,Port Klang - KL Distribution,Port Klang - KL Distribution :: Petaling Jaya->Kuala Lumpur,2,3.1073,101.6067,3.139,101.6869,6,4,0.5097
2026-08-21T07:00:00,Port Klang - KL Distribution,Port Klang - KL Distribution :: Petaling Jaya->Kuala Lumpur,2,3.1073,101.6067,3.139,101.6869,7,4,0.7649
2026-08-21T08:00:00,Port Klang - KL Distribution,Port Klang - KL Distribution :: Petaling Jaya->Kuala Lumpur,2,3.1073,101.6067,3.139,101.6869,8,4,1.0
2026-08-21T09:00:00,Port Klang - KL Distribution,Port Klang - KL Distribution :: Petaling Jaya->Kuala Lumpur,2,3.1073,101.6067,3.139,101.6869,9,4,0.845
2026-08-21T10:00:00,Port Klang - KL Distribution,Port Klang - KL Distribution :: Petaling Jaya->Kuala Lumpur,2,3.1073,101.6067,3.139,101.6869,10,4,0.4644
2026-08-21T11:00:00,Port Klang - KL Distribution,Port Klang - KL Distribution :: Petaling Jaya->Kuala Lumpur,2,3.1073,101.6067,3.139,101.6869,11,4,0.3581
2026-08-21T12:00:00,Port Klang - KL Distribution,Port Klang - KL Distribution :: Petaling Jaya->Kuala Lumpur,2,3.1073,101.6067,3.139,101.6869,12,4,0.2171
2026-08-21T13:00:00,Port Klang - KL Distribution,Port Klang - KL Distribution :: Petaling Jaya->Kuala Lumpur,2,3.1073,101.6067,3.139,101.6869,13,4,0.1861
2026-08-21T14:00:00,Port Klang - KL Distribution,Port Klang - KL Distribution :: Petaling Jaya->Kuala Lumpur,2,3.1073,101.6067,3.139,101.6869,14,4,0.2556
2026-08-21T15:00:00,Port Klang - KL Distribution,Port Klang - KL Distribution :: Petaling Jaya->Kuala Lumpur,2,3.1073,101.6067,3.139,101.6869,15,4,0.4382
2026-08-21T16:00:00,Port Klang - KL Distribution,Port Klang - KL Distribution :: Petaling Jaya->Kuala Lumpur,2,3.1073,101.6067,3.139,101.6869,16,4,0.6567
2026-08-21T17:00:00,Port Klang - KL Distribution,Port Klang - KL Distribution :: Petaling Jaya->Kuala Lumpur,2,3.1073,101.6067,3.139,101.6869,17,4,0.9073
2026-08-21T18:00:00,Port Klang - KL Distribution,Port Klang - KL Distribution :: Petaling Jaya->Kuala Lumpur,2,3.1073,101.6067,3.139,101.6869,18,4,1.0
2026-08-21T19:00:00,Port Klang - KL Distribution,Port Klang - KL Distribution :: Petaling Jaya->Kuala Lumpur,2,3.1073,101.6067,3.139,101.6869,19,4,0.9075
2026-08-21T20:00:00,Port Klang - KL Distribution,Port Klang - KL Distribution :: Petaling Jaya->Kuala Lumpur,2,3.1073,101.6067,3.139,101.6869,20,4,0.561
2026-08-21T21:00:00,Port Klang - KL Distribution,Port Klang - KL Distribution :: Petaling Jaya->Kuala Lumpur,2,3.1073,101.6067,3.139,101.6869,21,4,0.4124
2026-08-21T22:00:00,Port Klang - KL Distribution,Port Klang - KL Distribution :: Petaling Jaya->Kuala Lumpur,2,3.1073,101.6067,3.139,101.6869,22,4,0.3411
2026-08-21T23:00:00,Port Klang - KL Distribution,Port Klang - KL Distribution :: Petaling Jaya->Kuala Lumpur,2,3.1073,101.6067,3.139,101.6869,23,4,0.3128
2026-08-22T00:00:00,Port Klang - KL Distribution,Port Klang - KL Distribution :: Petaling Jaya->Kuala Lumpur,2,3.1073,101.6067,3.139,101.6869,0,5,0.3338
2026-08-22T01:00:00,Port Klang - KL Distribution,Port Klang - KL Distribution :: Petaling Jaya->Kuala Lumpur,2,3.1073,101.6067,3.139,101.6869,1,5,0.305
2026-08-22T02:00:00,Port Klang - KL Distribution,Port Klang - KL Distribution :: Petaling Jaya->Kuala Lumpur,2,3.1073,101.6067,3.139,101.6869,2,5,0.2837
2026-08-22T03:00:00,Port Klang - KL Distribution,Port Klang - KL Distribution :: Petaling Jaya->Kuala Lumpur,2,3.1073,101.6067,3.139,101.6869,3,5,0.328
2026-08-22T04:00:00,Port Klang - KL Distribution,Port Klang - KL Distribution :: Petaling Jaya->Kuala Lumpur,2,3.1073,101.6067,3.139,101.6869,4,5,0.2733
2026-08-22T05:00:00,Port Klang - KL Distribution,Port Klang - KL Distribution :: Petaling Jaya->Kuala Lumpur,2,3.1073,101.6067,3.139,101.6869,5,5,0.2807
2026-08-22T06:00:00,Port Klang - KL Distribution,Port Klang - KL Distribution :: Petaling Jaya->Kuala Lumpur,2,3.1073,101.6067,3.139,101.6869,6,5,0.501
2026-08-22T07:00:00,Port Klang - KL Distribution,Port Klang - KL Distribution :: Petaling Jaya->Kuala Lumpur,2,3.1073,101.6067,3.139,101.6869,7,5,0.7435
2026-08-22T08:00:00,Port Klang - KL Distribution,Port Klang - KL Distribution :: Petaling Jaya->Kuala Lumpur,2,3.1073,101.6067,3.139,101.6869,8,5,0.897
2026-08-22T09:00:00,Port Klang - KL Distribution,Port Klang - KL Distribution :: Petaling Jaya->Kuala Lumpur,2,3.1073,101.6067,3.139,101.6869,9,5,0.7795
2026-08-22T10:00:00,Port Klang - KL Distribution,Port Klang - KL Distribution :: Petaling Jaya->Kuala Lumpur,2,3.1073,101.6067,3.139,101.6869,10,5,0.4633
2026-08-22T11:00:00,Port Klang - KL Distribution,Port Klang - KL Distribution :: Petaling Jaya->Kuala Lumpur,2,3.1073,101.6067,3.139,101.6869,11,5,0.3152
2026-08-22T12:00:00,Port Klang - KL Distribution,Port Klang - KL Distribution :: Petaling Jaya->Kuala Lumpur,2,3.1073,101.6067,3.139,101.6869,12,5,0.1618
2026-08-22T13:00:00,Port Klang - KL Distribution,Port Klang - KL Distribution :: Petaling Jaya->Kuala Lumpur,2,3.1073,101.6067,3.139,101.6869,13,5,0.2817
2026-08-22T14:00:00,Port Klang - KL Distribution,Port Klang - KL Distribution :: Petaling Jaya->Kuala Lumpur,2,3.1073,101.6067,3.139,101.6869,14,5,0.2932
2026-08-22T15:00:00,Port Klang - KL Distribution,Port Klang - KL Distribution :: Petaling Jaya->Kuala Lumpur,2,3.1073,101.6067,3.139,101.6869,15,5,0.3375
2026-08-22T16:00:00,Port Klang - KL Distribution,Port Klang - KL Distribution :: Petaling Jaya->Kuala Lumpur,2,3.1073,101.6067,3.139,101.6869,16,5,0.6391
2026-08-22T17:00:00,Port Klang - KL Distribution,Port Klang - KL Distribution :: Petaling Jaya->Kuala Lumpur,2,3.1073,101.6067,3.139,101.6869,17,5,0.9328
2026-08-22T18:00:00,Port Klang - KL Distribution,Port Klang - KL Distribution :: Petaling Jaya->Kuala Lumpur,2,3.1073,101.6067,3.139,101.6869,18,5,0.9035
2026-08-22T19:00:00,Port Klang - KL Distribution,Port Klang - KL Distribution :: Petaling Jaya->Kuala Lumpur,2,3.1073,101.6067,3.139,101.6869,19,5,0.8308
2026-08-22T20:00:00,Port Klang - KL Distribution,Port Klang - KL Distribution :: Petaling Jaya->Kuala Lumpur,2,3.1073,101.6067,3.139,101.6869,20,5,0.5533
2026-08-22T21:00:00,Port Klang - KL Distribution,Port Klang - KL Distribution :: Petaling Jaya->Kuala Lumpur,2,3.1073,101.6067,3.139,101.6869,21,5,0.3301
2026-08-22T22:00:00,Port Klang - KL Distribution,Port Klang - KL Distribution :: Petaling Jaya->Kuala Lumpur,2,3.1073,101.6067,3.139,101.6869,22,5,0.3428
2026-08-22T23:00:00,Port Klang - KL Distribution,Port Klang - KL Distribution :: Petaling Jaya->Kuala Lumpur,2,3.1073,101.6067,3.139,101.6869,23,5,0.2559
2026-08-23T00:00:00,Port Klang - KL Distribution,Port Klang - KL Distribution :: Petaling Jaya->Kuala Lumpur,2,3.1073,101.6067,3.139,101.6869,0,6,0.2466
2026-08-23T01:00:00,Port Klang - KL Distribution,Port Klang - KL Distribution :: Petaling Jaya->Kuala Lumpur,2,3.1073,101.6067,3.139,101.6869,1,6,0.1423
2026-08-23T02:00:00,Port Klang - KL Distribution,Port Klang - KL Distribution :: Petaling Jaya->Kuala Lumpur,2,3.1073,101.6067,3.139,101.6869,2,6,0.3007
2026-08-23T03:00:00,Port Klang - KL Distribution,Port Klang - KL Distribution :: Petaling Jaya->Kuala Lumpur,2,3.1073,101.6067,3.139,101.6869,3,6,0.1894
2026-08-23T04:00:00,Port Klang - KL Distribution,Port Klang - KL Distribution :: Petaling Jaya->Kuala Lumpur,2,3.1073,101.6067,3.139,101.6869,4,6,0.2785
2026-08-23T05:00:00,Port Klang - KL Distribution,Port Klang - KL Distribution :: Petaling Jaya->Kuala Lumpur,2,3.1073,101.6067,3.139,101.6869,5,6,0.3503
2026-08-23T06:00:00,Port Klang - KL Distribution,Port Klang - KL Distribution :: Petaling Jaya->Kuala Lumpur,2,3.1073,101.6067,3.139,101.6869,6,6,0.5925
2026-08-23T07:00:00,Port Klang - KL Distribution,Port Klang - KL Distribution :: Petaling Jaya->Kuala Lumpur,2,3.1073,101.6067,3.139,101.6869,7,6,0.7097
2026-08-23T08:00:00,Port Klang - KL Distribution,Port Klang - KL Distribution :: Petaling Jaya->Kuala Lumpur,2,3.1073,101.6067,3.139,101.6869,8,6,0.7563
2026-08-23T09:00:00,Port Klang - KL Distribution,Port Klang - KL Distribution :: Petaling Jaya->Kuala Lumpur,2,3.1073,101.6067,3.139,101.6869,9,6,0.7992
2026-08-23T10:00:00,Port Klang - KL Distribution,Port Klang - KL Distribution :: Petaling Jaya->Kuala Lumpur,2,3.1073,101.6067,3.139,101.6869,10,6,0.6189
2026-08-23T11:00:00,Port Klang - KL Distribution,Port Klang - KL Distribution :: Petaling Jaya->Kuala Lumpur,2,3.1073,101.6067,3.139,101.6869,11,6,0.408
2026-08-23T12:00:00,Port Klang - KL Distribution,Port Klang - KL Distribution :: Petaling Jaya->Kuala Lumpur,2,3.1073,101.6067,3.139,101.6869,12,6,0.288
2026-08-23T13:00:00,Port Klang - KL Distribution,Port Klang - KL Distribution :: Petaling Jaya->Kuala Lumpur,2,3.1073,101.6067,3.139,101.6869,13,6,0.2394
2026-08-23T14:00:00,Port Klang - KL Distribution,Port Klang - KL Distribution :: Petaling Jaya->Kuala Lumpur,2,3.1073,101.6067,3.139,101.6869,14,6,0.3416
2026-08-23T15:00:00,Port Klang - KL Distribution,Port Klang - KL Distribution :: Petaling Jaya->Kuala Lumpur,2,3.1073,101.6067,3.139,101.6869,15,6,0.3281
2026-08-23T16:00:00,Port Klang - KL Distribution,Port Klang - KL Distribution :: Petaling Jaya->Kuala Lumpur,2,3.1073,101.6067,3.139,101.6869,16,6,0.6281
2026-08-23T17:00:00,Port Klang - KL Distribution,Port Klang - KL Distribution :: Petaling Jaya->Kuala Lumpur,2,3.1073,101.6067,3.139,101.6869,17,6,0.9069
2026-08-23T18:00:00,Port Klang - KL Distribution,Port Klang - KL Distribution :: Petaling Jaya->Kuala Lumpur,2,3.1073,101.6067,3.139,101.6869,18,6,1.0
2026-08-23T19:00:00,Port Klang - KL Distribution,Port Klang - KL Distribution :: Petaling Jaya->Kuala Lumpur,2,3.1073,101.6067,3.139,101.6869,19,6,1.0
2026-08-23T20:00:00,Port Klang - KL Distribution,Port Klang - KL Distribution :: Petaling Jaya->Kuala Lumpur,2,3.1073,101.6067,3.139,101.6869,20,6,0.623
2026-08-23T21:00:00,Port Klang - KL Distribution,Port Klang - KL Distribution :: Petaling Jaya->Kuala Lumpur,2,3.1073,101.6067,3.139,101.6869,21,6,0.3559
2026-08-23T22:00:00,Port Klang - KL Distribution,Port Klang - KL Distribution :: Petaling Jaya->Kuala Lumpur,2,3.1073,101.6067,3.139,101.6869,22,6,0.2915
2026-08-23T23:00:00,Port Klang - KL Distribution,Port Klang - KL Distribution :: Petaling Jaya->Kuala Lumpur,2,3.1073,101.6067,3.139,101.6869,23,6,0.1614
2026-08-24T00:00:00,Port Klang - KL Distribution,Port Klang - KL Distribution :: Petaling Jaya->Kuala Lumpur,2,3.1073,101.6067,3.139,101.6869,0,0,0.2208
2026-08-24T01:00:00,Port Klang - KL Distribution,Port Klang - KL Distribution :: Petaling Jaya->Kuala Lumpur,2,3.1073,101.6067,3.139,101.6869,1,0,0.2379
2026-08-24T02:00:00,Port Klang - KL Distribution,Port Klang - KL Distribution :: Petaling Jaya->Kuala Lumpur,2,3.1073,101.6067,3.139,101.6869,2,0,0.2311
2026-08-24T03:00:00,Port Klang - KL Distribution,Port Klang - KL Distribution :: Petaling Jaya->Kuala Lumpur,2,3.1073,101.6067,3.139,101.6869,3,0,0.2729
2026-08-24T04:00:00,Port Klang - KL Distribution,Port Klang - KL Distribution :: Petaling Jaya->Kuala Lumpur,2,3.1073,101.6067,3.139,101.6869,4,0,0.2255
2026-08-24T05:00:00,Port Klang - KL Distribution,Port Klang - KL Distribution :: Petaling Jaya->Kuala Lumpur,2,3.1073,101.6067,3.139,101.6869,5,0,0.4009
2026-08-24T06:00:00,Port Klang - KL Distribution,Port Klang - KL Distribution :: Petaling Jaya->Kuala Lumpur,2,3.1073,101.6067,3.139,101.6869,6,0,0.5108
2026-08-24T07:00:00,Port Klang - KL Distribution,Port Klang - KL Distribution :: Petaling Jaya->Kuala Lumpur,2,3.1073,101.6067,3.139,101.6869,7,0,0.7876
2026-08-24T08:00:00,Port Klang - KL Distribution,Port Klang - KL Distribution :: Petaling Jaya->Kuala Lumpur,2,3.1073,101.6067,3.139,101.6869,8,0,0.9178
2026-08-24T09:00:00,Port Klang - KL Distribution,Port Klang - KL Distribution :: Petaling Jaya->Kuala Lumpur,2,3.1073,101.6067,3.139,101.6869,9,0,0.7975
2026-08-24T10:00:00,Port Klang - KL Distribution,Port Klang - KL Distribution :: Petaling Jaya->Kuala Lumpur,2,3.1073,101.6067,3.139,101.6869,10,0,0.5603
2026-08-24T11:00:00,Port Klang - KL Distribution,Port Klang - KL Distribution :: Petaling Jaya->Kuala Lumpur,2,3.1073,101.6067,3.139,101.6869,11,0,0.2817
2026-08-24T12:00:00,Port Klang - KL Distribution,Port Klang - KL Distribution :: Petaling Jaya->Kuala Lumpur,2,3.1073,101.6067,3.139,101.6869,12,0,0.2359
2026-08-24T13:00:00,Port Klang - KL Distribution,Port Klang - KL Distribution :: Petaling Jaya->Kuala Lumpur,2,3.1073,101.6067,3.139,101.6869,13,0,0.2506
2026-08-24T14:00:00,Port Klang - KL Distribution,Port Klang - KL Distribution :: Petaling Jaya->Kuala Lumpur,2,3.1073,101.6067,3.139,101.6869,14,0,0.2124
2026-08-24T15:00:00,Port Klang - KL Distribution,Port Klang - KL Distribution :: Petaling Jaya->Kuala Lumpur,2,3.1073,101.6067,3.139,101.6869,15,0,0.3373
2026-08-24T16:00:00,Port Klang - KL Distribution,Port Klang - KL Distribution :: Petaling Jaya->Kuala Lumpur,2,3.1073,101.6067,3.139,101.6869,16,0,0.5709
2026-08-24T17:00:00,Port Klang - KL Distribution,Port Klang - KL Distribution :: Petaling Jaya->Kuala Lumpur,2,3.1073,101.6067,3.139,101.6869,17,0,0.929
2026-08-24T18:00:00,Port Klang - KL Distribution,Port Klang - KL Distribution :: Petaling Jaya->Kuala Lumpur,2,3.1073,101.6067,3.139,101.6869,18,0,1.0
2026-08-24T19:00:00,Port Klang - KL Distribution,Port Klang - KL Distribution :: Petaling Jaya->Kuala Lumpur,2,3.1073,101.6067,3.139,101.6869,19,0,0.8882
2026-08-24T20:00:00,Port Klang - KL Distribution,Port Klang - KL Distribution :: Petaling Jaya->Kuala Lumpur,2,3.1073,101.6067,3.139,101.6869,20,0,0.6506
2026-08-24T21:00:00,Port Klang - KL Distribution,Port Klang - KL Distribution :: Petaling Jaya->Kuala Lumpur,2,3.1073,101.6067,3.139,101.6869,21,0,0.3782
2026-08-24T22:00:00,Port Klang - KL Distribution,Port Klang - KL Distribution :: Petaling Jaya->Kuala Lumpur,2,3.1073,101.6067,3.139,101.6869,22,0,0.3165
2026-08-24T23:00:00,Port Klang - KL Distribution,Port Klang - KL Distribution :: Petaling Jaya->Kuala Lumpur,2,3.1073,101.6067,3.139,101.6869,23,0,0.2614
2026-08-25T00:00:00,Port Klang - KL Distribution,Port Klang - KL Distribution :: Petaling Jaya->Kuala Lumpur,2,3.1073,101.6067,3.139,101.6869,0,1,0.2784
2026-08-25T01:00:00,Port Klang - KL Distribution,Port Klang - KL Distribution :: Petaling Jaya->Kuala Lumpur,2,3.1073,101.6067,3.139,101.6869,1,1,0.2275
2026-08-25T02:00:00,Port Klang - KL Distribution,Port Klang - KL Distribution :: Petaling Jaya->Kuala Lumpur,2,3.1073,101.6067,3.139,101.6869,2,1,0.1163
2026-08-25T03:00:00,Port Klang - KL Distribution,Port Klang - KL Distribution :: Petaling Jaya->Kuala Lumpur,2,3.1073,101.6067,3.139,101.6869,3,1,0.2557
2026-08-25T04:00:00,Port Klang - KL Distribution,Port Klang - KL Distribution :: Petaling Jaya->Kuala Lumpur,2,3.1073,101.6067,3.139,101.6869,4,1,0.3602
2026-08-25T05:00:00,Port Klang - KL Distribution,Port Klang - KL Distribution :: Petaling Jaya->Kuala Lumpur,2,3.1073,101.6067,3.139,101.6869,5,1,0.3892
2026-08-25T06:00:00,Port Klang - KL Distribution,Port Klang - KL Distribution :: Petaling Jaya->Kuala Lumpur,2,3.1073,101.6067,3.139,101.6869,6,1,0.5687
2026-08-25T07:00:00,Port Klang - KL Distribution,Port Klang - KL Distribution :: Petaling Jaya->Kuala Lumpur,2,3.1073,101.6067,3.139,101.6869,7,1,0.8624
2026-08-25T08:00:00,Port Klang - KL Distribution,Port Klang - KL Distribution :: Petaling Jaya->Kuala Lumpur,2,3.1073,101.6067,3.139,101.6869,8,1,0.9428
2026-08-25T09:00:00,Port Klang - KL Distribution,Port Klang - KL Distribution :: Petaling Jaya->Kuala Lumpur,2,3.1073,101.6067,3.139,101.6869,9,1,0.8
2026-08-25T10:00:00,Port Klang - KL Distribution,Port Klang - KL Distribution :: Petaling Jaya->Kuala Lumpur,2,3.1073,101.6067,3.139,101.6869,10,1,0.4738
2026-08-25T11:00:00,Port Klang - KL Distribution,Port Klang - KL Distribution :: Petaling Jaya->Kuala Lumpur,2,3.1073,101.6067,3.139,101.6869,11,1,0.3147
2026-08-25T12:00:00,Port Klang - KL Distribution,Port Klang - KL Distribution :: Petaling Jaya->Kuala Lumpur,2,3.1073,101.6067,3.139,101.6869,12,1,0.3124
2026-08-25T13:00:00,Port Klang - KL Distribution,Port Klang - KL Distribution :: Petaling Jaya->Kuala Lumpur,2,3.1073,101.6067,3.139,101.6869,13,1,0.3411
2026-08-25T14:00:00,Port Klang - KL Distribution,Port Klang - KL Distribution :: Petaling Jaya->Kuala Lumpur,2,3.1073,101.6067,3.139,101.6869,14,1,0.2848
2026-08-25T15:00:00,Port Klang - KL Distribution,Port Klang - KL Distribution :: Petaling Jaya->Kuala Lumpur,2,3.1073,101.6067,3.139,101.6869,15,1,0.3595
2026-08-25T16:00:00,Port Klang - KL Distribution,Port Klang - KL Distribution :: Petaling Jaya->Kuala Lumpur,2,3.1073,101.6067,3.139,101.6869,16,1,0.5995
2026-08-25T17:00:00,Port Klang - KL Distribution,Port Klang - KL Distribution :: Petaling Jaya->Kuala Lumpur,2,3.1073,101.6067,3.139,101.6869,17,1,0.9126
2026-08-25T18:00:00,Port Klang - KL Distribution,Port Klang - KL Distribution :: Petaling Jaya->Kuala Lumpur,2,3.1073,101.6067,3.139,101.6869,18,1,0.9134
2026-08-25T19:00:00,Port Klang - KL Distribution,Port Klang - KL Distribution :: Petaling Jaya->Kuala Lumpur,2,3.1073,101.6067,3.139,101.6869,19,1,0.7388
2026-08-25T20:00:00,Port Klang - KL Distribution,Port Klang - KL Distribution :: Petaling Jaya->Kuala Lumpur,2,3.1073,101.6067,3.139,101.6869,20,1,0.5665
2026-08-25T21:00:00,Port Klang - KL Distribution,Port Klang - KL Distribution :: Petaling Jaya->Kuala Lumpur,2,3.1073,101.6067,3.139,101.6869,21,1,0.3132
2026-08-25T22:00:00,Port Klang - KL Distribution,Port Klang - KL Distribution :: Petaling Jaya->Kuala Lumpur,2,3.1073,101.6067,3.139,101.6869,22,1,0.2626
2026-08-25T23:00:00,Port Klang - KL Distribution,Port Klang - KL Distribution :: Petaling Jaya->Kuala Lumpur,2,3.1073,101.6067,3.139,101.6869,23,1,0.2587
2026-08-26T00:00:00,Port Klang - KL Distribution,Port Klang - KL Distribution :: Petaling Jaya->Kuala Lumpur,2,3.1073,101.6067,3.139,101.6869,0,2,0.2353
2026-08-26T01:00:00,Port Klang - KL Distribution,Port Klang - KL Distribution :: Petaling Jaya->Kuala Lumpur,2,3.1073,101.6067,3.139,101.6869,1,2,0.3497
2026-08-26T02:00:00,Port Klang - KL Distribution,Port Klang - KL Distribution :: Petaling Jaya->Kuala Lumpur,2,3.1073,101.6067,3.139,101.6869,2,2,0.2822
2026-08-26T03:00:00,Port Klang - KL Distribution,Port Klang - KL Distribution :: Petaling Jaya->Kuala Lumpur,2,3.1073,101.6067,3.139,101.6869,3,2,0.2818
2026-08-26T04:00:00,Port Klang - KL Distribution,Port Klang - KL Distribution :: Petaling Jaya->Kuala Lumpur,2,3.1073,101.6067,3.139,101.6869,4,2,0.3122
2026-08-26T05:00:00,Port Klang - KL Distribution,Port Klang - KL Distribution :: Petaling Jaya->Kuala Lumpur,2,3.1073,101.6067,3.139,101.6869,5,2,0.2653
2026-08-26T06:00:00,Port Klang - KL Distribution,Port Klang - KL Distribution :: Petaling Jaya->Kuala Lumpur,2,3.1073,101.6067,3.139,101.6869,6,2,0.5732
2026-08-26T07:00:00,Port Klang - KL Distribution,Port Klang - KL Distribution :: Petaling Jaya->Kuala Lumpur,2,3.1073,101.6067,3.139,101.6869,7,2,0.7836
2026-08-26T08:00:00,Port Klang - KL Distribution,Port Klang - KL Distribution :: Petaling Jaya->Kuala Lumpur,2,3.1073,101.6067,3.139,101.6869,8,2,0.9777
2026-08-26T09:00:00,Port Klang - KL Distribution,Port Klang - KL Distribution :: Petaling Jaya->Kuala Lumpur,2,3.1073,101.6067,3.139,101.6869,9,2,0.7239
2026-08-26T10:00:00,Port Klang - KL Distribution,Port Klang - KL Distribution :: Petaling Jaya->Kuala Lumpur,2,3.1073,101.6067,3.139,101.6869,10,2,0.4176
2026-08-26T11:00:00,Port Klang - KL Distribution,Port Klang - KL Distribution :: Petaling Jaya->Kuala Lumpur,2,3.1073,101.6067,3.139,101.6869,11,2,0.3828
2026-08-26T12:00:00,Port Klang - KL Distribution,Port Klang - KL Distribution :: Petaling Jaya->Kuala Lumpur,2,3.1073,101.6067,3.139,101.6869,12,2,0.298
2026-08-26T13:00:00,Port Klang - KL Distribution,Port Klang - KL Distribution :: Petaling Jaya->Kuala Lumpur,2,3.1073,101.6067,3.139,101.6869,13,2,0.2147
2026-08-26T14:00:00,Port Klang - KL Distribution,Port Klang - KL Distribution :: Petaling Jaya->Kuala Lumpur,2,3.1073,101.6067,3.139,101.6869,14,2,0.241
2026-08-26T15:00:00,Port Klang - KL Distribution,Port Klang - KL Distribution :: Petaling Jaya->Kuala Lumpur,2,3.1073,101.6067,3.139,101.6869,15,2,0.454
2026-08-26T16:00:00,Port Klang - KL Distribution,Port Klang - KL Distribution :: Petaling Jaya->Kuala Lumpur,2,3.1073,101.6067,3.139,101.6869,16,2,0.5281
2026-08-26T17:00:00,Port Klang - KL Distribution,Port Klang - KL Distribution :: Petaling Jaya->Kuala Lumpur,2,3.1073,101.6067,3.139,101.6869,17,2,0.9751
2026-08-26T18:00:00,Port Klang - KL Distribution,Port Klang - KL Distribution :: Petaling Jaya->Kuala Lumpur,2,3.1073,101.6067,3.139,101.6869,18,2,0.946
2026-08-26T19:00:00,Port Klang - KL Distribution,Port Klang - KL Distribution :: Petaling Jaya->Kuala Lumpur,2,3.1073,101.6067,3.139,101.6869,19,2,0.9149
2026-08-26T20:00:00,Port Klang - KL Distribution,Port Klang - KL Distribution :: Petaling Jaya->Kuala Lumpur,2,3.1073,101.6067,3.139,101.6869,20,2,0.5798
2026-08-26T21:00:00,Port Klang - KL Distribution,Port Klang - KL Distribution :: Petaling Jaya->Kuala Lumpur,2,3.1073,101.6067,3.139,101.6869,21,2,0.4227
2026-08-26T22:00:00,Port Klang - KL Distribution,Port Klang - KL Distribution :: Petaling Jaya->Kuala Lumpur,2,3.1073,101.6067,3.139,101.6869,22,2,0.2604
2026-08-26T23:00:00,Port Klang - KL Distribution,Port Klang - KL Distribution :: Petaling Jaya->Kuala Lumpur,2,3.1073,101.6067,3.139,101.6869,23,2,0.2578
2026-08-27T00:00:00,Port Klang - KL Distribution,Port Klang - KL Distribution :: Petaling Jaya->Kuala Lumpur,2,3.1073,101.6067,3.139,101.6869,0,3,0.265
2026-08-27T01:00:00,Port Klang - KL Distribution,Port Klang - KL Distribution :: Petaling Jaya->Kuala Lumpur,2,3.1073,101.6067,3.139,101.6869,1,3,0.2024
2026-08-27T02:00:00,Port Klang - KL Distribution,Port Klang - KL Distribution :: Petaling Jaya->Kuala Lumpur,2,3.1073,101.6067,3.139,101.6869,2,3,0.307
2026-08-27T03:00:00,Port Klang - KL Distribution,Port Klang - KL Distribution :: Petaling Jaya->Kuala Lumpur,2,3.1073,101.6067,3.139,101.6869,3,3,0.233
2026-08-27T04:00:00,Port Klang - KL Distribution,Port Klang - KL Distribution :: Petaling Jaya->Kuala Lumpur,2,3.1073,101.6067,3.139,101.6869,4,3,0.2611
2026-08-27T05:00:00,Port Klang - KL Distribution,Port Klang - KL Distribution :: Petaling Jaya->Kuala Lumpur,2,3.1073,101.6067,3.139,101.6869,5,3,0.274
2026-08-27T06:00:00,Port Klang - KL Distribution,Port Klang - KL Distribution :: Petaling Jaya->Kuala Lumpur,2,3.1073,101.6067,3.139,101.6869,6,3,0.3571
2026-08-27T07:00:00,Port Klang - KL Distribution,Port Klang - KL Distribution :: Petaling Jaya->Kuala Lumpur,2,3.1073,101.6067,3.139,101.6869,7,3,0.7767
2026-08-27T08:00:00,Port Klang - KL Distribution,Port Klang - KL Distribution :: Petaling Jaya->Kuala Lumpur,2,3.1073,101.6067,3.139,101.6869,8,3,1.0
2026-08-27T09:00:00,Port Klang - KL Distribution,Port Klang - KL Distribution :: Petaling Jaya->Kuala Lumpur,2,3.1073,101.6067,3.139,101.6869,9,3,0.8353
2026-08-27T10:00:00,Port Klang - KL Distribution,Port Klang - KL Distribution :: Petaling Jaya->Kuala Lumpur,2,3.1073,101.6067,3.139,101.6869,10,3,0.5097
2026-08-27T11:00:00,Port Klang - KL Distribution,Port Klang - KL Distribution :: Petaling Jaya->Kuala Lumpur,2,3.1073,101.6067,3.139,101.6869,11,3,0.3179
2026-08-27T12:00:00,Port Klang - KL Distribution,Port Klang - KL Distribution :: Petaling Jaya->Kuala Lumpur,2,3.1073,101.6067,3.139,101.6869,12,3,0.2768
2026-08-27T13:00:00,Port Klang - KL Distribution,Port Klang - KL Distribution :: Petaling Jaya->Kuala Lumpur,2,3.1073,101.6067,3.139,101.6869,13,3,0.3017
2026-08-27T14:00:00,Port Klang - KL Distribution,Port Klang - KL Distribution :: Petaling Jaya->Kuala Lumpur,2,3.1073,101.6067,3.139,101.6869,14,3,0.2223
2026-08-27T15:00:00,Port Klang - KL Distribution,Port Klang - KL Distribution :: Petaling Jaya->Kuala Lumpur,2,3.1073,101.6067,3.139,101.6869,15,3,0.4533
2026-08-27T16:00:00,Port Klang - KL Distribution,Port Klang - KL Distribution :: Petaling Jaya->Kuala Lumpur,2,3.1073,101.6067,3.139,101.6869,16,3,0.6424
2026-08-27T17:00:00,Port Klang - KL Distribution,Port Klang - KL Distribution :: Petaling Jaya->Kuala Lumpur,2,3.1073,101.6067,3.139,101.6869,17,3,0.9196
2026-08-27T18:00:00,Port Klang - KL Distribution,Port Klang - KL Distribution :: Petaling Jaya->Kuala Lumpur,2,3.1073,101.6067,3.139,101.6869,18,3,1.0
2026-08-27T19:00:00,Port Klang - KL Distribution,Port Klang - KL Distribution :: Petaling Jaya->Kuala Lumpur,2,3.1073,101.6067,3.139,101.6869,19,3,0.8777
2026-08-27T20:00:00,Port Klang - KL Distribution,Port Klang - KL Distribution :: Petaling Jaya->Kuala Lumpur,2,3.1073,101.6067,3.139,101.6869,20,3,0.6399
2026-08-27T21:00:00,Port Klang - KL Distribution,Port Klang - KL Distribution :: Petaling Jaya->Kuala Lumpur,2,3.1073,101.6067,3.139,101.6869,21,3,0.422
2026-08-27T22:00:00,Port Klang - KL Distribution,Port Klang - KL Distribution :: Petaling Jaya->Kuala Lumpur,2,3.1073,101.6067,3.139,101.6869,22,3,0.2718
2026-08-27T23:00:00,Port Klang - KL Distribution,Port Klang - KL Distribution :: Petaling Jaya->Kuala Lumpur,2,3.1073,101.6067,3.139,101.6869,23,3,0.2331
2026-08-28T00:00:00,Port Klang - KL Distribution,Port Klang - KL Distribution :: Petaling Jaya->Kuala Lumpur,2,3.1073,101.6067,3.139,101.6869,0,4,0.2686
2026-08-28T01:00:00,Port Klang - KL Distribution,Port Klang - KL Distribution :: Petaling Jaya->Kuala Lumpur,2,3.1073,101.6067,3.139,101.6869,1,4,0.3554
2026-08-28T02:00:00,Port Klang - KL Distribution,Port Klang - KL Distribution :: Petaling Jaya->Kuala Lumpur,2,3.1073,101.6067,3.139,101.6869,2,4,0.1882
2026-08-28T03:00:00,Port Klang - KL Distribution,Port Klang - KL Distribution :: Petaling Jaya->Kuala Lumpur,2,3.1073,101.6067,3.139,101.6869,3,4,0.1758
2026-08-28T04:00:00,Port Klang - KL Distribution,Port Klang - KL Distribution :: Petaling Jaya->Kuala Lumpur,2,3.1073,101.6067,3.139,101.6869,4,4,0.2847
2026-08-28T05:00:00,Port Klang - KL Distribution,Port Klang - KL Distribution :: Petaling Jaya->Kuala Lumpur,2,3.1073,101.6067,3.139,101.6869,5,4,0.3367
2026-08-28T06:00:00,Port Klang - KL Distribution,Port Klang - KL Distribution :: Petaling Jaya->Kuala Lumpur,2,3.1073,101.6067,3.139,101.6869,6,4,0.5212
2026-08-28T07:00:00,Port Klang - KL Distribution,Port Klang - KL Distribution :: Petaling Jaya->Kuala Lumpur,2,3.1073,101.6067,3.139,101.6869,7,4,0.8028
2026-08-28T08:00:00,Port Klang - KL Distribution,Port Klang - KL Distribution :: Petaling Jaya->Kuala Lumpur,2,3.1073,101.6067,3.139,101.6869,8,4,0.9241
2026-08-28T09:00:00,Port Klang - KL Distribution,Port Klang - KL Distribution :: Petaling Jaya->Kuala Lumpur,2,3.1073,101.6067,3.139,101.6869,9,4,0.8776
2026-08-28T10:00:00,Port Klang - KL Distribution,Port Klang - KL Distribution :: Petaling Jaya->Kuala Lumpur,2,3.1073,101.6067,3.139,101.6869,10,4,0.4148
2026-08-28T11:00:00,Port Klang - KL Distribution,Port Klang - KL Distribution :: Petaling Jaya->Kuala Lumpur,2,3.1073,101.6067,3.139,101.6869,11,4,0.284
2026-08-28T12:00:00,Port Klang - KL Distribution,Port Klang - KL Distribution :: Petaling Jaya->Kuala Lumpur,2,3.1073,101.6067,3.139,101.6869,12,4,0.2692
2026-08-28T13:00:00,Port Klang - KL Distribution,Port Klang - KL Distribution :: Petaling Jaya->Kuala Lumpur,2,3.1073,101.6067,3.139,101.6869,13,4,0.1703
2026-08-28T14:00:00,Port Klang - KL Distribution,Port Klang - KL Distribution :: Petaling Jaya->Kuala Lumpur,2,3.1073,101.6067,3.139,101.6869,14,4,0.2826
2026-08-28T15:00:00,Port Klang - KL Distribution,Port Klang - KL Distribution :: Petaling Jaya->Kuala Lumpur,2,3.1073,101.6067,3.139,101.6869,15,4,0.4862
2026-08-28T16:00:00,Port Klang - KL Distribution,Port Klang - KL Distribution :: Petaling Jaya->Kuala Lumpur,2,3.1073,101.6067,3.139,101.6869,16,4,0.6007
2026-08-28T17:00:00,Port Klang - KL Distribution,Port Klang - KL Distribution :: Petaling Jaya->Kuala Lumpur,2,3.1073,101.6067,3.139,101.6869,17,4,0.8904
2026-08-28T18:00:00,Port Klang - KL Distribution,Port Klang - KL Distribution :: Petaling Jaya->Kuala Lumpur,2,3.1073,101.6067,3.139,101.6869,18,4,0.9244
2026-08-28T19:00:00,Port Klang - KL Distribution,Port Klang - KL Distribution :: Petaling Jaya->Kuala Lumpur,2,3.1073,101.6067,3.139,101.6869,19,4,0.8396
2026-08-28T20:00:00,Port Klang - KL Distribution,Port Klang - KL Distribution :: Petaling Jaya->Kuala Lumpur,2,3.1073,101.6067,3.139,101.6869,20,4,0.577
2026-08-28T21:00:00,Port Klang - KL Distribution,Port Klang - KL Distribution :: Petaling Jaya->Kuala Lumpur,2,3.1073,101.6067,3.139,101.6869,21,4,0.3674
2026-08-28T22:00:00,Port Klang - KL Distribution,Port Klang - KL Distribution :: Petaling Jaya->Kuala Lumpur,2,3.1073,101.6067,3.139,101.6869,22,4,0.37
2026-08-28T23:00:00,Port Klang - KL Distribution,Port Klang - KL Distribution :: Petaling Jaya->Kuala Lumpur,2,3.1073,101.6067,3.139,101.6869,23,4,0.301
2026-07-30T00:00:00,North-South Expressway (KL-JB),North-South Expressway (KL-JB) :: Kuala Lumpur->Seremban,0,3.139,101.6869,2.7297,101.9381,0,3,0.0908
2026-07-30T01:00:00,North-South Expressway (KL-JB),North-South Expressway (KL-JB) :: Kuala Lumpur->Seremban,0,3.139,101.6869,2.7297,101.9381,1,3,0.1723
2026-07-30T02:00:00,North-South Expressway (KL-JB),North-South Expressway (KL-JB) :: Kuala Lumpur->Seremban,0,3.139,101.6869,2.7297,101.9381,2,3,0.1874
2026-07-30T03:00:00,North-South Expressway (KL-JB),North-South Expressway (KL-JB) :: Kuala Lumpur->Seremban,0,3.139,101.6869,2.7297,101.9381,3,3,0.2267
2026-07-30T04:00:00,North-South Expressway (KL-JB),North-South Expressway (KL-JB) :: Kuala Lumpur->Seremban,0,3.139,101.6869,2.7297,101.9381,4,3,0.2598
2026-07-30T05:00:00,North-South Expressway (KL-JB),North-South Expressway (KL-JB) :: Kuala Lumpur->Seremban,0,3.139,101.6869,2.7297,101.9381,5,3,0.1393
2026-07-30T06:00:00,North-South Expressway (KL-JB),North-South Expressway (KL-JB) :: Kuala Lumpur->Seremban,0,3.139,101.6869,2.7297,101.9381,6,3,0.2578
2026-07-30T07:00:00,North-South Expressway (KL-JB),North-South Expressway (KL-JB) :: Kuala Lumpur->Seremban,0,3.139,101.6869,2.7297,101.9381,7,3,0.3975
2026-07-30T08:00:00,North-South Expressway (KL-JB),North-South Expressway (KL-JB) :: Kuala Lumpur->Seremban,0,3.139,101.6869,2.7297,101.9381,8,3,0.5485
2026-07-30T09:00:00,North-South Expressway (KL-JB),North-South Expressway (KL-JB) :: Kuala Lumpur->Seremban,0,3.139,101.6869,2.7297,101.9381,9,3,0.5009
2026-07-30T10:00:00,North-South Expressway (KL-JB),North-South Expressway (KL-JB) :: Kuala Lumpur->Seremban,0,3.139,101.6869,2.7297,101.9381,10,3,0.3657
2026-07-30T11:00:00,North-South Expressway (KL-JB),North-South Expressway (KL-JB) :: Kuala Lumpur->Seremban,0,3.139,101.6869,2.7297,101.9381,11,3,0.1957
2026-07-30T12:00:00,North-South Expressway (KL-JB),North-South Expressway (KL-JB) :: Kuala Lumpur->Seremban,0,3.139,101.6869,2.7297,101.9381,12,3,0.1461
2026-07-30T13:00:00,North-South Expressway (KL-JB),North-South Expressway (KL-JB) :: Kuala Lumpur->Seremban,0,3.139,101.6869,2.7297,101.9381,13,3,0.1704
2026-07-30T14:00:00,North-South Expressway (KL-JB),North-South Expressway (KL-JB) :: Kuala Lumpur->Seremban,0,3.139,101.6869,2.7297,101.9381,14,3,0.1258
2026-07-30T15:00:00,North-South Expressway (KL-JB),North-South Expressway (KL-JB) :: Kuala Lumpur->Seremban,0,3.139,101.6869,2.7297,101.9381,15,3,0.3573
2026-07-30T16:00:00,North-South Expressway (KL-JB),North-South Expressway (KL-JB) :: Kuala Lumpur->Seremban,0,3.139,101.6869,2.7297,101.9381,16,3,0.2632
2026-07-30T17:00:00,North-South Expressway (KL-JB),North-South Expressway (KL-JB) :: Kuala Lumpur->Seremban,0,3.139,101.6869,2.7297,101.9381,17,3,0.537
2026-07-30T18:00:00,North-South Expressway (KL-JB),North-South Expressway (KL-JB) :: Kuala Lumpur->Seremban,0,3.139,101.6869,2.7297,101.9381,18,3,0.7289
2026-07-30T19:00:00,North-South Expressway (KL-JB),North-South Expressway (KL-JB) :: Kuala Lumpur->Seremban,0,3.139,101.6869,2.7297,101.9381,19,3,0.5263
2026-07-30T20:00:00,North-South Expressway (KL-JB),North-South Expressway (KL-JB) :: Kuala Lumpur->Seremban,0,3.139,101.6869,2.7297,101.9381,20,3,0.3483
2026-07-30T21:00:00,North-South Expressway (KL-JB),North-South Expressway (KL-JB) :: Kuala Lumpur->Seremban,0,3.139,101.6869,2.7297,101.9381,21,3,0.2104
2026-07-30T22:00:00,North-South Expressway (KL-JB),North-South Expressway (KL-JB) :: Kuala Lumpur->Seremban,0,3.139,101.6869,2.7297,101.9381,22,3,0.165
2026-07-30T23:00:00,North-South Expressway (KL-JB),North-South Expressway (KL-JB) :: Kuala Lumpur->Seremban,0,3.139,101.6869,2.7297,101.9381,23,3,0.2429
2026-07-31T00:00:00,North-South Expressway (KL-JB),North-South Expressway (KL-JB) :: Kuala Lumpur->Seremban,0,3.139,101.6869,2.7297,101.9381,0,4,0.0248
2026-07-31T01:00:00,North-South Expressway (KL-JB),North-South Expressway (KL-JB) :: Kuala Lumpur->Seremban,0,3.139,101.6869,2.7297,101.9381,1,4,0.2495
2026-07-31T02:00:00,North-South Expressway (KL-JB),North-South Expressway (KL-JB) :: Kuala Lumpur->Seremban,0,3.139,101.6869,2.7297,101.9381,2,4,0.0721
2026-07-31T03:00:00,North-South Expressway (KL-JB),North-South Expressway (KL-JB) :: Kuala Lumpur->Seremban,0,3.139,101.6869,2.7297,101.9381,3,4,0.1423
2026-07-31T04:00:00,North-South Expressway (KL-JB),North-South Expressway (KL-JB) :: Kuala Lumpur->Seremban,0,3.139,101.6869,2.7297,101.9381,4,4,0.1392
2026-07-31T05:00:00,North-South Expressway (KL-JB),North-South Expressway (KL-JB) :: Kuala Lumpur->Seremban,0,3.139,101.6869,2.7297,101.9381,5,4,0.2355
2026-07-31T06:00:00,North-South Expressway (KL-JB),North-South Expressway (KL-JB) :: Kuala Lumpur->Seremban,0,3.139,101.6869,2.7297,101.9381,6,4,0.2106
2026-07-31T07:00:00,North-South Expressway (KL-JB),North-South Expressway (KL-JB) :: Kuala Lumpur->Seremban,0,3.139,101.6869,2.7297,101.9381,7,4,0.5006
2026-07-31T08:00:00,North-South Expressway (KL-JB),North-South Expressway (KL-JB) :: Kuala Lumpur->Seremban,0,3.139,101.6869,2.7297,101.9381,8,4,0.684
2026-07-31T09:00:00,North-South Expressway (KL-JB),North-South Expressway (KL-JB) :: Kuala Lumpur->Seremban,0,3.139,101.6869,2.7297,101.9381,9,4,0.3911
2026-07-31T10:00:00,North-South Expressway (KL-JB),North-South Expressway (KL-JB) :: Kuala Lumpur->Seremban,0,3.139,101.6869,2.7297,101.9381,10,4,0.3179
2026-07-31T11:00:00,North-South Expressway (KL-JB),North-South Expressway (KL-JB) :: Kuala Lumpur->Seremban,0,3.139,101.6869,2.7297,101.9381,11,4,0.1605
2026-07-31T12:00:00,North-South Expressway (KL-JB),North-South Expressway (KL-JB) :: Kuala Lumpur->Seremban,0,3.139,101.6869,2.7297,101.9381,12,4,0.1908
2026-07-31T13:00:00,North-South Expressway (KL-JB),North-South Expressway (KL-JB) :: Kuala Lumpur->Seremban,0,3.139,101.6869,2.7297,101.9381,13,4,0.1625
2026-07-31T14:00:00,North-South Expressway (KL-JB),North-South Expressway (KL-JB) :: Kuala Lumpur->Seremban,0,3.139,101.6869,2.7297,101.9381,14,4,0.1374
2026-07-31T15:00:00,North-South Expressway (KL-JB),North-South Expressway (KL-JB) :: Kuala Lumpur->Seremban,0,3.139,101.6869,2.7297,101.9381,15,4,0.2612
2026-07-31T16:00:00,North-South Expressway (KL-JB),North-South Expressway (KL-JB) :: Kuala Lumpur->Seremban,0,3.139,101.6869,2.7297,101.9381,16,4,0.468
2026-07-31T17:00:00,North-South Expressway (KL-JB),North-South Expressway (KL-JB) :: Kuala Lumpur->Seremban,0,3.139,101.6869,2.7297,101.9381,17,4,0.5145
2026-07-31T18:00:00,North-South Expressway (KL-JB),North-South Expressway (KL-JB) :: Kuala Lumpur->Seremban,0,3.139,101.6869,2.7297,101.9381,18,4,0.6507
2026-07-31T19:00:00,North-South Expressway (KL-JB),North-South Expressway (KL-JB) :: Kuala Lumpur->Seremban,0,3.139,101.6869,2.7297,101.9381,19,4,0.4483
2026-07-31T20:00:00,North-South Expressway (KL-JB),North-South Expressway (KL-JB) :: Kuala Lumpur->Seremban,0,3.139,101.6869,2.7297,101.9381,20,4,0.3023
2026-07-31T21:00:00,North-South Expressway (KL-JB),North-South Expressway (KL-JB) :: Kuala Lumpur->Seremban,0,3.139,101.6869,2.7297,101.9381,21,4,0.2602
2026-07-31T22:00:00,North-South Expressway (KL-JB),North-South Expressway (KL-JB) :: Kuala Lumpur->Seremban,0,3.139,101.6869,2.7297,101.9381,22,4,0.2649
2026-07-31T23:00:00,North-South Expressway (KL-JB),North-South Expressway (KL-JB) :: Kuala Lumpur->Seremban,0,3.139,101.6869,2.7297,101.9381,23,4,0.1819
2026-08-01T00:00:00,North-South Expressway (KL-JB),North-South Expressway (KL-JB) :: Kuala Lumpur->Seremban,0,3.139,101.6869,2.7297,101.9381,0,5,0.1387
2026-08-01T01:00:00,North-South Expressway (KL-JB),North-South Expressway (KL-JB) :: Kuala Lumpur->Seremban,0,3.139,101.6869,2.7297,101.9381,1,5,0.1575
2026-08-01T02:00:00,North-South Expressway (KL-JB),North-South Expressway (KL-JB) :: Kuala Lumpur->Seremban,0,3.139,101.6869,2.7297,101.9381,2,5,0.0825
2026-08-01T03:00:00,North-South Expressway (KL-JB),North-South Expressway (KL-JB) :: Kuala Lumpur->Seremban,0,3.139,101.6869,2.7297,101.9381,3,5,0.1946
2026-08-01T04:00:00,North-South Expressway (KL-JB),North-South Expressway (KL-JB) :: Kuala Lumpur->Seremban,0,3.139,101.6869,2.7297,101.9381,4,5,0.2179
2026-08-01T05:00:00,North-South Expressway (KL-JB),North-South Expressway (KL-JB) :: Kuala Lumpur->Seremban,0,3.139,101.6869,2.7297,101.9381,5,5,0.1731
2026-08-01T06:00:00,North-South Expressway (KL-JB),North-South Expressway (KL-JB) :: Kuala Lumpur->Seremban,0,3.139,101.6869,2.7297,101.9381,6,5,0.2783
2026-08-01T07:00:00,North-South Expressway (KL-JB),North-South Expressway (KL-JB) :: Kuala Lumpur->Seremban,0,3.139,101.6869,2.7297,101.9381,7,5,0.4889
2026-08-01T08:00:00,North-South Expressway (KL-JB),North-South Expressway (KL-JB) :: Kuala Lumpur->Seremban,0,3.139,101.6869,2.7297,101.9381,8,5,0.5363
2026-08-01T09:00:00,North-South Expressway (KL-JB),North-South Expressway (KL-JB) :: Kuala Lumpur->Seremban,0,3.139,101.6869,2.7297,101.9381,9,5,0.4689
2026-08-01T10:00:00,North-South Expressway (KL-JB),North-South Expressway (KL-JB) :: Kuala Lumpur->Seremban,0,3.139,101.6869,2.7297,101.9381,10,5,0.4325
2026-08-01T11:00:00,North-South Expressway (KL-JB),North-South Expressway (KL-JB) :: Kuala Lumpur->Seremban,0,3.139,101.6869,2.7297,101.9381,11,5,0.1854
2026-08-01T12:00:00,North-South Expressway (KL-JB),North-South Expressway (KL-JB) :: Kuala Lumpur->Seremban,0,3.139,101.6869,2.7297,101.9381,12,5,0.1438
2026-08-01T13:00:00,North-South Expressway (KL-JB),North-South Expressway (KL-JB) :: Kuala Lumpur->Seremban,0,3.139,101.6869,2.7297,101.9381,13,5,0.1225
2026-08-01T14:00:00,North-South Expressway (KL-JB),North-South Expressway (KL-JB) :: Kuala Lumpur->Seremban,0,3.139,101.6869,2.7297,101.9381,14,5,0.2205
2026-08-01T15:00:00,North-South Expressway (KL-JB),North-South Expressway (KL-JB) :: Kuala Lumpur->Seremban,0,3.139,101.6869,2.7297,101.9381,15,5,0.221
2026-08-01T16:00:00,North-South Expressway (KL-JB),North-South Expressway (KL-JB) :: Kuala Lumpur->Seremban,0,3.139,101.6869,2.7297,101.9381,16,5,0.3207
2026-08-01T17:00:00,North-South Expressway (KL-JB),North-South Expressway (KL-JB) :: Kuala Lumpur->Seremban,0,3.139,101.6869,2.7297,101.9381,17,5,0.6052
2026-08-01T18:00:00,North-South Expressway (KL-JB),North-South Expressway (KL-JB) :: Kuala Lumpur->Seremban,0,3.139,101.6869,2.7297,101.9381,18,5,0.6927
2026-08-01T19:00:00,North-South Expressway (KL-JB),North-South Expressway (KL-JB) :: Kuala Lumpur->Seremban,0,3.139,101.6869,2.7297,101.9381,19,5,0.4899
2026-08-01T20:00:00,North-South Expressway (KL-JB),North-South Expressway (KL-JB) :: Kuala Lumpur->Seremban,0,3.139,101.6869,2.7297,101.9381,20,5,0.2477
2026-08-01T21:00:00,North-South Expressway (KL-JB),North-South Expressway (KL-JB) :: Kuala Lumpur->Seremban,0,3.139,101.6869,2.7297,101.9381,21,5,0.2923
2026-08-01T22:00:00,North-South Expressway (KL-JB),North-South Expressway (KL-JB) :: Kuala Lumpur->Seremban,0,3.139,101.6869,2.7297,101.9381,22,5,0.1348
2026-08-01T23:00:00,North-South Expressway (KL-JB),North-South Expressway (KL-JB) :: Kuala Lumpur->Seremban,0,3.139,101.6869,2.7297,101.9381,23,5,0.208
2026-08-02T00:00:00,North-South Expressway (KL-JB),North-South Expressway (KL-JB) :: Kuala Lumpur->Seremban,0,3.139,101.6869,2.7297,101.9381,0,6,0.0393
2026-08-02T01:00:00,North-South Expressway (KL-JB),North-South Expressway (KL-JB) :: Kuala Lumpur->Seremban,0,3.139,101.6869,2.7297,101.9381,1,6,0.2111
2026-08-02T02:00:00,North-South Expressway (KL-JB),North-South Expressway (KL-JB) :: Kuala Lumpur->Seremban,0,3.139,101.6869,2.7297,101.9381,2,6,0.0849
2026-08-02T03:00:00,North-South Expressway (KL-JB),North-South Expressway (KL-JB) :: Kuala Lumpur->Seremban,0,3.139,101.6869,2.7297,101.9381,3,6,0.2021
2026-08-02T04:00:00,North-South Expressway (KL-JB),North-South Expressway (KL-JB) :: Kuala Lumpur->Seremban,0,3.139,101.6869,2.7297,101.9381,4,6,0.1658
2026-08-02T05:00:00,North-South Expressway (KL-JB),North-South Expressway (KL-JB) :: Kuala Lumpur->Seremban,0,3.139,101.6869,2.7297,101.9381,5,6,0.143
2026-08-02T06:00:00,North-South Expressway (KL-JB),North-South Expressway (KL-JB) :: Kuala Lumpur->Seremban,0,3.139,101.6869,2.7297,101.9381,6,6,0.2821
2026-08-02T07:00:00,North-South Expressway (KL-JB),North-South Expressway (KL-JB) :: Kuala Lumpur->Seremban,0,3.139,101.6869,2.7297,101.9381,7,6,0.5141
2026-08-02T08:00:00,North-South Expressway (KL-JB),North-South Expressway (KL-JB) :: Kuala Lumpur->Seremban,0,3.139,101.6869,2.7297,101.9381,8,6,0.5689
2026-08-02T09:00:00,North-South Expressway (KL-JB),North-South Expressway (KL-JB) :: Kuala Lumpur->Seremban,0,3.139,101.6869,2.7297,101.9381,9,6,0.508
2026-08-02T10:00:00,North-South Expressway (KL-JB),North-South Expressway (KL-JB) :: Kuala Lumpur->Seremban,0,3.139,101.6869,2.7297,101.9381,10,6,0.4251
2026-08-02T11:00:00,North-South Expressway (KL-JB),North-South Expressway (KL-JB) :: Kuala Lumpur->Seremban,0,3.139,101.6869,2.7297,101.9381,11,6,0.1064
2026-08-02T12:00:00,North-South Expressway (KL-JB),North-South Expressway (KL-JB) :: Kuala Lumpur->Seremban,0,3.139,101.6869,2.7297,101.9381,12,6,0.2623
2026-08-02T13:00:00,North-South Expressway (KL-JB),North-South Expressway (KL-JB) :: Kuala Lumpur->Seremban,0,3.139,101.6869,2.7297,101.9381,13,6,0.1676
2026-08-02T14:00:00,North-South Expressway (KL-JB),North-South Expressway (KL-JB) :: Kuala Lumpur->Seremban,0,3.139,101.6869,2.7297,101.9381,14,6,0.122
2026-08-02T15:00:00,North-South Expressway (KL-JB),North-South Expressway (KL-JB) :: Kuala Lumpur->Seremban,0,3.139,101.6869,2.7297,101.9381,15,6,0.1521
2026-08-02T16:00:00,North-South Expressway (KL-JB),North-South Expressway (KL-JB) :: Kuala Lumpur->Seremban,0,3.139,101.6869,2.7297,101.9381,16,6,0.3484
2026-08-02T17:00:00,North-South Expressway (KL-JB),North-South Expressway (KL-JB) :: Kuala Lumpur->Seremban,0,3.139,101.6869,2.7297,101.9381,17,6,0.5812
2026-08-02T18:00:00,North-South Expressway (KL-JB),North-South Expressway (KL-JB) :: Kuala Lumpur->Seremban,0,3.139,101.6869,2.7297,101.9381,18,6,0.5998
2026-08-02T19:00:00,North-South Expressway (KL-JB),North-South Expressway (KL-JB) :: Kuala Lumpur->Seremban,0,3.139,101.6869,2.7297,101.9381,19,6,0.6166
2026-08-02T20:00:00,North-South Expressway (KL-JB),North-South Expressway (KL-JB) :: Kuala Lumpur->Seremban,0,3.139,101.6869,2.7297,101.9381,20,6,0.2726
2026-08-02T21:00:00,North-South Expressway (KL-JB),North-South Expressway (KL-JB) :: Kuala Lumpur->Seremban,0,3.139,101.6869,2.7297,101.9381,21,6,0.2312
2026-08-02T22:00:00,North-South Expressway (KL-JB),North-South Expressway (KL-JB) :: Kuala Lumpur->Seremban,0,3.139,101.6869,2.7297,101.9381,22,6,0.1007
2026-08-02T23:00:00,North-South Expressway (KL-JB),North-South Expressway (KL-JB) :: Kuala Lumpur->Seremban,0,3.139,101.6869,2.7297,101.9381,23,6,0.1823
2026-08-03T00:00:00,North-South Expressway (KL-JB),North-South Expressway (KL-JB) :: Kuala Lumpur->Seremban,0,3.139,101.6869,2.7297,101.9381,0,0,0.2107
2026-08-03T01:00:00,North-South Expressway (KL-JB),North-South Expressway (KL-JB) :: Kuala Lumpur->Seremban,0,3.139,101.6869,2.7297,101.9381,1,0,0.1323
2026-08-03T02:00:00,North-South Expressway (KL-JB),North-South Expressway (KL-JB) :: Kuala Lumpur->Seremban,0,3.139,101.6869,2.7297,101.9381,2,0,0.0013
2026-08-03T03:00:00,North-South Expressway (KL-JB),North-South Expressway (KL-JB) :: Kuala Lumpur->Seremban,0,3.139,101.6869,2.7297,101.9381,3,0,0.1702
2026-08-03T04:00:00,North-South Expressway (KL-JB),North-South Expressway (KL-JB) :: Kuala Lumpur->Seremban,0,3.139,101.6869,2.7297,101.9381,4,0,0.1911
2026-08-03T05:00:00,North-South Expressway (KL-JB),North-South Expressway (KL-JB) :: Kuala Lumpur->Seremban,0,3.139,101.6869,2.7297,101.9381,5,0,0.2244
2026-08-03T06:00:00,North-South Expressway (KL-JB),North-South Expressway (KL-JB) :: Kuala Lumpur->Seremban,0,3.139,101.6869,2.7297,101.9381,6,0,0.3806
2026-08-03T07:00:00,North-South Expressway (KL-JB),North-South Expressway (KL-JB) :: Kuala Lumpur->Seremban,0,3.139,101.6869,2.7297,101.9381,7,0,0.4087
2026-08-03T08:00:00,North-South Expressway (KL-JB),North-South Expressway (KL-JB) :: Kuala Lumpur->Seremban,0,3.139,101.6869,2.7297,101.9381,8,0,0.6033
2026-08-03T09:00:00,North-South Expressway (KL-JB),North-South Expressway (KL-JB) :: Kuala Lumpur->Seremban,0,3.139,101.6869,2.7297,101.9381,9,0,0.5445
2026-08-03T10:00:00,North-South Expressway (KL-JB),North-South Expressway (KL-JB) :: Kuala Lumpur->Seremban,0,3.139,101.6869,2.7297,101.9381,10,0,0.1998
2026-08-03T11:00:00,North-South Expressway (KL-JB),North-South Expressway (KL-JB) :: Kuala Lumpur->Seremban,0,3.139,101.6869,2.7297,101.9381,11,0,0.2194
2026-08-03T12:00:00,North-South Expressway (KL-JB),North-South Expressway (KL-JB) :: Kuala Lumpur->Seremban,0,3.139,101.6869,2.7297,101.9381,12,0,0.135
2026-08-03T13:00:00,North-South Expressway (KL-JB),North-South Expressway (KL-JB) :: Kuala Lumpur->Seremban,0,3.139,101.6869,2.7297,101.9381,13,0,0.1564
2026-08-03T14:00:00,North-South Expressway (KL-JB),North-South Expressway (KL-JB) :: Kuala Lumpur->Seremban,0,3.139,101.6869,2.7297,101.9381,14,0,0.1968
2026-08-03T15:00:00,North-South Expressway (KL-JB),North-South Expressway (KL-JB) :: Kuala Lumpur->Seremban,0,3.139,101.6869,2.7297,101.9381,15,0,0.2027
2026-08-03T16:00:00,North-South Expressway (KL-JB),North-South Expressway (KL-JB) :: Kuala Lumpur->Seremban,0,3.139,101.6869,2.7297,101.9381,16,0,0.3192
2026-08-03T17:00:00,North-South Expressway (KL-JB),North-South Expressway (KL-JB) :: Kuala Lumpur->Seremban,0,3.139,101.6869,2.7297,101.9381,17,0,0.528
2026-08-03T18:00:00,North-South Expressway (KL-JB),North-South Expressway (KL-JB) :: Kuala Lumpur->Seremban,0,3.139,101.6869,2.7297,101.9381,18,0,0.5423
2026-08-03T19:00:00,North-South Expressway (KL-JB),North-South Expressway (KL-JB) :: Kuala Lumpur->Seremban,0,3.139,101.6869,2.7297,101.9381,19,0,0.4608
2026-08-03T20:00:00,North-South Expressway (KL-JB),North-South Expressway (KL-JB) :: Kuala Lumpur->Seremban,0,3.139,101.6869,2.7297,101.9381,20,0,0.4005
2026-08-03T21:00:00,North-South Expressway (KL-JB),North-South Expressway (KL-JB) :: Kuala Lumpur->Seremban,0,3.139,101.6869,2.7297,101.9381,21,0,0.163
2026-08-03T22:00:00,North-South Expressway (KL-JB),North-South Expressway (KL-JB) :: Kuala Lumpur->Seremban,0,3.139,101.6869,2.7297,101.9381,22,0,0.2158
2026-08-03T23:00:00,North-South Expressway (KL-JB),North-South Expressway (KL-JB) :: Kuala Lumpur->Seremban,0,3.139,101.6869,2.7297,101.9381,23,0,0.1883
2026-08-04T00:00:00,North-South Expressway (KL-JB),North-South Expressway (KL-JB) :: Kuala Lumpur->Seremban,0,3.139,101.6869,2.7297,101.9381,0,1,0.054
2026-08-04T01:00:00,North-South Expressway (KL-JB),North-South Expressway (KL-JB) :: Kuala Lumpur->Seremban,0,3.139,101.6869,2.7297,101.9381,1,1,0.1168
2026-08-04T02:00:00,North-South Expressway (KL-JB),North-South Expressway (KL-JB) :: Kuala Lumpur->Seremban,0,3.139,101.6869,2.7297,101.9381,2,1,0.2292
2026-08-04T03:00:00,North-South Expressway (KL-JB),North-South Expressway (KL-JB) :: Kuala Lumpur->Seremban,0,3.139,101.6869,2.7297,101.9381,3,1,0.0994
2026-08-04T04:00:00,North-South Expressway (KL-JB),North-South Expressway (KL-JB) :: Kuala Lumpur->Seremban,0,3.139,101.6869,2.7297,101.9381,4,1,0.1371
2026-08-04T05:00:00,North-South Expressway (KL-JB),North-South Expressway (KL-JB) :: Kuala Lumpur->Seremban,0,3.139,101.6869,2.7297,101.9381,5,1,0.2279
2026-08-04T06:00:00,North-South Expressway (KL-JB),North-South Expressway (KL-JB) :: Kuala Lumpur->Seremban,0,3.139,101.6869,2.7297,101.9381,6,1,0.3535
2026-08-04T07:00:00,North-South Expressway (KL-JB),North-South Expressway (KL-JB) :: Kuala Lumpur->Seremban,0,3.139,101.6869,2.7297,101.9381,7,1,0.4578
2026-08-04T08:00:00,North-South Expressway (KL-JB),North-South Expressway (KL-JB) :: Kuala Lumpur->Seremban,0,3.139,101.6869,2.7297,101.9381,8,1,0.5266
2026-08-04T09:00:00,North-South Expressway (KL-JB),North-South Expressway (KL-JB) :: Kuala Lumpur->Seremban,0,3.139,101.6869,2.7297,101.9381,9,1,0.5583
2026-08-04T10:00:00,North-South Expressway (KL-JB),North-South Expressway (KL-JB) :: Kuala Lumpur->Seremban,0,3.139,101.6869,2.7297,101.9381,10,1,0.4108
2026-08-04T11:00:00,North-South Expressway (KL-JB),North-South Expressway (KL-JB) :: Kuala Lumpur->Seremban,0,3.139,101.6869,2.7297,101.9381,11,1,0.2589
2026-08-04T12:00:00,North-South Expressway (KL-JB),North-South Expressway (KL-JB) :: Kuala Lumpur->Seremban,0,3.139,101.6869,2.7297,101.9381,12,1,0.1704
2026-08-04T13:00:00,North-South Expressway (KL-JB),North-South Expressway (KL-JB) :: Kuala Lumpur->Seremban,0,3.139,101.6869,2.7297,101.9381,13,1,0.1128
2026-08-04T14:00:00,North-South Expressway (KL-JB),North-South Expressway (KL-JB) :: Kuala Lumpur->Seremban,0,3.139,101.6869,2.7297,101.9381,14,1,0.1261
2026-08-04T15:00:00,North-South Expressway (KL-JB),North-South Expressway (KL-JB) :: Kuala Lumpur->Seremban,0,3.139,101.6869,2.7297,101.9381,15,1,0.2632
2026-08-04T16:00:00,North-South Expressway (KL-JB),North-South Expressway (KL-JB) :: Kuala Lumpur->Seremban,0,3.139,101.6869,2.7297,101.9381,16,1,0.3848
2026-08-04T17:00:00,North-South Expressway (KL-JB),North-South Expressway (KL-JB) :: Kuala Lumpur->Seremban,0,3.139,101.6869,2.7297,101.9381,17,1,0.61
2026-08-04T18:00:00,North-South Expressway (KL-JB),North-South Expressway (KL-JB) :: Kuala Lumpur->Seremban,0,3.139,101.6869,2.7297,101.9381,18,1,0.6465
2026-08-04T19:00:00,North-South Expressway (KL-JB),North-South Expressway (KL-JB) :: Kuala Lumpur->Seremban,0,3.139,101.6869,2.7297,101.9381,19,1,0.4357
2026-08-04T20:00:00,North-South Expressway (KL-JB),North-South Expressway (KL-JB) :: Kuala Lumpur->Seremban,0,3.139,101.6869,2.7297,101.9381,20,1,0.4228
2026-08-04T21:00:00,North-South Expressway (KL-JB),North-South Expressway (KL-JB) :: Kuala Lumpur->Seremban,0,3.139,101.6869,2.7297,101.9381,21,1,0.172
2026-08-04T22:00:00,North-South Expressway (KL-JB),North-South Expressway (KL-JB) :: Kuala Lumpur->Seremban,0,3.139,101.6869,2.7297,101.9381,22,1,0.1528
2026-08-04T23:00:00,North-South Expressway (KL-JB),North-South Expressway (KL-JB) :: Kuala Lumpur->Seremban,0,3.139,101.6869,2.7297,101.9381,23,1,0.1755
2026-08-05T00:00:00,North-South Expressway (KL-JB),North-South Expressway (KL-JB) :: Kuala Lumpur->Seremban,0,3.139,101.6869,2.7297,101.9381,0,2,0.2772
2026-08-05T01:00:00,North-South Expressway (KL-JB),North-South Expressway (KL-JB) :: Kuala Lumpur->Seremban,0,3.139,101.6869,2.7297,101.9381,1,2,0.3441
2026-08-05T02:00:00,North-South Expressway (KL-JB),North-South Expressway (KL-JB) :: Kuala Lumpur->Seremban,0,3.139,101.6869,2.7297,101.9381,2,2,0.194
2026-08-05T03:00:00,North-South Expressway (KL-JB),North-South Expressway (KL-JB) :: Kuala Lumpur->Seremban,0,3.139,101.6869,2.7297,101.9381,3,2,0.1473
2026-08-05T04:00:00,North-South Expressway (KL-JB),North-South Expressway (KL-JB) :: Kuala Lumpur->Seremban,0,3.139,101.6869,2.7297,101.9381,4,2,0.197
2026-08-05T05:00:00,North-South Expressway (KL-JB),North-South Expressway (KL-JB) :: Kuala Lumpur->Seremban,0,3.139,101.6869,2.7297,101.9381,5,2,0.2534
2026-08-05T06:00:00,North-South Expressway (KL-JB),North-South Expressway (KL-JB) :: Kuala Lumpur->Seremban,0,3.139,101.6869,2.7297,101.9381,6,2,0.2873
2026-08-05T07:00:00,North-South Expressway (KL-JB),North-South Expressway (KL-JB) :: Kuala Lumpur->Seremban,0,3.139,101.6869,2.7297,101.9381,7,2,0.5806
2026-08-05T08:00:00,North-South Expressway (KL-JB),North-South Expressway (KL-JB) :: Kuala Lumpur->Seremban,0,3.139,101.6869,2.7297,101.9381,8,2,0.5763
2026-08-05T09:00:00,North-South Expressway (KL-JB),North-South Expressway (KL-JB) :: Kuala Lumpur->Seremban,0,3.139,101.6869,2.7297,101.9381,9,2,0.5028
2026-08-05T10:00:00,North-South Expressway (KL-JB),North-South Expressway (KL-JB) :: Kuala Lumpur->Seremban,0,3.139,101.6869,2.7297,101.9381,10,2,0.3464
2026-08-05T11:00:00,North-South Expressway (KL-JB),North-South Expressway (KL-JB) :: Kuala Lumpur->Seremban,0,3.139,101.6869,2.7297,101.9381,11,2,0.2255
2026-08-05T12:00:00,North-South Expressway (KL-JB),North-South Expressway (KL-JB) :: Kuala Lumpur->Seremban,0,3.139,101.6869,2.7297,101.9381,12,2,0.2156
2026-08-05T13:00:00,North-South Expressway (KL-JB),North-South Expressway (KL-JB) :: Kuala Lumpur->Seremban,0,3.139,101.6869,2.7297,101.9381,13,2,0.1243
2026-08-05T14:00:00,North-South Expressway (KL-JB),North-South Expressway (KL-JB) :: Kuala Lumpur->Seremban,0,3.139,101.6869,2.7297,101.9381,14,2,0.1424
2026-08-05T15:00:00,North-South Expressway (KL-JB),North-South Expressway (KL-JB) :: Kuala Lumpur->Seremban,0,3.139,101.6869,2.7297,101.9381,15,2,0.1659
2026-08-05T16:00:00,North-South Expressway (KL-JB),North-South Expressway (KL-JB) :: Kuala Lumpur->Seremban,0,3.139,101.6869,2.7297,101.9381,16,2,0.3861
2026-08-05T17:00:00,North-South Expressway (KL-JB),North-South Expressway (KL-JB) :: Kuala Lumpur->Seremban,0,3.139,101.6869,2.7297,101.9381,17,2,0.5727
2026-08-05T18:00:00,North-South Expressway (KL-JB),North-South Expressway (KL-JB) :: Kuala Lumpur->Seremban,0,3.139,101.6869,2.7297,101.9381,18,2,0.635
2026-08-05T19:00:00,North-South Expressway (KL-JB),North-South Expressway (KL-JB) :: Kuala Lumpur->Seremban,0,3.139,101.6869,2.7297,101.9381,19,2,0.6264
2026-08-05T20:00:00,North-South Expressway (KL-JB),North-South Expressway (KL-JB) :: Kuala Lumpur->Seremban,0,3.139,101.6869,2.7297,101.9381,20,2,0.3594
2026-08-05T21:00:00,North-South Expressway (KL-JB),North-South Expressway (KL-JB) :: Kuala Lumpur->Seremban,0,3.139,101.6869,2.7297,101.9381,21,2,0.272
2026-08-05T22:00:00,North-South Expressway (KL-JB),North-South Expressway (KL-JB) :: Kuala Lumpur->Seremban,0,3.139,101.6869,2.7297,101.9381,22,2,0.1103
2026-08-05T23:00:00,North-South Expressway (KL-JB),North-South Expressway (KL-JB) :: Kuala Lumpur->Seremban,0,3.139,101.6869,2.7297,101.9381,23,2,0.1373
2026-08-06T00:00:00,North-South Expressway (KL-JB),North-South Expressway (KL-JB) :: Kuala Lumpur->Seremban,0,3.139,101.6869,2.7297,101.9381,0,3,0.1992
2026-08-06T01:00:00,North-South Expressway (KL-JB),North-South Expressway (KL-JB) :: Kuala Lumpur->Seremban,0,3.139,101.6869,2.7297,101.9381,1,3,0.2084
2026-08-06T02:00:00,North-South Expressway (KL-JB),North-South Expressway (KL-JB) :: Kuala Lumpur->Seremban,0,3.139,101.6869,2.7297,101.9381,2,3,0.1399
2026-08-06T03:00:00,North-South Expressway (KL-JB),North-South Expressway (KL-JB) :: Kuala Lumpur->Seremban,0,3.139,101.6869,2.7297,101.9381,3,3,0.154
2026-08-06T04:00:00,North-South Expressway (KL-JB),North-South Expressway (KL-JB) :: Kuala Lumpur->Seremban,0,3.139,101.6869,2.7297,101.9381,4,3,0.0738
2026-08-06T05:00:00,North-South Expressway (KL-JB),North-South Expressway (KL-JB) :: Kuala Lumpur->Seremban,0,3.139,101.6869,2.7297,101.9381,5,3,0.1788
2026-08-06T06:00:00,North-South Expressway (KL-JB),North-South Expressway (KL-JB) :: Kuala Lumpur->Seremban,0,3.139,101.6869,2.7297,101.9381,6,3,0.3599
2026-08-06T07:00:00,North-South Expressway (KL-JB),North-South Expressway (KL-JB) :: Kuala Lumpur->Seremban,0,3.139,101.6869,2.7297,101.9381,7,3,0.5074
2026-08-06T08:00:00,North-South Expressway (KL-JB),North-South Expressway (KL-JB) :: Kuala Lumpur->Seremban,0,3.139,101.6869,2.7297,101.9381,8,3,0.5925
2026-08-06T09:00:00,North-South Expressway (KL-JB),North-South Expressway (KL-JB) :: Kuala Lumpur->Seremban,0,3.139,101.6869,2.7297,101.9381,9,3,0.4759
2026-08-06T10:00:00,North-South Expressway (KL-JB),North-South Expressway (KL-JB) :: Kuala Lumpur->Seremban,0,3.139,101.6869,2.7297,101.9381,10,3,0.3069
2026-08-06T11:00:00,North-South Expressway (KL-JB),North-South Expressway (KL-JB) :: Kuala Lumpur->Seremban,0,3.139,101.6869,2.7297,101.9381,11,3,0.1606
2026-08-06T12:00:00,North-South Expressway (KL-JB),North-South Expressway (KL-JB) :: Kuala Lumpur->Seremban,0,3.139,101.6869,2.7297,101.9381,12,3,0.2072
2026-08-06T13:00:00,North-South Expressway (KL-JB),North-South Expressway (KL-JB) :: Kuala Lumpur->Seremban,0,3.139,101.6869,2.7297,101.9381,13,3,0.1866
2026-08-06T14:00:00,North-South Expressway (KL-JB),North-South Expressway (KL-JB) :: Kuala Lumpur->Seremban,0,3.139,101.6869,2.7297,101.9381,14,3,0.2054
2026-08-06T15:00:00,North-South Expressway (KL-JB),North-South Expressway (KL-JB) :: Kuala Lumpur->Seremban,0,3.139,101.6869,2.7297,101.9381,15,3,0.2003
2026-08-06T16:00:00,North-South Expressway (KL-JB),North-South Expressway (KL-JB) :: Kuala Lumpur->Seremban,0,3.139,101.6869,2.7297,101.9381,16,3,0.2305
2026-08-06T17:00:00,North-South Expressway (KL-JB),North-South Expressway (KL-JB) :: Kuala Lumpur->Seremban,0,3.139,101.6869,2.7297,101.9381,17,3,0.5918
2026-08-06T18:00:00,North-South Expressway (KL-JB),North-South Expressway (KL-JB) :: Kuala Lumpur->Seremban,0,3.139,101.6869,2.7297,101.9381,18,3,0.5788
2026-08-06T19:00:00,North-South Expressway (KL-JB),North-South Expressway (KL-JB) :: Kuala Lumpur->Seremban,0,3.139,101.6869,2.7297,101.9381,19,3,0.4742
2026-08-06T20:00:00,North-South Expressway (KL-JB),North-South Expressway (KL-JB) :: Kuala Lumpur->Seremban,0,3.139,101.6869,2.7297,101.9381,20,3,0.4013
2026-08-06T21:00:00,North-South Expressway (KL-JB),North-South Expressway (KL-JB) :: Kuala Lumpur->Seremban,0,3.139,101.6869,2.7297,101.9381,21,3,0.2084
2026-08-06T22:00:00,North-South Expressway (KL-JB),North-South Expressway (KL-JB) :: Kuala Lumpur->Seremban,0,3.139,101.6869,2.7297,101.9381,22,3,0.2394
2026-08-06T23:00:00,North-South Expressway (KL-JB),North-South Expressway (KL-JB) :: Kuala Lumpur->Seremban,0,3.139,101.6869,2.7297,101.9381,23,3,0.1976
2026-08-07T00:00:00,North-South Expressway (KL-JB),North-South Expressway (KL-JB) :: Kuala Lumpur->Seremban,0,3.139,101.6869,2.7297,101.9381,0,4,0.1985
2026-08-07T01:00:00,North-South Expressway (KL-JB),North-South Expressway (KL-JB) :: Kuala Lumpur->Seremban,0,3.139,101.6869,2.7297,101.9381,1,4,0.0755
2026-08-07T02:00:00,North-South Expressway (KL-JB),North-South Expressway (KL-JB) :: Kuala Lumpur->Seremban,0,3.139,101.6869,2.7297,101.9381,2,4,0.2303
2026-08-07T03:00:00,North-South Expressway (KL-JB),North-South Expressway (KL-JB) :: Kuala Lumpur->Seremban,0,3.139,101.6869,2.7297,101.9381,3,4,0.174
2026-08-07T04:00:00,North-South Expressway (KL-JB),North-South Expressway (KL-JB) :: Kuala Lumpur->Seremban,0,3.139,101.6869,2.7297,101.9381,4,4,0.1428
2026-08-07T05:00:00,North-South Expressway (KL-JB),North-South Expressway (KL-JB) :: Kuala Lumpur->Seremban,0,3.139,101.6869,2.7297,101.9381,5,4,0.2088
2026-08-07T06:00:00,North-South Expressway (KL-JB),North-South Expressway (KL-JB) :: Kuala Lumpur->Seremban,0,3.139,101.6869,2.7297,101.9381,6,4,0.1999
2026-08-07T07:00:00,North-South Expressway (KL-JB),North-South Expressway (KL-JB) :: Kuala Lumpur->Seremban,0,3.139,101.6869,2.7297,101.9381,7,4,0.4974
2026-08-07T08:00:00,North-South Expressway (KL-JB),North-South Expressway (KL-JB) :: Kuala Lumpur->Seremban,0,3.139,101.6869,2.7297,101.9381,8,4,0.5007
2026-08-07T09:00:00,North-South Expressway (KL-JB),North-South Expressway (KL-JB) :: Kuala Lumpur->Seremban,0,3.139,101.6869,2.7297,101.9381,9,4,0.3918
2026-08-07T10:00:00,North-South Expressway (KL-JB),North-South Expressway (KL-JB) :: Kuala Lumpur->Seremban,0,3.139,101.6869,2.7297,101.9381,10,4,0.2152
2026-08-07T11:00:00,North-South Expressway (KL-JB),North-South Expressway (KL-JB) :: Kuala Lumpur->Seremban,0,3.139,101.6869,2.7297,101.9381,11,4,0.267
2026-08-07T12:00:00,North-South Expressway (KL-JB),North-South Expressway (KL-JB) :: Kuala Lumpur->Seremban,0,3.139,101.6869,2.7297,101.9381,12,4,0.1275
2026-08-07T13:00:00,North-South Expressway (KL-JB),North-South Expressway (KL-JB) :: Kuala Lumpur->Seremban,0,3.139,101.6869,2.7297,101.9381,13,4,0.2533
2026-08-07T14:00:00,North-South Expressway (KL-JB),North-South Expressway (KL-JB) :: Kuala Lumpur->Seremban,0,3.139,101.6869,2.7297,101.9381,14,4,0.1437
2026-08-07T15:00:00,North-South Expressway (KL-JB),North-South Expressway (KL-JB) :: Kuala Lumpur->Seremban,0,3.139,101.6869,2.7297,101.9381,15,4,0.1294
2026-08-07T16:00:00,North-South Expressway (KL-JB),North-South Expressway (KL-JB) :: Kuala Lumpur->Seremban,0,3.139,101.6869,2.7297,101.9381,16,4,0.2927
2026-08-07T17:00:00,North-South Expressway (KL-JB),North-South Expressway (KL-JB) :: Kuala Lumpur->Seremban,0,3.139,101.6869,2.7297,101.9381,17,4,0.6001
2026-08-07T18:00:00,North-South Expressway (KL-JB),North-South Expressway (KL-JB) :: Kuala Lumpur->Seremban,0,3.139,101.6869,2.7297,101.9381,18,4,0.5981
2026-08-07T19:00:00,North-South Expressway (KL-JB),North-South Expressway (KL-JB) :: Kuala Lumpur->Seremban,0,3.139,101.6869,2.7297,101.9381,19,4,0.493
2026-08-07T20:00:00,North-South Expressway (KL-JB),North-South Expressway (KL-JB) :: Kuala Lumpur->Seremban,0,3.139,101.6869,2.7297,101.9381,20,4,0.3693
2026-08-07T21:00:00,North-South Expressway (KL-JB),North-South Expressway (KL-JB) :: Kuala Lumpur->Seremban,0,3.139,101.6869,2.7297,101.9381,21,4,0.262
2026-08-07T22:00:00,North-South Expressway (KL-JB),North-South Expressway (KL-JB) :: Kuala Lumpur->Seremban,0,3.139,101.6869,2.7297,101.9381,22,4,0.2429
2026-08-07T23:00:00,North-South Expressway (KL-JB),North-South Expressway (KL-JB) :: Kuala Lumpur->Seremban,0,3.139,101.6869,2.7297,101.9381,23,4,0.2474
2026-08-08T00:00:00,North-South Expressway (KL-JB),North-South Expressway (KL-JB) :: Kuala Lumpur->Seremban,0,3.139,101.6869,2.7297,101.9381,0,5,0.1359
2026-08-08T01:00:00,North-South Expressway (KL-JB),North-South Expressway (KL-JB) :: Kuala Lumpur->Seremban,0,3.139,101.6869,2.7297,101.9381,1,5,0.0779
2026-08-08T02:00:00,North-South Expressway (KL-JB),North-South Expressway (KL-JB) :: Kuala Lumpur->Seremban,0,3.139,101.6869,2.7297,101.9381,2,5,0.1327
2026-08-08T03:00:00,North-South Expressway (KL-JB),North-South Expressway (KL-JB) :: Kuala Lumpur->Seremban,0,3.139,101.6869,2.7297,101.9381,3,5,0.1739
2026-08-08T04:00:00,North-South Expressway (KL-JB),North-South Expressway (KL-JB) :: Kuala Lumpur->Seremban,0,3.139,101.6869,2.7297,101.9381,4,5,0.1071
2026-08-08T05:00:00,North-South Expressway (KL-JB),North-South Expressway (KL-JB) :: Kuala Lumpur->Seremban,0,3.139,101.6869,2.7297,101.9381,5,5,0.1428
2026-08-08T06:00:00,North-South Expressway (KL-JB),North-South Expressway (KL-JB) :: Kuala Lumpur->Seremban,0,3.139,101.6869,2.7297,101.9381,6,5,0.3271
2026-08-08T07:00:00,North-South Expressway (KL-JB),North-South Expressway (KL-JB) :: Kuala Lumpur->Seremban,0,3.139,101.6869,2.7297,101.9381,7,5,0.47
2026-08-08T08:00:00,North-South Expressway (KL-JB),North-South Expressway (KL-JB) :: Kuala Lumpur->Seremban,0,3.139,101.6869,2.7297,101.9381,8,5,0.5645
2026-08-08T09:00:00,North-South Expressway (KL-JB),North-South Expressway (KL-JB) :: Kuala Lumpur->Seremban,0,3.139,101.6869,2.7297,101.9381,9,5,0.4274
2026-08-08T10:00:00,North-South Expressway (KL-JB),North-South Expressway (KL-JB) :: Kuala Lumpur->Seremban,0,3.139,101.6869,2.7297,101.9381,10,5,0.2927
2026-08-08T11:00:00,North-South Expressway (KL-JB),North-South Expressway (KL-JB) :: Kuala Lumpur->Seremban,0,3.139,101.6869,2.7297,101.9381,11,5,0.1448
2026-08-08T12:00:00,North-South Expressway (KL-JB),North-South Expressway (KL-JB) :: Kuala Lumpur->Seremban,0,3.139,101.6869,2.7297,101.9381,12,5,0.2187
2026-08-08T13:00:00,North-South Expressway (KL-JB),North-South Expressway (KL-JB) :: Kuala Lumpur->Seremban,0,3.139,101.6869,2.7297,101.9381,13,5,0.2234
2026-08-08T14:00:00,North-South Expressway (KL-JB),North-South Expressway (KL-JB) :: Kuala Lumpur->Seremban,0,3.139,101.6869,2.7297,101.9381,14,5,0.0651
2026-08-08T15:00:00,North-South Expressway (KL-JB),North-South Expressway (KL-JB) :: Kuala Lumpur->Seremban,0,3.139,101.6869,2.7297,101.9381,15,5,0.1761
2026-08-08T16:00:00,North-South Expressway (KL-JB),North-South Expressway (KL-JB) :: Kuala Lumpur->Seremban,0,3.139,101.6869,2.7297,101.9381,16,5,0.2699
2026-08-08T17:00:00,North-South Expressway (KL-JB),North-South Expressway (KL-JB) :: Kuala Lumpur->Seremban,0,3.139,101.6869,2.7297,101.9381,17,5,0.4869
2026-08-08T18:00:00,North-South Expressway (KL-JB),North-South Expressway (KL-JB) :: Kuala Lumpur->Seremban,0,3.139,101.6869,2.7297,101.9381,18,5,0.6025
2026-08-08T19:00:00,North-South Expressway (KL-JB),North-South Expressway (KL-JB) :: Kuala Lumpur->Seremban,0,3.139,101.6869,2.7297,101.9381,19,5,0.439
2026-08-08T20:00:00,North-South Expressway (KL-JB),North-South Expressway (KL-JB) :: Kuala Lumpur->Seremban,0,3.139,101.6869,2.7297,101.9381,20,5,0.3044
2026-08-08T21:00:00,North-South Expressway (KL-JB),North-South Expressway (KL-JB) :: Kuala Lumpur->Seremban,0,3.139,101.6869,2.7297,101.9381,21,5,0.1716
2026-08-08T22:00:00,North-South Expressway (KL-JB),North-South Expressway (KL-JB) :: Kuala Lumpur->Seremban,0,3.139,101.6869,2.7297,101.9381,22,5,0.1883
2026-08-08T23:00:00,North-South Expressway (KL-JB),North-South Expressway (KL-JB) :: Kuala Lumpur->Seremban,0,3.139,101.6869,2.7297,101.9381,23,5,0.1647
2026-08-09T00:00:00,North-South Expressway (KL-JB),North-South Expressway (KL-JB) :: Kuala Lumpur->Seremban,0,3.139,101.6869,2.7297,101.9381,0,6,0.1142
2026-08-09T01:00:00,North-South Expressway (KL-JB),North-South Expressway (KL-JB) :: Kuala Lumpur->Seremban,0,3.139,101.6869,2.7297,101.9381,1,6,0.1681
2026-08-09T02:00:00,North-South Expressway (KL-JB),North-South Expressway (KL-JB) :: Kuala Lumpur->Seremban,0,3.139,101.6869,2.7297,101.9381,2,6,0.1247
2026-08-09T03:00:00,North-South Expressway (KL-JB),North-South Expressway (KL-JB) :: Kuala Lumpur->Seremban,0,3.139,101.6869,2.7297,101.9381,3,6,0.142
2026-08-09T04:00:00,North-South Expressway (KL-JB),North-South Expressway (KL-JB) :: Kuala Lumpur->Seremban,0,3.139,101.6869,2.7297,101.9381,4,6,0.2653
2026-08-09T05:00:00,North-South Expressway (KL-JB),North-South Expressway (KL-JB) :: Kuala Lumpur->Seremban,0,3.139,101.6869,2.7297,101.9381,5,6,0.2806
2026-08-09T06:00:00,North-South Expressway (KL-JB),North-South Expressway (KL-JB) :: Kuala Lumpur->Seremban,0,3.139,101.6869,2.7297,101.9381,6,6,0.2285
2026-08-09T07:00:00,North-South Expressway (KL-JB),North-South Expressway (KL-JB) :: Kuala Lumpur->Seremban,0,3.139,101.6869,2.7297,101.9381,7,6,0.5227
2026-08-09T08:00:00,North-South Expressway (KL-JB),North-South Expressway (KL-JB) :: Kuala Lumpur->Seremban,0,3.139,101.6869,2.7297,101.9381,8,6,0.6112
2026-08-09T09:00:00,North-South Expressway (KL-JB),North-South Expressway (KL-JB) :: Kuala Lumpur->Seremban,0,3.139,101.6869,2.7297,101.9381,9,6,0.404
2026-08-09T10:00:00,North-South Expressway (KL-JB),North-South Expressway (KL-JB) :: Kuala Lumpur->Seremban,0,3.139,101.6869,2.7297,101.9381,10,6,0.3556
2026-08-09T11:00:00,North-South Expressway (KL-JB),North-South Expressway (KL-JB) :: Kuala Lumpur->Seremban,0,3.139,101.6869,2.7297,101.9381,11,6,0.2925
2026-08-09T12:00:00,North-South Expressway (KL-JB),North-South Expressway (KL-JB) :: Kuala Lumpur->Seremban,0,3.139,101.6869,2.7297,101.9381,12,6,0.0979
2026-08-09T13:00:00,North-South Expressway (KL-JB),North-South Expressway (KL-JB) :: Kuala Lumpur->Seremban,0,3.139,101.6869,2.7297,101.9381,13,6,0.1063
2026-08-09T14:00:00,North-South Expressway (KL-JB),North-South Expressway (KL-JB) :: Kuala Lumpur->Seremban,0,3.139,101.6869,2.7297,101.9381,14,6,0.237
2026-08-09T15:00:00,North-South Expressway (KL-JB),North-South Expressway (KL-JB) :: Kuala Lumpur->Seremban,0,3.139,101.6869,2.7297,101.9381,15,6,0.2482
2026-08-09T16:00:00,North-South Expressway (KL-JB),North-South Expressway (KL-JB) :: Kuala Lumpur->Seremban,0,3.139,101.6869,2.7297,101.9381,16,6,0.3928
2026-08-09T17:00:00,North-South Expressway (KL-JB),North-South Expressway (KL-JB) :: Kuala Lumpur->Seremban,0,3.139,101.6869,2.7297,101.9381,17,6,0.5464
2026-08-09T18:00:00,North-South Expressway (KL-JB),North-South Expressway (KL-JB) :: Kuala Lumpur->Seremban,0,3.139,101.6869,2.7297,101.9381,18,6,0.6309
2026-08-09T19:00:00,North-South Expressway (KL-JB),North-South Expressway (KL-JB) :: Kuala Lumpur->Seremban,0,3.139,101.6869,2.7297,101.9381,19,6,0.4463
2026-08-09T20:00:00,North-South Expressway (KL-JB),North-South Expressway (KL-JB) :: Kuala Lumpur->Seremban,0,3.139,101.6869,2.7297,101.9381,20,6,0.4225
2026-08-09T21:00:00,North-South Expressway (KL-JB),North-South Expressway (KL-JB) :: Kuala Lumpur->Seremban,0,3.139,101.6869,2.7297,101.9381,21,6,0.3021
2026-08-09T22:00:00,North-South Expressway (KL-JB),North-South Expressway (KL-JB) :: Kuala Lumpur->Seremban,0,3.139,101.6869,2.7297,101.9381,22,6,0.1621
2026-08-09T23:00:00,North-South Expressway (KL-JB),North-South Expressway (KL-JB) :: Kuala Lumpur->Seremban,0,3.139,101.6869,2.7297,101.9381,23,6,0.1579
2026-08-10T00:00:00,North-South Expressway (KL-JB),North-South Expressway (KL-JB) :: Kuala Lumpur->Seremban,0,3.139,101.6869,2.7297,101.9381,0,0,0.0656
2026-08-10T01:00:00,North-South Expressway (KL-JB),North-South Expressway (KL-JB) :: Kuala Lumpur->Seremban,0,3.139,101.6869,2.7297,101.9381,1,0,0.1884
2026-08-10T02:00:00,North-South Expressway (KL-JB),North-South Expressway (KL-JB) :: Kuala Lumpur->Seremban,0,3.139,101.6869,2.7297,101.9381,2,0,0.1919
2026-08-10T03:00:00,North-South Expressway (KL-JB),North-South Expressway (KL-JB) :: Kuala Lumpur->Seremban,0,3.139,101.6869,2.7297,101.9381,3,0,0.1546
2026-08-10T04:00:00,North-South Expressway (KL-JB),North-South Expressway (KL-JB) :: Kuala Lumpur->Seremban,0,3.139,101.6869,2.7297,101.9381,4,0,0.2324
2026-08-10T05:00:00,North-South Expressway (KL-JB),North-South Expressway (KL-JB) :: Kuala Lumpur->Seremban,0,3.139,101.6869,2.7297,101.9381,5,0,0.1801
2026-08-10T06:00:00,North-South Expressway (KL-JB),North-South Expressway (KL-JB) :: Kuala Lumpur->Seremban,0,3.139,101.6869,2.7297,101.9381,6,0,0.3404
2026-08-10T07:00:00,North-South Expressway (KL-JB),North-South Expressway (KL-JB) :: Kuala Lumpur->Seremban,0,3.139,101.6869,2.7297,101.9381,7,0,0.4117
2026-08-10T08:00:00,North-South Expressway (KL-JB),North-South Expressway (KL-JB) :: Kuala Lumpur->Seremban,0,3.139,101.6869,2.7297,101.9381,8,0,0.5611
2026-08-10T09:00:00,North-South Expressway (KL-JB),North-South Expressway (KL-JB) :: Kuala Lumpur->Seremban,0,3.139,101.6869,2.7297,101.9381,9,0,0.4625
2026-08-10T10:00:00,North-South Expressway (KL-JB),North-South Expressway (KL-JB) :: Kuala Lumpur->Seremban,0,3.139,101.6869,2.7297,101.9381,10,0,0.32
2026-08-10T11:00:00,North-South Expressway (KL-JB),North-South Expressway (KL-JB) :: Kuala Lumpur->Seremban,0,3.139,101.6869,2.7297,101.9381,11,0,0.178
2026-08-10T12:00:00,North-South Expressway (KL-JB),North-South Expressway (KL-JB) :: Kuala Lumpur->Seremban,0,3.139,101.6869,2.7297,101.9381,12,0,0.1574
2026-08-10T13:00:00,North-South Expressway (KL-JB),North-South Expressway (KL-JB) :: Kuala Lumpur->Seremban,0,3.139,101.6869,2.7297,101.9381,13,0,0.2109
2026-08-10T14:00:00,North-South Expressway (KL-JB),North-South Expressway (KL-JB) :: Kuala Lumpur->Seremban,0,3.139,101.6869,2.7297,101.9381,14,0,0.1497
2026-08-10T15:00:00,North-South Expressway (KL-JB),North-South Expressway (KL-JB) :: Kuala Lumpur->Seremban,0,3.139,101.6869,2.7297,101.9381,15,0,0.1355
2026-08-10T16:00:00,North-South Expressway (KL-JB),North-South Expressway (KL-JB) :: Kuala Lumpur->Seremban,0,3.139,101.6869,2.7297,101.9381,16,0,0.4647
2026-08-10T17:00:00,North-South Expressway (KL-JB),North-South Expressway (KL-JB) :: Kuala Lumpur->Seremban,0,3.139,101.6869,2.7297,101.9381,17,0,0.6088
2026-08-10T18:00:00,North-South Expressway (KL-JB),North-South Expressway (KL-JB) :: Kuala Lumpur->Seremban,0,3.139,101.6869,2.7297,101.9381,18,0,0.53
2026-08-10T19:00:00,North-South Expressway (KL-JB),North-South Expressway (KL-JB) :: Kuala Lumpur->Seremban,0,3.139,101.6869,2.7297,101.9381,19,0,0.5673
2026-08-10T20:00:00,North-South Expressway (KL-JB),North-South Expressway (KL-JB) :: Kuala Lumpur->Seremban,0,3.139,101.6869,2.7297,101.9381,20,0,0.3295
2026-08-10T21:00:00,North-South Expressway (KL-JB),North-South Expressway (KL-JB) :: Kuala Lumpur->Seremban,0,3.139,101.6869,2.7297,101.9381,21,0,0.2477
2026-08-10T22:00:00,North-South Expressway (KL-JB),North-South Expressway (KL-JB) :: Kuala Lumpur->Seremban,0,3.139,101.6869,2.7297,101.9381,22,0,0.1935
2026-08-10T23:00:00,North-South Expressway (KL-JB),North-South Expressway (KL-JB) :: Kuala Lumpur->Seremban,0,3.139,101.6869,2.7297,101.9381,23,0,0.1465
2026-08-11T00:00:00,North-South Expressway (KL-JB),North-South Expressway (KL-JB) :: Kuala Lumpur->Seremban,0,3.139,101.6869,2.7297,101.9381,0,1,0.1105
2026-08-11T01:00:00,North-South Expressway (KL-JB),North-South Expressway (KL-JB) :: Kuala Lumpur->Seremban,0,3.139,101.6869,2.7297,101.9381,1,1,0.1161
2026-08-11T02:00:00,North-South Expressway (KL-JB),North-South Expressway (KL-JB) :: Kuala Lumpur->Seremban,0,3.139,101.6869,2.7297,101.9381,2,1,0.1026
2026-08-11T03:00:00,North-South Expressway (KL-JB),North-South Expressway (KL-JB) :: Kuala Lumpur->Seremban,0,3.139,101.6869,2.7297,101.9381,3,1,0.1084
2026-08-11T04:00:00,North-South Expressway (KL-JB),North-South Expressway (KL-JB) :: Kuala Lumpur->Seremban,0,3.139,101.6869,2.7297,101.9381,4,1,0.1609
2026-08-11T05:00:00,North-South Expressway (KL-JB),North-South Expressway (KL-JB) :: Kuala Lumpur->Seremban,0,3.139,101.6869,2.7297,101.9381,5,1,0.1572
2026-08-11T06:00:00,North-South Expressway (KL-JB),North-South Expressway (KL-JB) :: Kuala Lumpur->Seremban,0,3.139,101.6869,2.7297,101.9381,6,1,0.3474
2026-08-11T07:00:00,North-South Expressway (KL-JB),North-South Expressway (KL-JB) :: Kuala Lumpur->Seremban,0,3.139,101.6869,2.7297,101.9381,7,1,0.5621
2026-08-11T08:00:00,North-South Expressway (KL-JB),North-South Expressway (KL-JB) :: Kuala Lumpur->Seremban,0,3.139,101.6869,2.7297,101.9381,8,1,0.5277
2026-08-11T09:00:00,North-South Expressway (KL-JB),North-South Expressway (KL-JB) :: Kuala Lumpur->Seremban,0,3.139,101.6869,2.7297,101.9381,9,1,0.4873
2026-08-11T10:00:00,North-South Expressway (KL-JB),North-South Expressway (KL-JB) :: Kuala Lumpur->Seremban,0,3.139,101.6869,2.7297,101.9381,10,1,0.3365
2026-08-11T11:00:00,North-South Expressway (KL-JB),North-South Expressway (KL-JB) :: Kuala Lumpur->Seremban,0,3.139,101.6869,2.7297,101.9381,11,1,0.2285
2026-08-11T12:00:00,North-South Expressway (KL-JB),North-South Expressway (KL-JB) :: Kuala Lumpur->Seremban,0,3.139,101.6869,2.7297,101.9381,12,1,0.1698
2026-08-11T13:00:00,North-South Expressway (KL-JB),North-South Expressway (KL-JB) :: Kuala Lumpur->Seremban,0,3.139,101.6869,2.7297,101.9381,13,1,0.2059
2026-08-11T14:00:00,North-South Expressway (KL-JB),North-South Expressway (KL-JB) :: Kuala Lumpur->Seremban,0,3.139,101.6869,2.7297,101.9381,14,1,0.2048
2026-08-11T15:00:00,North-South Expressway (KL-JB),North-South Expressway (KL-JB) :: Kuala Lumpur->Seremban,0,3.139,101.6869,2.7297,101.9381,15,1,0.1576
2026-08-11T16:00:00,North-South Expressway (KL-JB),North-South Expressway (KL-JB) :: Kuala Lumpur->Seremban,0,3.139,101.6869,2.7297,101.9381,16,1,0.4118
2026-08-11T17:00:00,North-South Expressway (KL-JB),North-South Expressway (KL-JB) :: Kuala Lumpur->Seremban,0,3.139,101.6869,2.7297,101.9381,17,1,0.5792
2026-08-11T18:00:00,North-South Expressway (KL-JB),North-South Expressway (KL-JB) :: Kuala Lumpur->Seremban,0,3.139,101.6869,2.7297,101.9381,18,1,0.5617
2026-08-11T19:00:00,North-South Expressway (KL-JB),North-South Expressway (KL-JB) :: Kuala Lumpur->Seremban,0,3.139,101.6869,2.7297,101.9381,19,1,0.5282
2026-08-11T20:00:00,North-South Expressway (KL-JB),North-South Expressway (KL-JB) :: Kuala Lumpur->Seremban,0,3.139,101.6869,2.7297,101.9381,20,1,0.4007
2026-08-11T21:00:00,North-South Expressway (KL-JB),North-South Expressway (KL-JB) :: Kuala Lumpur->Seremban,0,3.139,101.6869,2.7297,101.9381,21,1,0.2193
2026-08-11T22:00:00,North-South Expressway (KL-JB),North-South Expressway (KL-JB) :: Kuala Lumpur->Seremban,0,3.139,101.6869,2.7297,101.9381,22,1,0.2402
2026-08-11T23:00:00,North-South Expressway (KL-JB),North-South Expressway (KL-JB) :: Kuala Lumpur->Seremban,0,3.139,101.6869,2.7297,101.9381,23,1,0.3024
2026-08-12T00:00:00,North-South Expressway (KL-JB),North-South Expressway (KL-JB) :: Kuala Lumpur->Seremban,0,3.139,101.6869,2.7297,101.9381,0,2,0.1103
2026-08-12T01:00:00,North-South Expressway (KL-JB),North-South Expressway (KL-JB) :: Kuala Lumpur->Seremban,0,3.139,101.6869,2.7297,101.9381,1,2,0.0746
2026-08-12T02:00:00,North-South Expressway (KL-JB),North-South Expressway (KL-JB) :: Kuala Lumpur->Seremban,0,3.139,101.6869,2.7297,101.9381,2,2,0.1758
2026-08-12T03:00:00,North-South Expressway (KL-JB),North-South Expressway (KL-JB) :: Kuala Lumpur->Seremban,0,3.139,101.6869,2.7297,101.9381,3,2,0.2016
2026-08-12T04:00:00,North-South Expressway (KL-JB),North-South Expressway (KL-JB) :: Kuala Lumpur->Seremban,0,3.139,101.6869,2.7297,101.9381,4,2,0.1511
2026-08-12T05:00:00,North-South Expressway (KL-JB),North-South Expressway (KL-JB) :: Kuala Lumpur->Seremban,0,3.139,101.6869,2.7297,101.9381,5,2,0.2874
2026-08-12T06:00:00,North-South Expressway (KL-JB),North-South Expressway (KL-JB) :: Kuala Lumpur->Seremban,0,3.139,101.6869,2.7297,101.9381,6,2,0.2262
2026-08-12T07:00:00,North-South Expressway (KL-JB),North-South Expressway (KL-JB) :: Kuala Lumpur->Seremban,0,3.139,101.6869,2.7297,101.9381,7,2,0.5145
2026-08-12T08:00:00,North-South Expressway (KL-JB),North-South Expressway (KL-JB) :: Kuala Lumpur->Seremban,0,3.139,101.6869,2.7297,101.9381,8,2,0.5261
2026-08-12T09:00:00,North-South Expressway (KL-JB),North-South Expressway (KL-JB) :: Kuala Lumpur->Seremban,0,3.139,101.6869,2.7297,101.9381,9,2,0.5761
2026-08-12T10:00:00,North-South Expressway (KL-JB),North-South Expressway (KL-JB) :: Kuala Lumpur->Seremban,0,3.139,101.6869,2.7297,101.9381,10,2,0.426
2026-08-12T11:00:00,North-South Expressway (KL-JB),North-South Expressway (KL-JB) :: Kuala Lumpur->Seremban,0,3.139,101.6869,2.7297,101.9381,11,2,0.1542
2026-08-12T12:00:00,North-South Expressway (KL-JB),North-South Expressway (KL-JB) :: Kuala Lumpur->Seremban,0,3.139,101.6869,2.7297,101.9381,12,2,0.1323
2026-08-12T13:00:00,North-South Expressway (KL-JB),North-South Expressway (KL-JB) :: Kuala Lumpur->Seremban,0,3.139,101.6869,2.7297,101.9381,13,2,0.2129
2026-08-12T14:00:00,North-South Expressway (KL-JB),North-South Expressway (KL-JB) :: Kuala Lumpur->Seremban,0,3.139,101.6869,2.7297,101.9381,14,2,0.1527
2026-08-12T15:00:00,North-South Expressway (KL-JB),North-South Expressway (KL-JB) :: Kuala Lumpur->Seremban,0,3.139,101.6869,2.7297,101.9381,15,2,0.2292
2026-08-12T16:00:00,North-South Expressway (KL-JB),North-South Expressway (KL-JB) :: Kuala Lumpur->Seremban,0,3.139,101.6869,2.7297,101.9381,16,2,0.3612
2026-08-12T17:00:00,North-South Expressway (KL-JB),North-South Expressway (KL-JB) :: Kuala Lumpur->Seremban,0,3.139,101.6869,2.7297,101.9381,17,2,0.4107
2026-08-12T18:00:00,North-South Expressway (KL-JB),North-South Expressway (KL-JB) :: Kuala Lumpur->Seremban,0,3.139,101.6869,2.7297,101.9381,18,2,0.6067
2026-08-12T19:00:00,North-South Expressway (KL-JB),North-South Expressway (KL-JB) :: Kuala Lumpur->Seremban,0,3.139,101.6869,2.7297,101.9381,19,2,0.4845
2026-08-12T20:00:00,North-South Expressway (KL-JB),North-South Expressway (KL-JB) :: Kuala Lumpur->Seremban,0,3.139,101.6869,2.7297,101.9381,20,2,0.3301
2026-08-12T21:00:00,North-South Expressway (KL-JB),North-South Expressway (KL-JB) :: Kuala Lumpur->Seremban,0,3.139,101.6869,2.7297,101.9381,21,2,0.3185
2026-08-12T22:00:00,North-South Expressway (KL-JB),North-South Expressway (KL-JB) :: Kuala Lumpur->Seremban,0,3.139,101.6869,2.7297,101.9381,22,2,0.1005
2026-08-12T23:00:00,North-South Expressway (KL-JB),North-South Expressway (KL-JB) :: Kuala Lumpur->Seremban,0,3.139,101.6869,2.7297,101.9381,23,2,0.2093
2026-08-13T00:00:00,North-South Expressway (KL-JB),North-South Expressway (KL-JB) :: Kuala Lumpur->Seremban,0,3.139,101.6869,2.7297,101.9381,0,3,0.1408
2026-08-13T01:00:00,North-South Expressway (KL-JB),North-South Expressway (KL-JB) :: Kuala Lumpur->Seremban,0,3.139,101.6869,2.7297,101.9381,1,3,0.1407
2026-08-13T02:00:00,North-South Expressway (KL-JB),North-South Expressway (KL-JB) :: Kuala Lumpur->Seremban,0,3.139,101.6869,2.7297,101.9381,2,3,0.205
2026-08-13T03:00:00,North-South Expressway (KL-JB),North-South Expressway (KL-JB) :: Kuala Lumpur->Seremban,0,3.139,101.6869,2.7297,101.9381,3,3,0.1787
2026-08-13T04:00:00,North-South Expressway (KL-JB),North-South Expressway (KL-JB) :: Kuala Lumpur->Seremban,0,3.139,101.6869,2.7297,101.9381,4,3,0.1992
2026-08-13T05:00:00,North-South Expressway (KL-JB),North-South Expressway (KL-JB) :: Kuala Lumpur->Seremban,0,3.139,101.6869,2.7297,101.9381,5,3,0.2583
2026-08-13T06:00:00,North-South Expressway (KL-JB),North-South Expressway (KL-JB) :: Kuala Lumpur->Seremban,0,3.139,101.6869,2.7297,101.9381,6,3,0.2866
2026-08-13T07:00:00,North-South Expressway (KL-JB),North-South Expressway (KL-JB) :: Kuala Lumpur->Seremban,0,3.139,101.6869,2.7297,101.9381,7,3,0.4362
2026-08-13T08:00:00,North-South Expressway (KL-JB),North-South Expressway (KL-JB) :: Kuala Lumpur->Seremban,0,3.139,101.6869,2.7297,101.9381,8,3,0.4974
2026-08-13T09:00:00,North-South Expressway (KL-JB),North-South Expressway (KL-JB) :: Kuala Lumpur->Seremban,0,3.139,101.6869,2.7297,101.9381,9,3,0.4234
2026-08-13T10:00:00,North-South Expressway (KL-JB),North-South Expressway (KL-JB) :: Kuala Lumpur->Seremban,0,3.139,101.6869,2.7297,101.9381,10,3,0.4834
2026-08-13T11:00:00,North-South Expressway (KL-JB),North-South Expressway (KL-JB) :: Kuala Lumpur->Seremban,0,3.139,101.6869,2.7297,101.9381,11,3,0.2749
2026-08-13T12:00:00,North-South Expressway (KL-JB),North-South Expressway (KL-JB) :: Kuala Lumpur->Seremban,0,3.139,101.6869,2.7297,101.9381,12,3,0.0842
2026-08-13T13:00:00,North-South Expressway (KL-JB),North-South Expressway (KL-JB) :: Kuala Lumpur->Seremban,0,3.139,101.6869,2.7297,101.9381,13,3,0.082
2026-08-13T14:00:00,North-South Expressway (KL-JB),North-South Expressway (KL-JB) :: Kuala Lumpur->Seremban,0,3.139,101.6869,2.7297,101.9381,14,3,0.2048
2026-08-13T15:00:00,North-South Expressway (KL-JB),North-South Expressway (KL-JB) :: Kuala Lumpur->Seremban,0,3.139,101.6869,2.7297,101.9381,15,3,0.2647
2026-08-13T16:00:00,North-South Expressway (KL-JB),North-South Expressway (KL-JB) :: Kuala Lumpur->Seremban,0,3.139,101.6869,2.7297,101.9381,16,3,0.3926
2026-08-13T17:00:00,North-South Expressway (KL-JB),North-South Expressway (KL-JB) :: Kuala Lumpur->Seremban,0,3.139,101.6869,2.7297,101.9381,17,3,0.5106
2026-08-13T18:00:00,North-South Expressway (KL-JB),North-South Expressway (KL-JB) :: Kuala Lumpur->Seremban,0,3.139,101.6869,2.7297,101.9381,18,3,0.6
2026-08-13T19:00:00,North-South Expressway (KL-JB),North-South Expressway (KL-JB) :: Kuala Lumpur->Seremban,0,3.139,101.6869,2.7297,101.9381,19,3,0.5456
2026-08-13T20:00:00,North-South Expressway (KL-JB),North-South Expressway (KL-JB) :: Kuala Lumpur->Seremban,0,3.139,101.6869,2.7297,101.9381,20,3,0.3649
2026-08-13T21:00:00,North-South Expressway (KL-JB),North-South Expressway (KL-JB) :: Kuala Lumpur->Seremban,0,3.139,101.6869,2.7297,101.9381,21,3,0.0987
2026-08-13T22:00:00,North-South Expressway (KL-JB),North-South Expressway (KL-JB) :: Kuala Lumpur->Seremban,0,3.139,101.6869,2.7297,101.9381,22,3,0.1621
2026-08-13T23:00:00,North-South Expressway (KL-JB),North-South Expressway (KL-JB) :: Kuala Lumpur->Seremban,0,3.139,101.6869,2.7297,101.9381,23,3,0.1094
2026-08-14T00:00:00,North-South Expressway (KL-JB),North-South Expressway (KL-JB) :: Kuala Lumpur->Seremban,0,3.139,101.6869,2.7297,101.9381,0,4,0.168
2026-08-14T01:00:00,North-South Expressway (KL-JB),North-South Expressway (KL-JB) :: Kuala Lumpur->Seremban,0,3.139,101.6869,2.7297,101.9381,1,4,0.3366
2026-08-14T02:00:00,North-South Expressway (KL-JB),North-South Expressway (KL-JB) :: Kuala Lumpur->Seremban,0,3.139,101.6869,2.7297,101.9381,2,4,0.1796
2026-08-14T03:00:00,North-South Expressway (KL-JB),North-South Expressway (KL-JB) :: Kuala Lumpur->Seremban,0,3.139,101.6869,2.7297,101.9381,3,4,0.1395
2026-08-14T04:00:00,North-South Expressway (KL-JB),North-South Expressway (KL-JB) :: Kuala Lumpur->Seremban,0,3.139,101.6869,2.7297,101.9381,4,4,0.2202
2026-08-14T05:00:00,North-South Expressway (KL-JB),North-South Expressway (KL-JB) :: Kuala Lumpur->Seremban,0,3.139,101.6869,2.7297,101.9381,5,4,0.2291
2026-08-14T06:00:00,North-South Expressway (KL-JB),North-South Expressway (KL-JB) :: Kuala Lumpur->Seremban,0,3.139,101.6869,2.7297,101.9381,6,4,0.3317
2026-08-14T07:00:00,North-South Expressway (KL-JB),North-South Expressway (KL-JB) :: Kuala Lumpur->Seremban,0,3.139,101.6869,2.7297,101.9381,7,4,0.5093
2026-08-14T08:00:00,North-South Expressway (KL-JB),North-South Expressway (KL-JB) :: Kuala Lumpur->Seremban,0,3.139,101.6869,2.7297,101.9381,8,4,0.6859
2026-08-14T09:00:00,North-South Expressway (KL-JB),North-South Expressway (KL-JB) :: Kuala Lumpur->Seremban,0,3.139,101.6869,2.7297,101.9381,9,4,0.4051
2026-08-14T10:00:00,North-South Expressway (KL-JB),North-South Expressway (KL-JB) :: Kuala Lumpur->Seremban,0,3.139,101.6869,2.7297,101.9381,10,4,0.3349
2026-08-14T11:00:00,North-South Expressway (KL-JB),North-South Expressway (KL-JB) :: Kuala Lumpur->Seremban,0,3.139,101.6869,2.7297,101.9381,11,4,0.1446
2026-08-14T12:00:00,North-South Expressway (KL-JB),North-South Expressway (KL-JB) :: Kuala Lumpur->Seremban,0,3.139,101.6869,2.7297,101.9381,12,4,0.1986
2026-08-14T13:00:00,North-South Expressway (KL-JB),North-South Expressway (KL-JB) :: Kuala Lumpur->Seremban,0,3.139,101.6869,2.7297,101.9381,13,4,0.1062
2026-08-14T14:00:00,North-South Expressway (KL-JB),North-South Expressway (KL-JB) :: Kuala Lumpur->Seremban,0,3.139,101.6869,2.7297,101.9381,14,4,0.1509
2026-08-14T15:00:00,North-South Expressway (KL-JB),North-South Expressway (KL-JB) :: Kuala Lumpur->Seremban,0,3.139,101.6869,2.7297,101.9381,15,4,0.2142
2026-08-14T16:00:00,North-South Expressway (KL-JB),North-South Expressway (KL-JB) :: Kuala Lumpur->Seremban,0,3.139,101.6869,2.7297,101.9381,16,4,0.4182
2026-08-14T17:00:00,North-South Expressway (KL-JB),North-South Expressway (KL-JB) :: Kuala Lumpur->Seremban,0,3.139,101.6869,2.7297,101.9381,17,4,0.581
2026-08-14T18:00:00,North-South Expressway (KL-JB),North-South Expressway (KL-JB) :: Kuala Lumpur->Seremban,0,3.139,101.6869,2.7297,101.9381,18,4,0.5328
2026-08-14T19:00:00,North-South Expressway (KL-JB),North-South Expressway (KL-JB) :: Kuala Lumpur->Seremban,0,3.139,101.6869,2.7297,101.9381,19,4,0.5292
2026-08-14T20:00:00,North-South Expressway (KL-JB),North-South Expressway (KL-JB) :: Kuala Lumpur->Seremban,0,3.139,101.6869,2.7297,101.9381,20,4,0.3171
2026-08-14T21:00:00,North-South Expressway (KL-JB),North-South Expressway (KL-JB) :: Kuala Lumpur->Seremban,0,3.139,101.6869,2.7297,101.9381,21,4,0.1564
2026-08-14T22:00:00,North-South Expressway (KL-JB),North-South Expressway (KL-JB) :: Kuala Lumpur->Seremban,0,3.139,101.6869,2.7297,101.9381,22,4,0.1628
2026-08-14T23:00:00,North-South Expressway (KL-JB),North-South Expressway (KL-JB) :: Kuala Lumpur->Seremban,0,3.139,101.6869,2.7297,101.9381,23,4,0.142
2026-08-15T00:00:00,North-South Expressway (KL-JB),North-South Expressway (KL-JB) :: Kuala Lumpur->Seremban,0,3.139,101.6869,2.7297,101.9381,0,5,0.3031
2026-08-15T01:00:00,North-South Expressway (KL-JB),North-South Expressway (KL-JB) :: Kuala Lumpur->Seremban,0,3.139,101.6869,2.7297,101.9381,1,5,0.1835
2026-08-15T02:00:00,North-South Expressway (KL-JB),North-South Expressway (KL-JB) :: Kuala Lumpur->Seremban,0,3.139,101.6869,2.7297,101.9381,2,5,0.0749
2026-08-15T03:00:00,North-South Expressway (KL-JB),North-South Expressway (KL-JB) :: Kuala Lumpur->Seremban,0,3.139,101.6869,2.7297,101.9381,3,5,0.1244
2026-08-15T04:00:00,North-South Expressway (KL-JB),North-South Expressway (KL-JB) :: Kuala Lumpur->Seremban,0,3.139,101.6869,2.7297,101.9381,4,5,0.2262
2026-08-15T05:00:00,North-South Expressway (KL-JB),North-South Expressway (KL-JB) :: Kuala Lumpur->Seremban,0,3.139,101.6869,2.7297,101.9381,5,5,0.3255
2026-08-15T06:00:00,North-South Expressway (KL-JB),North-South Expressway (KL-JB) :: Kuala Lumpur->Seremban,0,3.139,101.6869,2.7297,101.9381,6,5,0.2113
2026-08-15T07:00:00,North-South Expressway (KL-JB),North-South Expressway (KL-JB) :: Kuala Lumpur->Seremban,0,3.139,101.6869,2.7297,101.9381,7,5,0.3601
2026-08-15T08:00:00,North-South Expressway (KL-JB),North-South Expressway (KL-JB) :: Kuala Lumpur->Seremban,0,3.139,101.6869,2.7297,101.9381,8,5,0.6748
2026-08-15T09:00:00,North-South Expressway (KL-JB),North-South Expressway (KL-JB) :: Kuala Lumpur->Seremban,0,3.139,101.6869,2.7297,101.9381,9,5,0.4963
2026-08-15T10:00:00,North-South Expressway (KL-JB),North-South Expressway (KL-JB) :: Kuala Lumpur->Seremban,0,3.139,101.6869,2.7297,101.9381,10,5,0.2544
2026-08-15T11:00:00,North-South Expressway (KL-JB),North-South Expressway (KL-JB) :: Kuala Lumpur->Seremban,0,3.139,101.6869,2.7297,101.9381,11,5,0.2323
2026-08-15T12:00:00,North-South Expressway (KL-JB),North-South Expressway (KL-JB) :: Kuala Lumpur->Seremban,0,3.139,101.6869,2.7297,101.9381,12,5,0.0071
2026-08-15T13:00:00,North-South Expressway (KL-JB),North-South Expressway (KL-JB) :: Kuala Lumpur->Seremban,0,3.139,101.6869,2.7297,101.9381,13,5,0.1615
2026-08-15T14:00:00,North-South Expressway (KL-JB),North-South Expressway (KL-JB) :: Kuala Lumpur->Seremban,0,3.139,101.6869,2.7297,101.9381,14,5,0.1956
2026-08-15T15:00:00,North-South Expressway (KL-JB),North-South Expressway (KL-JB) :: Kuala Lumpur->Seremban,0,3.139,101.6869,2.7297,101.9381,15,5,0.2873
2026-08-15T16:00:00,North-South Expressway (KL-JB),North-South Expressway (KL-JB) :: Kuala Lumpur->Seremban,0,3.139,101.6869,2.7297,101.9381,16,5,0.2989
2026-08-15T17:00:00,North-South Expressway (KL-JB),North-South Expressway (KL-JB) :: Kuala Lumpur->Seremban,0,3.139,101.6869,2.7297,101.9381,17,5,0.5311
2026-08-15T18:00:00,North-South Expressway (KL-JB),North-South Expressway (KL-JB) :: Kuala Lumpur->Seremban,0,3.139,101.6869,2.7297,101.9381,18,5,0.552
2026-08-15T19:00:00,North-South Expressway (KL-JB),North-South Expressway (KL-JB) :: Kuala Lumpur->Seremban,0,3.139,101.6869,2.7297,101.9381,19,5,0.5413
2026-08-15T20:00:00,North-South Expressway (KL-JB),North-South Expressway (KL-JB) :: Kuala Lumpur->Seremban,0,3.139,101.6869,2.7297,101.9381,20,5,0.306
2026-08-15T21:00:00,North-South Expressway (KL-JB),North-South Expressway (KL-JB) :: Kuala Lumpur->Seremban,0,3.139,101.6869,2.7297,101.9381,21,5,0.2074
2026-08-15T22:00:00,North-South Expressway (KL-JB),North-South Expressway (KL-JB) :: Kuala Lumpur->Seremban,0,3.139,101.6869,2.7297,101.9381,22,5,0.1161
2026-08-15T23:00:00,North-South Expressway (KL-JB),North-South Expressway (KL-JB) :: Kuala Lumpur->Seremban,0,3.139,101.6869,2.7297,101.9381,23,5,0.1996
2026-08-16T00:00:00,North-South Expressway (KL-JB),North-South Expressway (KL-JB) :: Kuala Lumpur->Seremban,0,3.139,101.6869,2.7297,101.9381,0,6,0.209
2026-08-16T01:00:00,North-South Expressway (KL-JB),North-South Expressway (KL-JB) :: Kuala Lumpur->Seremban,0,3.139,101.6869,2.7297,101.9381,1,6,0.1434
2026-08-16T02:00:00,North-South Expressway (KL-JB),North-South Expressway (KL-JB) :: Kuala Lumpur->Seremban,0,3.139,101.6869,2.7297,101.9381,2,6,0.1598
2026-08-16T03:00:00,North-South Expressway (KL-JB),North-South Expressway (KL-JB) :: Kuala Lumpur->Seremban,0,3.139,101.6869,2.7297,101.9381,3,6,0.0714
2026-08-16T04:00:00,North-South Expressway (KL-JB),North-South Expressway (KL-JB) :: Kuala Lumpur->Seremban,0,3.139,101.6869,2.7297,101.9381,4,6,0.1469
2026-08-16T05:00:00,North-South Expressway (KL-JB),North-South Expressway (KL-JB) :: Kuala Lumpur->Seremban,0,3.139,101.6869,2.7297,101.9381,5,6,0.1972
2026-08-16T06:00:00,North-South Expressway (KL-JB),North-South Expressway (KL-JB) :: Kuala Lumpur->Seremban,0,3.139,101.6869,2.7297,101.9381,6,6,0.4637
2026-08-16T07:00:00,North-South Expressway (KL-JB),North-South Expressway (KL-JB) :: Kuala Lumpur->Seremban,0,3.139,101.6869,2.7297,101.9381,7,6,0.4062
2026-08-16T08:00:00,North-South Expressway (KL-JB),North-South Expressway (KL-JB) :: Kuala Lumpur->Seremban,0,3.139,101.6869,2.7297,101.9381,8,6,0.6504
2026-08-16T09:00:00,North-South Expressway (KL-JB),North-South Expressway (KL-JB) :: Kuala Lumpur->Seremban,0,3.139,101.6869,2.7297,101.9381,9,6,0.5327
2026-08-16T10:00:00,North-South Expressway (KL-JB),North-South Expressway (KL-JB) :: Kuala Lumpur->Seremban,0,3.139,101.6869,2.7297,101.9381,10,6,0.3233
2026-08-16T11:00:00,North-South Expressway (KL-JB),North-South Expressway (KL-JB) :: Kuala Lumpur->Seremban,0,3.139,101.6869,2.7297,101.9381,11,6,0.3057
2026-08-16T12:00:00,North-South Expressway (KL-JB),North-South Expressway (KL-JB) :: Kuala Lumpur->Seremban,0,3.139,101.6869,2.7297,101.9381,12,6,0.1876
2026-08-16T13:00:00,North-South Expressway (KL-JB),North-South Expressway (KL-JB) :: Kuala Lumpur->Seremban,0,3.139,101.6869,2.7297,101.9381,13,6,0.1847
2026-08-16T14:00:00,North-South Expressway (KL-JB),North-South Expressway (KL-JB) :: Kuala Lumpur->Seremban,0,3.139,101.6869,2.7297,101.9381,14,6,0.1727
2026-08-16T15:00:00,North-South Expressway (KL-JB),North-South Expressway (KL-JB) :: Kuala Lumpur->Seremban,0,3.139,101.6869,2.7297,101.9381,15,6,0.3053
2026-08-16T16:00:00,North-South Expressway (KL-JB),North-South Expressway (KL-JB) :: Kuala Lumpur->Seremban,0,3.139,101.6869,2.7297,101.9381,16,6,0.4255
2026-08-16T17:00:00,North-South Expressway (KL-JB),North-South Expressway (KL-JB) :: Kuala Lumpur->Seremban,0,3.139,101.6869,2.7297,101.9381,17,6,0.4884
2026-08-16T18:00:00,North-South Expressway (KL-JB),North-South Expressway (KL-JB) :: Kuala Lumpur->Seremban,0,3.139,101.6869,2.7297,101.9381,18,6,0.5283
2026-08-16T19:00:00,North-South Expressway (KL-JB),North-South Expressway (KL-JB) :: Kuala Lumpur->Seremban,0,3.139,101.6869,2.7297,101.9381,19,6,0.5138
2026-08-16T20:00:00,North-South Expressway (KL-JB),North-South Expressway (KL-JB) :: Kuala Lumpur->Seremban,0,3.139,101.6869,2.7297,101.9381,20,6,0.3117
2026-08-16T21:00:00,North-South Expressway (KL-JB),North-South Expressway (KL-JB) :: Kuala Lumpur->Seremban,0,3.139,101.6869,2.7297,101.9381,21,6,0.2281
2026-08-16T22:00:00,North-South Expressway (KL-JB),North-South Expressway (KL-JB) :: Kuala Lumpur->Seremban,0,3.139,101.6869,2.7297,101.9381,22,6,0.2501
2026-08-16T23:00:00,North-South Expressway (KL-JB),North-South Expressway (KL-JB) :: Kuala Lumpur->Seremban,0,3.139,101.6869,2.7297,101.9381,23,6,0.1331
2026-08-17T00:00:00,North-South Expressway (KL-JB),North-South Expressway (KL-JB) :: Kuala Lumpur->Seremban,0,3.139,101.6869,2.7297,101.9381,0,0,0.1549
2026-08-17T01:00:00,North-South Expressway (KL-JB),North-South Expressway (KL-JB) :: Kuala Lumpur->Seremban,0,3.139,101.6869,2.7297,101.9381,1,0,0.161
2026-08-17T02:00:00,North-South Expressway (KL-JB),North-South Expressway (KL-JB) :: Kuala Lumpur->Seremban,0,3.139,101.6869,2.7297,101.9381,2,0,0.2085
2026-08-17T03:00:00,North-South Expressway (KL-JB),North-South Expressway (KL-JB) :: Kuala Lumpur->Seremban,0,3.139,101.6869,2.7297,101.9381,3,0,0.0235
2026-08-17T04:00:00,North-South Expressway (KL-JB),North-South Expressway (KL-JB) :: Kuala Lumpur->Seremban,0,3.139,101.6869,2.7297,101.9381,4,0,0.1285
2026-08-17T05:00:00,North-South Expressway (KL-JB),North-South Expressway (KL-JB) :: Kuala Lumpur->Seremban,0,3.139,101.6869,2.7297,101.9381,5,0,0.2129
2026-08-17T06:00:00,North-South Expressway (KL-JB),North-South Expressway (KL-JB) :: Kuala Lumpur->Seremban,0,3.139,101.6869,2.7297,101.9381,6,0,0.3785
2026-08-17T07:00:00,North-South Expressway (KL-JB),North-South Expressway (KL-JB) :: Kuala Lumpur->Seremban,0,3.139,101.6869,2.7297,101.9381,7,0,0.4434
2026-08-17T08:00:00,North-South Expressway (KL-JB),North-South Expressway (KL-JB) :: Kuala Lumpur->Seremban,0,3.139,101.6869,2.7297,101.9381,8,0,0.4499
2026-08-17T09:00:00,North-South Expressway (KL-JB),North-South Expressway (KL-JB) :: Kuala Lumpur->Seremban,0,3.139,101.6869,2.7297,101.9381,9,0,0.5101
2026-08-17T10:00:00,North-South Expressway (KL-JB),North-South Expressway (KL-JB) :: Kuala Lumpur->Seremban,0,3.139,101.6869,2.7297,101.9381,10,0,0.2684
2026-08-17T11:00:00,North-South Expressway (KL-JB),North-South Expressway (KL-JB) :: Kuala Lumpur->Seremban,0,3.139,101.6869,2.7297,101.9381,11,0,0.1288
2026-08-17T12:00:00,North-South Expressway (KL-JB),North-South Expressway (KL-JB) :: Kuala Lumpur->Seremban,0,3.139,101.6869,2.7297,101.9381,12,0,0.1278
2026-08-17T13:00:00,North-South Expressway (KL-JB),North-South Expressway (KL-JB) :: Kuala Lumpur->Seremban,0,3.139,101.6869,2.7297,101.9381,13,0,0.1502
2026-08-17T14:00:00,North-South Expressway (KL-JB),North-South Expressway (KL-JB) :: Kuala Lumpur->Seremban,0,3.139,101.6869,2.7297,101.9381,14,0,0.1396
2026-08-17T15:00:00,North-South Expressway (KL-JB),North-South Expressway (KL-JB) :: Kuala Lumpur->Seremban,0,3.139,101.6869,2.7297,101.9381,15,0,0.0996
2026-08-17T16:00:00,North-South Expressway (KL-JB),North-South Expressway (KL-JB) :: Kuala Lumpur->Seremban,0,3.139,101.6869,2.7297,101.9381,16,0,0.4135
2026-08-17T17:00:00,North-South Expressway (KL-JB),North-South Expressway (KL-JB) :: Kuala Lumpur->Seremban,0,3.139,101.6869,2.7297,101.9381,17,0,0.6024
2026-08-17T18:00:00,North-South Expressway (KL-JB),North-South Expressway (KL-JB) :: Kuala Lumpur->Seremban,0,3.139,101.6869,2.7297,101.9381,18,0,0.6466
2026-08-17T19:00:00,North-South Expressway (KL-JB),North-South Expressway (KL-JB) :: Kuala Lumpur->Seremban,0,3.139,101.6869,2.7297,101.9381,19,0,0.4577
2026-08-17T20:00:00,North-South Expressway (KL-JB),North-South Expressway (KL-JB) :: Kuala Lumpur->Seremban,0,3.139,101.6869,2.7297,101.9381,20,0,0.3476
2026-08-17T21:00:00,North-South Expressway (KL-JB),North-South Expressway (KL-JB) :: Kuala Lumpur->Seremban,0,3.139,101.6869,2.7297,101.9381,21,0,0.2315
2026-08-17T22:00:00,North-South Expressway (KL-JB),North-South Expressway (KL-JB) :: Kuala Lumpur->Seremban,0,3.139,101.6869,2.7297,101.9381,22,0,0.2118
2026-08-17T23:00:00,North-South Expressway (KL-JB),North-South Expressway (KL-JB) :: Kuala Lumpur->Seremban,0,3.139,101.6869,2.7297,101.9381,23,0,0.2006
2026-08-18T00:00:00,North-South Expressway (KL-JB),North-South Expressway (KL-JB) :: Kuala Lumpur->Seremban,0,3.139,101.6869,2.7297,101.9381,0,1,0.1134
2026-08-18T01:00:00,North-South Expressway (KL-JB),North-South Expressway (KL-JB) :: Kuala Lumpur->Seremban,0,3.139,101.6869,2.7297,101.9381,1,1,0.1624
2026-08-18T02:00:00,North-South Expressway (KL-JB),North-South Expressway (KL-JB) :: Kuala Lumpur->Seremban,0,3.139,101.6869,2.7297,101.9381,2,1,0.185
2026-08-18T03:00:00,North-South Expressway (KL-JB),North-South Expressway (KL-JB) :: Kuala Lumpur->Seremban,0,3.139,101.6869,2.7297,101.9381,3,1,0.2456
2026-08-18T04:00:00,North-South Expressway (KL-JB),North-South Expressway (KL-JB) :: Kuala Lumpur->Seremban,0,3.139,101.6869,2.7297,101.9381,4,1,0.2072
2026-08-18T05:00:00,North-South Expressway (KL-JB),North-South Expressway (KL-JB) :: Kuala Lumpur->Seremban,0,3.139,101.6869,2.7297,101.9381,5,1,0.2475
2026-08-18T06:00:00,North-South Expressway (KL-JB),North-South Expressway (KL-JB) :: Kuala Lumpur->Seremban,0,3.139,101.6869,2.7297,101.9381,6,1,0.3115
2026-08-18T07:00:00,North-South Expressway (KL-JB),North-South Expressway (KL-JB) :: Kuala Lumpur->Seremban,0,3.139,101.6869,2.7297,101.9381,7,1,0.5575
2026-08-18T08:00:00,North-South Expressway (KL-JB),North-South Expressway (KL-JB) :: Kuala Lumpur->Seremban,0,3.139,101.6869,2.7297,101.9381,8,1,0.5871
2026-08-18T09:00:00,North-South Expressway (KL-JB),North-South Expressway (KL-JB) :: Kuala Lumpur->Seremban,0,3.139,101.6869,2.7297,101.9381,9,1,0.4212
2026-08-18T10:00:00,North-South Expressway (KL-JB),North-South Expressway (KL-JB) :: Kuala Lumpur->Seremban,0,3.139,101.6869,2.7297,101.9381,10,1,0.3907
2026-08-18T11:00:00,North-South Expressway (KL-JB),North-South Expressway (KL-JB) :: Kuala Lumpur->Seremban,0,3.139,101.6869,2.7297,101.9381,11,1,0.2421
2026-08-18T12:00:00,North-South Expressway (KL-JB),North-South Expressway (KL-JB) :: Kuala Lumpur->Seremban,0,3.139,101.6869,2.7297,101.9381,12,1,0.1387
2026-08-18T13:00:00,North-South Expressway (KL-JB),North-South Expressway (KL-JB) :: Kuala Lumpur->Seremban,0,3.139,101.6869,2.7297,101.9381,13,1,0.1325
2026-08-18T14:00:00,North-South Expressway (KL-JB),North-South Expressway (KL-JB) :: Kuala Lumpur->Seremban,0,3.139,101.6869,2.7297,101.9381,14,1,0.1937
2026-08-18T15:00:00,North-South Expressway (KL-JB),North-South Expressway (KL-JB) :: Kuala Lumpur->Seremban,0,3.139,101.6869,2.7297,101.9381,15,1,0.2597
2026-08-18T16:00:00,North-South Expressway (KL-JB),North-South Expressway (KL-JB) :: Kuala Lumpur->Seremban,0,3.139,101.6869,2.7297,101.9381,16,1,0.3715
2026-08-18T17:00:00,North-South Expressway (KL-JB),North-South Expressway (KL-JB) :: Kuala Lumpur->Seremban,0,3.139,101.6869,2.7297,101.9381,17,1,0.5446
2026-08-18T18:00:00,North-South Expressway (KL-JB),North-South Expressway (KL-JB) :: Kuala Lumpur->Seremban,0,3.139,101.6869,2.7297,101.9381,18,1,0.7095
2026-08-18T19:00:00,North-South Expressway (KL-JB),North-South Expressway (KL-JB) :: Kuala Lumpur->Seremban,0,3.139,101.6869,2.7297,101.9381,19,1,0.5902
2026-08-18T20:00:00,North-South Expressway (KL-JB),North-South Expressway (KL-JB) :: Kuala Lumpur->Seremban,0,3.139,101.6869,2.7297,101.9381,20,1,0.3711
2026-08-18T21:00:00,North-South Expressway (KL-JB),North-South Expressway (KL-JB) :: Kuala Lumpur->Seremban,0,3.139,101.6869,2.7297,101.9381,21,1,0.2884
2026-08-18T22:00:00,North-South Expressway (KL-JB),North-South Expressway (KL-JB) :: Kuala Lumpur->Seremban,0,3.139,101.6869,2.7297,101.9381,22,1,0.1139
2026-08-18T23:00:00,North-South Expressway (KL-JB),North-South Expressway (KL-JB) :: Kuala Lumpur->Seremban,0,3.139,101.6869,2.7297,101.9381,23,1,0.1844
2026-08-19T00:00:00,North-South Expressway (KL-JB),North-South Expressway (KL-JB) :: Kuala Lumpur->Seremban,0,3.139,101.6869,2.7297,101.9381,0,2,0.2661
2026-08-19T01:00:00,North-South Expressway (KL-JB),North-South Expressway (KL-JB) :: Kuala Lumpur->Seremban,0,3.139,101.6869,2.7297,101.9381,1,2,0.1444
2026-08-19T02:00:00,North-South Expressway (KL-JB),North-South Expressway (KL-JB) :: Kuala Lumpur->Seremban,0,3.139,101.6869,2.7297,101.9381,2,2,0.1067
2026-08-19T03:00:00,North-South Expressway (KL-JB),North-South Expressway (KL-JB) :: Kuala Lumpur->Seremban,0,3.139,101.6869,2.7297,101.9381,3,2,0.1192
2026-08-19T04:00:00,North-South Expressway (KL-JB),North-South Expressway (KL-JB) :: Kuala Lumpur->Seremban,0,3.139,101.6869,2.7297,101.9381,4,2,0.0995
2026-08-19T05:00:00,North-South Expressway (KL-JB),North-South Expressway (KL-JB) :: Kuala Lumpur->Seremban,0,3.139,101.6869,2.7297,101.9381,5,2,0.1531
2026-08-19T06:00:00,North-South Expressway (KL-JB),North-South Expressway (KL-JB) :: Kuala Lumpur->Seremban,0,3.139,101.6869,2.7297,101.9381,6,2,0.2843
2026-08-19T07:00:00,North-South Expressway (KL-JB),North-South Expressway (KL-JB) :: Kuala Lumpur->Seremban,0,3.139,101.6869,2.7297,101.9381,7,2,0.3886
2026-08-19T08:00:00,North-South Expressway (KL-JB),North-South Expressway (KL-JB) :: Kuala Lumpur->Seremban,0,3.139,101.6869,2.7297,101.9381,8,2,0.5634
2026-08-19T09:00:00,North-South Expressway (KL-JB),North-South Expressway (KL-JB) :: Kuala Lumpur->Seremban,0,3.139,101.6869,2.7297,101.9381,9,2,0.5271
2026-08-19T10:00:00,North-South Expressway (KL-JB),North-South Expressway (KL-JB) :: Kuala Lumpur->Seremban,0,3.139,101.6869,2.7297,101.9381,10,2,0.252
2026-08-19T11:00:00,North-South Expressway (KL-JB),North-South Expressway (KL-JB) :: Kuala Lumpur->Seremban,0,3.139,101.6869,2.7297,101.9381,11,2,0.2914
2026-08-19T12:00:00,North-South Expressway (KL-JB),North-South Expressway (KL-JB) :: Kuala Lumpur->Seremban,0,3.139,101.6869,2.7297,101.9381,12,2,0.1959
2026-08-19T13:00:00,North-South Expressway (KL-JB),North-South Expressway (KL-JB) :: Kuala Lumpur->Seremban,0,3.139,101.6869,2.7297,101.9381,13,2,0.2231
2026-08-19T14:00:00,North-South Expressway (KL-JB),North-South Expressway (KL-JB) :: Kuala Lumpur->Seremban,0,3.139,101.6869,2.7297,101.9381,14,2,0.1364
2026-08-19T15:00:00,North-South Expressway (KL-JB),North-South Expressway (KL-JB) :: Kuala Lumpur->Seremban,0,3.139,101.6869,2.7297,101.9381,15,2,0.2832
2026-08-19T16:00:00,North-South Expressway (KL-JB),North-South Expressway (KL-JB) :: Kuala Lumpur->Seremban,0,3.139,101.6869,2.7297,101.9381,16,2,0.2942
2026-08-19T17:00:00,North-South Expressway (KL-JB),North-South Expressway (KL-JB) :: Kuala Lumpur->Seremban,0,3.139,101.6869,2.7297,101.9381,17,2,0.5793
2026-08-19T18:00:00,North-South Expressway (KL-JB),North-South Expressway (KL-JB) :: Kuala Lumpur->Seremban,0,3.139,101.6869,2.7297,101.9381,18,2,0.6178
2026-08-19T19:00:00,North-South Expressway (KL-JB),North-South Expressway (KL-JB) :: Kuala Lumpur->Seremban,0,3.139,101.6869,2.7297,101.9381,19,2,0.5591
2026-08-19T20:00:00,North-South Expressway (KL-JB),North-South Expressway (KL-JB) :: Kuala Lumpur->Seremban,0,3.139,101.6869,2.7297,101.9381,20,2,0.2892
2026-08-19T21:00:00,North-South Expressway (KL-JB),North-South Expressway (KL-JB) :: Kuala Lumpur->Seremban,0,3.139,101.6869,2.7297,101.9381,21,2,0.1782
2026-08-19T22:00:00,North-South Expressway (KL-JB),North-South Expressway (KL-JB) :: Kuala Lumpur->Seremban,0,3.139,101.6869,2.7297,101.9381,22,2,0.2117
2026-08-19T23:00:00,North-South Expressway (KL-JB),North-South Expressway (KL-JB) :: Kuala Lumpur->Seremban,0,3.139,101.6869,2.7297,101.9381,23,2,0.1036
2026-08-20T00:00:00,North-South Expressway (KL-JB),North-South Expressway (KL-JB) :: Kuala Lumpur->Seremban,0,3.139,101.6869,2.7297,101.9381,0,3,0.1853
2026-08-20T01:00:00,North-South Expressway (KL-JB),North-South Expressway (KL-JB) :: Kuala Lumpur->Seremban,0,3.139,101.6869,2.7297,101.9381,1,3,0.0755
2026-08-20T02:00:00,North-South Expressway (KL-JB),North-South Expressway (KL-JB) :: Kuala Lumpur->Seremban,0,3.139,101.6869,2.7297,101.9381,2,3,0.2084
2026-08-20T03:00:00,North-South Expressway (KL-JB),North-South Expressway (KL-JB) :: Kuala Lumpur->Seremban,0,3.139,101.6869,2.7297,101.9381,3,3,0.0843
2026-08-20T04:00:00,North-South Expressway (KL-JB),North-South Expressway (KL-JB) :: Kuala Lumpur->Seremban,0,3.139,101.6869,2.7297,101.9381,4,3,0.1981
2026-08-20T05:00:00,North-South Expressway (KL-JB),North-South Expressway (KL-JB) :: Kuala Lumpur->Seremban,0,3.139,101.6869,2.7297,101.9381,5,3,0.2377
2026-08-20T06:00:00,North-South Expressway (KL-JB),North-South Expressway (KL-JB) :: Kuala Lumpur->Seremban,0,3.139,101.6869,2.7297,101.9381,6,3,0.2647
2026-08-20T07:00:00,North-South Expressway (KL-JB),North-South Expressway (KL-JB) :: Kuala Lumpur->Seremban,0,3.139,101.6869,2.7297,101.9381,7,3,0.5078
2026-08-20T08:00:00,North-South Expressway (KL-JB),North-South Expressway (KL-JB) :: Kuala Lumpur->Seremban,0,3.139,101.6869,2.7297,101.9381,8,3,0.5781
2026-08-20T09:00:00,North-South Expressway (KL-JB),North-South Expressway (KL-JB) :: Kuala Lumpur->Seremban,0,3.139,101.6869,2.7297,101.9381,9,3,0.4406
2026-08-20T10:00:00,North-South Expressway (KL-JB),North-South Expressway (KL-JB) :: Kuala Lumpur->Seremban,0,3.139,101.6869,2.7297,101.9381,10,3,0.246
2026-08-20T11:00:00,North-South Expressway (KL-JB),North-South Expressway (KL-JB) :: Kuala Lumpur->Seremban,0,3.139,101.6869,2.7297,101.9381,11,3,0.0825
2026-08-20T12:00:00,North-South Expressway (KL-JB),North-South Expressway (KL-JB) :: Kuala Lumpur->Seremban,0,3.139,101.6869,2.7297,101.9381,12,3,0.1862
2026-08-20T13:00:00,North-South Expressway (KL-JB),North-South Expressway (KL-JB) :: Kuala Lumpur->Seremban,0,3.139,101.6869,2.7297,101.9381,13,3,0.0674
2026-08-20T14:00:00,North-South Expressway (KL-JB),North-South Expressway (KL-JB) :: Kuala Lumpur->Seremban,0,3.139,101.6869,2.7297,101.9381,14,3,0.1816
2026-08-20T15:00:00,North-South Expressway (KL-JB),North-South Expressway (KL-JB) :: Kuala Lumpur->Seremban,0,3.139,101.6869,2.7297,101.9381,15,3,0.2161
2026-08-20T16:00:00,North-South Expressway (KL-JB),North-South Expressway (KL-JB) :: Kuala Lumpur->Seremban,0,3.139,101.6869,2.7297,101.9381,16,3,0.4004
2026-08-20T17:00:00,North-South Expressway (KL-JB),North-South Expressway (KL-JB) :: Kuala Lumpur->Seremban,0,3.139,101.6869,2.7297,101.9381,17,3,0.5078
2026-08-20T18:00:00,North-South Expressway (KL-JB),North-South Expressway (KL-JB) :: Kuala Lumpur->Seremban,0,3.139,101.6869,2.7297,101.9381,18,3,0.5877
2026-08-20T19:00:00,North-South Expressway (KL-JB),North-South Expressway (KL-JB) :: Kuala Lumpur->Seremban,0,3.139,101.6869,2.7297,101.9381,19,3,0.5698
2026-08-20T20:00:00,North-South Expressway (KL-JB),North-South Expressway (KL-JB) :: Kuala Lumpur->Seremban,0,3.139,101.6869,2.7297,101.9381,20,3,0.3798
2026-08-20T21:00:00,North-South Expressway (KL-JB),North-South Expressway (KL-JB) :: Kuala Lumpur->Seremban,0,3.139,101.6869,2.7297,101.9381,21,3,0.2509
2026-08-20T22:00:00,North-South Expressway (KL-JB),North-South Expressway (KL-JB) :: Kuala Lumpur->Seremban,0,3.139,101.6869,2.7297,101.9381,22,3,0.204
2026-08-20T23:00:00,North-South Expressway (KL-JB),North-South Expressway (KL-JB) :: Kuala Lumpur->Seremban,0,3.139,101.6869,2.7297,101.9381,23,3,0.0684
2026-08-21T00:00:00,North-South Expressway (KL-JB),North-South Expressway (KL-JB) :: Kuala Lumpur->Seremban,0,3.139,101.6869,2.7297,101.9381,0,4,0.2029
2026-08-21T01:00:00,North-South Expressway (KL-JB),North-South Expressway (KL-JB) :: Kuala Lumpur->Seremban,0,3.139,101.6869,2.7297,101.9381,1,4,0.1943
2026-08-21T02:00:00,North-South Expressway (KL-JB),North-South Expressway (KL-JB) :: Kuala Lumpur->Seremban,0,3.139,101.6869,2.7297,101.9381,2,4,0.0965
2026-08-21T03:00:00,North-South Expressway (KL-JB),North-South Expressway (KL-JB) :: Kuala Lumpur->Seremban,0,3.139,101.6869,2.7297,101.9381,3,4,0.1436
2026-08-21T04:00:00,North-South Expressway (KL-JB),North-South Expressway (KL-JB) :: Kuala Lumpur->Seremban,0,3.139,101.6869,2.7297,101.9381,4,4,0.1626
2026-08-21T05:00:00,North-South Expressway (KL-JB),North-South Expressway (KL-JB) :: Kuala Lumpur->Seremban,0,3.139,101.6869,2.7297,101.9381,5,4,0.1921
2026-08-21T06:00:00,North-South Expressway (KL-JB),North-South Expressway (KL-JB) :: Kuala Lumpur->Seremban,0,3.139,101.6869,2.7297,101.9381,6,4,0.3265
2026-08-21T07:00:00,North-South Expressway (KL-JB),North-South Expressway (KL-JB) :: Kuala Lumpur->Seremban,0,3.139,101.6869,2.7297,101.9381,7,4,0.5588
2026-08-21T08:00:00,North-South Expressway (KL-JB),North-South Expressway (KL-JB) :: Kuala Lumpur->Seremban,0,3.139,101.6869,2.7297,101.9381,8,4,0.6274
2026-08-21T09:00:00,North-South Expressway (KL-JB),North-South Expressway (KL-JB) :: Kuala Lumpur->Seremban,0,3.139,101.6869,2.7297,101.9381,9,4,0.3942
2026-08-21T10:00:00,North-South Expressway (KL-JB),North-South Expressway (KL-JB) :: Kuala Lumpur->Seremban,0,3.139,101.6869,2.7297,101.9381,10,4,0.3438
2026-08-21T11:00:00,North-South Expressway (KL-JB),North-South Expressway (KL-JB) :: Kuala Lumpur->Seremban,0,3.139,101.6869,2.7297,101.9381,11,4,0.2799
2026-08-21T12:00:00,North-South Expressway (KL-JB),North-South Expressway (KL-JB) :: Kuala Lumpur->Seremban,0,3.139,101.6869,2.7297,101.9381,12,4,0.1885
2026-08-21T13:00:00,North-South Expressway (KL-JB),North-South Expressway (KL-JB) :: Kuala Lumpur->Seremban,0,3.139,101.6869,2.7297,101.9381,13,4,0.2268
2026-08-21T14:00:00,North-South Expressway (KL-JB),North-South Expressway (KL-JB) :: Kuala Lumpur->Seremban,0,3.139,101.6869,2.7297,101.9381,14,4,0.2966
2026-08-21T15:00:00,North-South Expressway (KL-JB),North-South Expressway (KL-JB) :: Kuala Lumpur->Seremban,0,3.139,101.6869,2.7297,101.9381,15,4,0.2933
2026-08-21T16:00:00,North-South Expressway (KL-JB),North-South Expressway (KL-JB) :: Kuala Lumpur->Seremban,0,3.139,101.6869,2.7297,101.9381,16,4,0.3747
2026-08-21T17:00:00,North-South Expressway (KL-JB),North-South Expressway (KL-JB) :: Kuala Lumpur->Seremban,0,3.139,101.6869,2.7297,101.9381,17,4,0.5886
2026-08-21T18:00:00,North-South Expressway (KL-JB),North-South Expressway (KL-JB) :: Kuala Lumpur->Seremban,0,3.139,101.6869,2.7297,101.9381,18,4,0.6162
2026-08-21T19:00:00,North-South Expressway (KL-JB),North-South Expressway (KL-JB) :: Kuala Lumpur->Seremban,0,3.139,101.6869,2.7297,101.9381,19,4,0.5274
2026-08-21T20:00:00,North-South Expressway (KL-JB),North-South Expressway (KL-JB) :: Kuala Lumpur->Seremban,0,3.139,101.6869,2.7297,101.9381,20,4,0.3386
2026-08-21T21:00:00,North-South Expressway (KL-JB),North-South Expressway (KL-JB) :: Kuala Lumpur->Seremban,0,3.139,101.6869,2.7297,101.9381,21,4,0.3257
2026-08-21T22:00:00,North-South Expressway (KL-JB),North-South Expressway (KL-JB) :: Kuala Lumpur->Seremban,0,3.139,101.6869,2.7297,101.9381,22,4,0.1267
2026-08-21T23:00:00,North-South Expressway (KL-JB),North-South Expressway (KL-JB) :: Kuala Lumpur->Seremban,0,3.139,101.6869,2.7297,101.9381,23,4,0.2525
2026-08-22T00:00:00,North-South Expressway (KL-JB),North-South Expressway (KL-JB) :: Kuala Lumpur->Seremban,0,3.139,101.6869,2.7297,101.9381,0,5,0.1875
2026-08-22T01:00:00,North-South Expressway (KL-JB),North-South Expressway (KL-JB) :: Kuala Lumpur->Seremban,0,3.139,101.6869,2.7297,101.9381,1,5,0.0735
2026-08-22T02:00:00,North-South Expressway (KL-JB),North-South Expressway (KL-JB) :: Kuala Lumpur->Seremban,0,3.139,101.6869,2.7297,101.9381,2,5,0.1796
2026-08-22T03:00:00,North-South Expressway (KL-JB),North-South Expressway (KL-JB) :: Kuala Lumpur->Seremban,0,3.139,101.6869,2.7297,101.9381,3,5,0.0323
2026-08-22T04:00:00,North-South Expressway (KL-JB),North-South Expressway (KL-JB) :: Kuala Lumpur->Seremban,0,3.139,101.6869,2.7297,101.9381,4,5,0.2024
2026-08-22T05:00:00,North-South Expressway (KL-JB),North-South Expressway (KL-JB) :: Kuala Lumpur->Seremban,0,3.139,101.6869,2.7297,101.9381,5,5,0.2533
2026-08-22T06:00:00,North-South Expressway (KL-JB),North-South Expressway (KL-JB) :: Kuala Lumpur->Seremban,0,3.139,101.6869,2.7297,101.9381,6,5,0.2709
2026-08-22T07:00:00,North-South Expressway (KL-JB),North-South Expressway (KL-JB) :: Kuala Lumpur->Seremban,0,3.139,101.6869,2.7297,101.9381,7,5,0.4803
2026-08-22T08:00:00,North-South Expressway (KL-JB),North-South Expressway (KL-JB) :: Kuala Lumpur->Seremban,0,3.139,101.6869,2.7297,101.9381,8,5,0.6797
2026-08-22T09:00:00,North-South Expressway (KL-JB),North-South Expressway (KL-JB) :: Kuala Lumpur->Seremban,0,3.139,101.6869,2.7297,101.9381,9,5,0.4426
2026-08-22T10:00:00,North-South Expressway (KL-JB),North-South Expressway (KL-JB) :: Kuala Lumpur->Seremban,0,3.139,101.6869,2.7297,101.9381,10,5,0.243
2026-08-22T11:00:00,North-South Expressway (KL-JB),North-South Expressway (KL-JB) :: Kuala Lumpur->Seremban,0,3.139,101.6869,2.7297,101.9381,11,5,0.2891
2026-08-22T12:00:00,North-South Expressway (KL-JB),North-South Expressway (KL-JB) :: Kuala Lumpur->Seremban,0,3.139,101.6869,2.7297,101.9381,12,5,0.283
2026-08-22T13:00:00,North-South Expressway (KL-JB),North-South Expressway (KL-JB) :: Kuala Lumpur->Seremban,0,3.139,101.6869,2.7297,101.9381,13,5,0.1615
2026-08-22T14:00:00,North-South Expressway (KL-JB),North-South Expressway (KL-JB) :: Kuala Lumpur->Seremban,0,3.139,101.6869,2.7297,101.9381,14,5,0.2366
2026-08-22T15:00:00,North-South Expressway (KL-JB),North-South Expressway (KL-JB) :: Kuala Lumpur->Seremban,0,3.139,101.6869,2.7297,101.9381,15,5,0.3124
2026-08-22T16:00:00,North-South Expressway (KL-JB),North-South Expressway (KL-JB) :: Kuala Lumpur->Seremban,0,3.139,101.6869,2.7297,101.9381,16,5,0.3151
2026-08-22T17:00:00,North-South Expressway (KL-JB),North-South Expressway (KL-JB) :: Kuala Lumpur->Seremban,0,3.139,101.6869,2.7297,101.9381,17,5,0.4968
2026-08-22T18:00:00,North-South Expressway (KL-JB),North-South Expressway (KL-JB) :: Kuala Lumpur->Seremban,0,3.139,101.6869,2.7297,101.9381,18,5,0.6814
2026-08-22T19:00:00,North-South Expressway (KL-JB),North-South Expressway (KL-JB) :: Kuala Lumpur->Seremban,0,3.139,101.6869,2.7297,101.9381,19,5,0.627
2026-08-22T20:00:00,North-South Expressway (KL-JB),North-South Expressway (KL-JB) :: Kuala Lumpur->Seremban,0,3.139,101.6869,2.7297,101.9381,20,5,0.3935
2026-08-22T21:00:00,North-South Expressway (KL-JB),North-South Expressway (KL-JB) :: Kuala Lumpur->Seremban,0,3.139,101.6869,2.7297,101.9381,21,5,0.1791
2026-08-22T22:00:00,North-South Expressway (KL-JB),North-South Expressway (KL-JB) :: Kuala Lumpur->Seremban,0,3.139,101.6869,2.7297,101.9381,22,5,0.2951
2026-08-22T23:00:00,North-South Expressway (KL-JB),North-South Expressway (KL-JB) :: Kuala Lumpur->Seremban,0,3.139,101.6869,2.7297,101.9381,23,5,0.1287
2026-08-23T00:00:00,North-South Expressway (KL-JB),North-South Expressway (KL-JB) :: Kuala Lumpur->Seremban,0,3.139,101.6869,2.7297,101.9381,0,6,0.1374
2026-08-23T01:00:00,North-South Expressway (KL-JB),North-South Expressway (KL-JB) :: Kuala Lumpur->Seremban,0,3.139,101.6869,2.7297,101.9381,1,6,0.178
2026-08-23T02:00:00,North-South Expressway (KL-JB),North-South Expressway (KL-JB) :: Kuala Lumpur->Seremban,0,3.139,101.6869,2.7297,101.9381,2,6,0.2508
2026-08-23T03:00:00,North-South Expressway (KL-JB),North-South Expressway (KL-JB) :: Kuala Lumpur->Seremban,0,3.139,101.6869,2.7297,101.9381,3,6,0.2095
2026-08-23T04:00:00,North-South Expressway (KL-JB),North-South Expressway (KL-JB) :: Kuala Lumpur->Seremban,0,3.139,101.6869,2.7297,101.9381,4,6,0.1898
2026-08-23T05:00:00,North-South Expressway (KL-JB),North-South Expressway (KL-JB) :: Kuala Lumpur->Seremban,0,3.139,101.6869,2.7297,101.9381,5,6,0.228
2026-08-23T06:00:00,North-South Expressway (KL-JB),North-South Expressway (KL-JB) :: Kuala Lumpur->Seremban,0,3.139,101.6869,2.7297,101.9381,6,6,0.3091
2026-08-23T07:00:00,North-South Expressway (KL-JB),North-South Expressway (KL-JB) :: Kuala Lumpur->Seremban,0,3.139,101.6869,2.7297,101.9381,7,6,0.5064
2026-08-23T08:00:00,North-South Expressway (KL-JB),North-South Expressway (KL-JB) :: Kuala Lumpur->Seremban,0,3.139,101.6869,2.7297,101.9381,8,6,0.4107
2026-08-23T09:00:00,North-South Expressway (KL-JB),North-South Expressway (KL-JB) :: Kuala Lumpur->Seremban,0,3.139,101.6869,2.7297,101.9381,9,6,0.4551
2026-08-23T10:00:00,North-South Expressway (KL-JB),North-South Expressway (KL-JB) :: Kuala Lumpur->Seremban,0,3.139,101.6869,2.7297,101.9381,10,6,0.321
2026-08-23T11:00:00,North-South Expressway (KL-JB),North-South Expressway (KL-JB) :: Kuala Lumpur->Seremban,0,3.139,101.6869,2.7297,101.9381,11,6,0.1312
2026-08-23T12:00:00,North-South Expressway (KL-JB),North-South Expressway (KL-JB) :: Kuala Lumpur->Seremban,0,3.139,101.6869,2.7297,101.9381,12,6,0.1884
2026-08-23T13:00:00,North-South Expressway (KL-JB),North-South Expressway (KL-JB) :: Kuala Lumpur->Seremban,0,3.139,101.6869,2.7297,101.9381,13,6,0.149
2026-08-23T14:00:00,North-South Expressway (KL-JB),North-South Expressway (KL-JB) :: Kuala Lumpur->Seremban,0,3.139,101.6869,2.7297,101.9381,14,6,0.2812
2026-08-23T15:00:00,North-South Expressway (KL-JB),North-South Expressway (KL-JB) :: Kuala Lumpur->Seremban,0,3.139,101.6869,2.7297,101.9381,15,6,0.3263
2026-08-23T16:00:00,North-South Expressway (KL-JB),North-South Expressway (KL-JB) :: Kuala Lumpur->Seremban,0,3.139,101.6869,2.7297,101.9381,16,6,0.3317
2026-08-23T17:00:00,North-South Expressway (KL-JB),North-South Expressway (KL-JB) :: Kuala Lumpur->Seremban,0,3.139,101.6869,2.7297,101.9381,17,6,0.5169
2026-08-23T18:00:00,North-South Expressway (KL-JB),North-South Expressway (KL-JB) :: Kuala Lumpur->Seremban,0,3.139,101.6869,2.7297,101.9381,18,6,0.6031
2026-08-23T19:00:00,North-South Expressway (KL-JB),North-South Expressway (KL-JB) :: Kuala Lumpur->Seremban,0,3.139,101.6869,2.7297,101.9381,19,6,0.4988
2026-08-23T20:00:00,North-South Expressway (KL-JB),North-South Expressway (KL-JB) :: Kuala Lumpur->Seremban,0,3.139,101.6869,2.7297,101.9381,20,6,0.3714
2026-08-23T21:00:00,North-South Expressway (KL-JB),North-South Expressway (KL-JB) :: Kuala Lumpur->Seremban,0,3.139,101.6869,2.7297,101.9381,21,6,0.1864
2026-08-23T22:00:00,North-South Expressway (KL-JB),North-South Expressway (KL-JB) :: Kuala Lumpur->Seremban,0,3.139,101.6869,2.7297,101.9381,22,6,0.108
2026-08-23T23:00:00,North-South Expressway (KL-JB),North-South Expressway (KL-JB) :: Kuala Lumpur->Seremban,0,3.139,101.6869,2.7297,101.9381,23,6,0.1979
2026-08-24T00:00:00,North-South Expressway (KL-JB),North-South Expressway (KL-JB) :: Kuala Lumpur->Seremban,0,3.139,101.6869,2.7297,101.9381,0,0,0.1953
2026-08-24T01:00:00,North-South Expressway (KL-JB),North-South Expressway (KL-JB) :: Kuala Lumpur->Seremban,0,3.139,101.6869,2.7297,101.9381,1,0,0.1092
2026-08-24T02:00:00,North-South Expressway (KL-JB),North-South Expressway (KL-JB) :: Kuala Lumpur->Seremban,0,3.139,101.6869,2.7297,101.9381,2,0,0.2113
2026-08-24T03:00:00,North-South Expressway (KL-JB),North-South Expressway (KL-JB) :: Kuala Lumpur->Seremban,0,3.139,101.6869,2.7297,101.9381,3,0,0.1204
2026-08-24T04:00:00,North-South Expressway (KL-JB),North-South Expressway (KL-JB) :: Kuala Lumpur->Seremban,0,3.139,101.6869,2.7297,101.9381,4,0,0.1801
2026-08-24T05:00:00,North-South Expressway (KL-JB),North-South Expressway (KL-JB) :: Kuala Lumpur->Seremban,0,3.139,101.6869,2.7297,101.9381,5,0,0.2494
2026-08-24T06:00:00,North-South Expressway (KL-JB),North-South Expressway (KL-JB) :: Kuala Lumpur->Seremban,0,3.139,101.6869,2.7297,101.9381,6,0,0.3045
2026-08-24T07:00:00,North-South Expressway (KL-JB),North-South Expressway (KL-JB) :: Kuala Lumpur->Seremban,0,3.139,101.6869,2.7297,101.9381,7,0,0.5002
2026-08-24T08:00:00,North-South Expressway (KL-JB),North-South Expressway (KL-JB) :: Kuala Lumpur->Seremban,0,3.139,101.6869,2.7297,101.9381,8,0,0.5315
2026-08-24T09:00:00,North-South Expressway (KL-JB),North-South Expressway (KL-JB) :: Kuala Lumpur->Seremban,0,3.139,101.6869,2.7297,101.9381,9,0,0.4611
2026-08-24T10:00:00,North-South Expressway (KL-JB),North-South Expressway (KL-JB) :: Kuala Lumpur->Seremban,0,3.139,101.6869,2.7297,101.9381,10,0,0.2941
2026-08-24T11:00:00,North-South Expressway (KL-JB),North-South Expressway (KL-JB) :: Kuala Lumpur->Seremban,0,3.139,101.6869,2.7297,101.9381,11,0,0.1554
2026-08-24T12:00:00,North-South Expressway (KL-JB),North-South Expressway (KL-JB) :: Kuala Lumpur->Seremban,0,3.139,101.6869,2.7297,101.9381,12,0,0.1546
2026-08-24T13:00:00,North-South Expressway (KL-JB),North-South Expressway (KL-JB) :: Kuala Lumpur->Seremban,0,3.139,101.6869,2.7297,101.9381,13,0,0.0684
2026-08-24T14:00:00,North-South Expressway (KL-JB),North-South Expressway (KL-JB) :: Kuala Lumpur->Seremban,0,3.139,101.6869,2.7297,101.9381,14,0,0.1464
2026-08-24T15:00:00,North-South Expressway (KL-JB),North-South Expressway (KL-JB) :: Kuala Lumpur->Seremban,0,3.139,101.6869,2.7297,101.9381,15,0,0.2148
2026-08-24T16:00:00,North-South Expressway (KL-JB),North-South Expressway (KL-JB) :: Kuala Lumpur->Seremban,0,3.139,101.6869,2.7297,101.9381,16,0,0.3443
2026-08-24T17:00:00,North-South Expressway (KL-JB),North-South Expressway (KL-JB) :: Kuala Lumpur->Seremban,0,3.139,101.6869,2.7297,101.9381,17,0,0.5114
2026-08-24T18:00:00,North-South Expressway (KL-JB),North-South Expressway (KL-JB) :: Kuala Lumpur->Seremban,0,3.139,101.6869,2.7297,101.9381,18,0,0.6038
2026-08-24T19:00:00,North-South Expressway (KL-JB),North-South Expressway (KL-JB) :: Kuala Lumpur->Seremban,0,3.139,101.6869,2.7297,101.9381,19,0,0.5547
2026-08-24T20:00:00,North-South Expressway (KL-JB),North-South Expressway (KL-JB) :: Kuala Lumpur->Seremban,0,3.139,101.6869,2.7297,101.9381,20,0,0.4122
2026-08-24T21:00:00,North-South Expressway (KL-JB),North-South Expressway (KL-JB) :: Kuala Lumpur->Seremban,0,3.139,101.6869,2.7297,101.9381,21,0,0.1929
2026-08-24T22:00:00,North-South Expressway (KL-JB),North-South Expressway (KL-JB) :: Kuala Lumpur->Seremban,0,3.139,101.6869,2.7297,101.9381,22,0,0.1037
2026-08-24T23:00:00,North-South Expressway (KL-JB),North-South Expressway (KL-JB) :: Kuala Lumpur->Seremban,0,3.139,101.6869,2.7297,101.9381,23,0,0.098
2026-08-25T00:00:00,North-South Expressway (KL-JB),North-South Expressway (KL-JB) :: Kuala Lumpur->Seremban,0,3.139,101.6869,2.7297,101.9381,0,1,0.1283
2026-08-25T01:00:00,North-South Expressway (KL-JB),North-South Expressway (KL-JB) :: Kuala Lumpur->Seremban,0,3.139,101.6869,2.7297,101.9381,1,1,0.1364
2026-08-25T02:00:00,North-South Expressway (KL-JB),North-South Expressway (KL-JB) :: Kuala Lumpur->Seremban,0,3.139,101.6869,2.7297,101.9381,2,1,0.1114
2026-08-25T03:00:00,North-South Expressway (KL-JB),North-South Expressway (KL-JB) :: Kuala Lumpur->Seremban,0,3.139,101.6869,2.7297,101.9381,3,1,0.0805
2026-08-25T04:00:00,North-South Expressway (KL-JB),North-South Expressway (KL-JB) :: Kuala Lumpur->Seremban,0,3.139,101.6869,2.7297,101.9381,4,1,0.1376
2026-08-25T05:00:00,North-South Expressway (KL-JB),North-South Expressway (KL-JB) :: Kuala Lumpur->Seremban,0,3.139,101.6869,2.7297,101.9381,5,1,0.2111
2026-08-25T06:00:00,North-South Expressway (KL-JB),North-South Expressway (KL-JB) :: Kuala Lumpur->Seremban,0,3.139,101.6869,2.7297,101.9381,6,1,0.3422
2026-08-25T07:00:00,North-South Expressway (KL-JB),North-South Expressway (KL-JB) :: Kuala Lumpur->Seremban,0,3.139,101.6869,2.7297,101.9381,7,1,0.4395
2026-08-25T08:00:00,North-South Expressway (KL-JB),North-South Expressway (KL-JB) :: Kuala Lumpur->Seremban,0,3.139,101.6869,2.7297,101.9381,8,1,0.5377
2026-08-25T09:00:00,North-South Expressway (KL-JB),North-South Expressway (KL-JB) :: Kuala Lumpur->Seremban,0,3.139,101.6869,2.7297,101.9381,9,1,0.4173
2026-08-25T10:00:00,North-South Expressway (KL-JB),North-South Expressway (KL-JB) :: Kuala Lumpur->Seremban,0,3.139,101.6869,2.7297,101.9381,10,1,0.3046
2026-08-25T11:00:00,North-South Expressway (KL-JB),North-South Expressway (KL-JB) :: Kuala Lumpur->Seremban,0,3.139,101.6869,2.7297,101.9381,11,1,0.1493
2026-08-25T12:00:00,North-South Expressway (KL-JB),North-South Expressway (KL-JB) :: Kuala Lumpur->Seremban,0,3.139,101.6869,2.7297,101.9381,12,1,0.1996
2026-08-25T13:00:00,North-South Expressway (KL-JB),North-South Expressway (KL-JB) :: Kuala Lumpur->Seremban,0,3.139,101.6869,2.7297,101.9381,13,1,0.0542
2026-08-25T14:00:00,North-South Expressway (KL-JB),North-South Expressway (KL-JB) :: Kuala Lumpur->Seremban,0,3.139,101.6869,2.7297,101.9381,14,1,0.1543
2026-08-25T15:00:00,North-South Expressway (KL-JB),North-South Expressway (KL-JB) :: Kuala Lumpur->Seremban,0,3.139,101.6869,2.7297,101.9381,15,1,0.25
2026-08-25T16:00:00,North-South Expressway (KL-JB),North-South Expressway (KL-JB) :: Kuala Lumpur->Seremban,0,3.139,101.6869,2.7297,101.9381,16,1,0.3707
2026-08-25T17:00:00,North-South Expressway (KL-JB),North-South Expressway (KL-JB) :: Kuala Lumpur->Seremban,0,3.139,101.6869,2.7297,101.9381,17,1,0.6875
2026-08-25T18:00:00,North-South Expressway (KL-JB),North-South Expressway (KL-JB) :: Kuala Lumpur->Seremban,0,3.139,101.6869,2.7297,101.9381,18,1,0.6285
2026-08-25T19:00:00,North-South Expressway (KL-JB),North-South Expressway (KL-JB) :: Kuala Lumpur->Seremban,0,3.139,101.6869,2.7297,101.9381,19,1,0.4657
2026-08-25T20:00:00,North-South Expressway (KL-JB),North-South Expressway (KL-JB) :: Kuala Lumpur->Seremban,0,3.139,101.6869,2.7297,101.9381,20,1,0.354
2026-08-25T21:00:00,North-South Expressway (KL-JB),North-South Expressway (KL-JB) :: Kuala Lumpur->Seremban,0,3.139,101.6869,2.7297,101.9381,21,1,0.1253
2026-08-25T22:00:00,North-South Expressway (KL-JB),North-South Expressway (KL-JB) :: Kuala Lumpur->Seremban,0,3.139,101.6869,2.7297,101.9381,22,1,0.171
2026-08-25T23:00:00,North-South Expressway (KL-JB),North-South Expressway (KL-JB) :: Kuala Lumpur->Seremban,0,3.139,101.6869,2.7297,101.9381,23,1,0.1105
2026-08-26T00:00:00,North-South Expressway (KL-JB),North-South Expressway (KL-JB) :: Kuala Lumpur->Seremban,0,3.139,101.6869,2.7297,101.9381,0,2,0.2124
2026-08-26T01:00:00,North-South Expressway (KL-JB),North-South Expressway (KL-JB) :: Kuala Lumpur->Seremban,0,3.139,101.6869,2.7297,101.9381,1,2,0.1245
2026-08-26T02:00:00,North-South Expressway (KL-JB),North-South Expressway (KL-JB) :: Kuala Lumpur->Seremban,0,3.139,101.6869,2.7297,101.9381,2,2,0.1505
2026-08-26T03:00:00,North-South Expressway (KL-JB),North-South Expressway (KL-JB) :: Kuala Lumpur->Seremban,0,3.139,101.6869,2.7297,101.9381,3,2,0.1201
2026-08-26T04:00:00,North-South Expressway (KL-JB),North-South Expressway (KL-JB) :: Kuala Lumpur->Seremban,0,3.139,101.6869,2.7297,101.9381,4,2,0.2692
2026-08-26T05:00:00,North-South Expressway (KL-JB),North-South Expressway (KL-JB) :: Kuala Lumpur->Seremban,0,3.139,101.6869,2.7297,101.9381,5,2,0.1809
2026-08-26T06:00:00,North-South Expressway (KL-JB),North-South Expressway (KL-JB) :: Kuala Lumpur->Seremban,0,3.139,101.6869,2.7297,101.9381,6,2,0.4164
2026-08-26T07:00:00,North-South Expressway (KL-JB),North-South Expressway (KL-JB) :: Kuala Lumpur->Seremban,0,3.139,101.6869,2.7297,101.9381,7,2,0.5218
2026-08-26T08:00:00,North-South Expressway (KL-JB),North-South Expressway (KL-JB) :: Kuala Lumpur->Seremban,0,3.139,101.6869,2.7297,101.9381,8,2,0.5914
2026-08-26T09:00:00,North-South Expressway (KL-JB),North-South Expressway (KL-JB) :: Kuala Lumpur->Seremban,0,3.139,101.6869,2.7297,101.9381,9,2,0.495
2026-08-26T10:00:00,North-South Expressway (KL-JB),North-South Expressway (KL-JB) :: Kuala Lumpur->Seremban,0,3.139,101.6869,2.7297,101.9381,10,2,0.3301
2026-08-26T11:00:00,North-South Expressway (KL-JB),North-South Expressway (KL-JB) :: Kuala Lumpur->Seremban,0,3.139,101.6869,2.7297,101.9381,11,2,0.0846
2026-08-26T12:00:00,North-South Expressway (KL-JB),North-South Expressway (KL-JB) :: Kuala Lumpur->Seremban,0,3.139,101.6869,2.7297,101.9381,12,2,0.1485
2026-08-26T13:00:00,North-South Expressway (KL-JB),North-South Expressway (KL-JB) :: Kuala Lumpur->Seremban,0,3.139,101.6869,2.7297,101.9381,13,2,0.212
2026-08-26T14:00:00,North-South Expressway (KL-JB),North-South Expressway (KL-JB) :: Kuala Lumpur->Seremban,0,3.139,101.6869,2.7297,101.9381,14,2,0.173
2026-08-26T15:00:00,North-South Expressway (KL-JB),North-South Expressway (KL-JB) :: Kuala Lumpur->Seremban,0,3.139,101.6869,2.7297,101.9381,15,2,0.1476
2026-08-26T16:00:00,North-South Expressway (KL-JB),North-South Expressway (KL-JB) :: Kuala Lumpur->Seremban,0,3.139,101.6869,2.7297,101.9381,16,2,0.3566
2026-08-26T17:00:00,North-South Expressway (KL-JB),North-South Expressway (KL-JB) :: Kuala Lumpur->Seremban,0,3.139,101.6869,2.7297,101.9381,17,2,0.6282
2026-08-26T18:00:00,North-South Expressway (KL-JB),North-South Expressway (KL-JB) :: Kuala Lumpur->Seremban,0,3.139,101.6869,2.7297,101.9381,18,2,0.6823
2026-08-26T19:00:00,North-South Expressway (KL-JB),North-South Expressway (KL-JB) :: Kuala Lumpur->Seremban,0,3.139,101.6869,2.7297,101.9381,19,2,0.5222
2026-08-26T20:00:00,North-South Expressway (KL-JB),North-South Expressway (KL-JB) :: Kuala Lumpur->Seremban,0,3.139,101.6869,2.7297,101.9381,20,2,0.4168
2026-08-26T21:00:00,North-South Expressway (KL-JB),North-South Expressway (KL-JB) :: Kuala Lumpur->Seremban,0,3.139,101.6869,2.7297,101.9381,21,2,0.2099
2026-08-26T22:00:00,North-South Expressway (KL-JB),North-South Expressway (KL-JB) :: Kuala Lumpur->Seremban,0,3.139,101.6869,2.7297,101.9381,22,2,0.0736
2026-08-26T23:00:00,North-South Expressway (KL-JB),North-South Expressway (KL-JB) :: Kuala Lumpur->Seremban,0,3.139,101.6869,2.7297,101.9381,23,2,0.1051
2026-08-27T00:00:00,North-South Expressway (KL-JB),North-South Expressway (KL-JB) :: Kuala Lumpur->Seremban,0,3.139,101.6869,2.7297,101.9381,0,3,0.2513
2026-08-27T01:00:00,North-South Expressway (KL-JB),North-South Expressway (KL-JB) :: Kuala Lumpur->Seremban,0,3.139,101.6869,2.7297,101.9381,1,3,0.1411
2026-08-27T02:00:00,North-South Expressway (KL-JB),North-South Expressway (KL-JB) :: Kuala Lumpur->Seremban,0,3.139,101.6869,2.7297,101.9381,2,3,0.1429
2026-08-27T03:00:00,North-South Expressway (KL-JB),North-South Expressway (KL-JB) :: Kuala Lumpur->Seremban,0,3.139,101.6869,2.7297,101.9381,3,3,0.1403
2026-08-27T04:00:00,North-South Expressway (KL-JB),North-South Expressway (KL-JB) :: Kuala Lumpur->Seremban,0,3.139,101.6869,2.7297,101.9381,4,3,0.2792
2026-08-27T05:00:00,North-South Expressway (KL-JB),North-South Expressway (KL-JB) :: Kuala Lumpur->Seremban,0,3.139,101.6869,2.7297,101.9381,5,3,0.2977
2026-08-27T06:00:00,North-South Expressway (KL-JB),North-South Expressway (KL-JB) :: Kuala Lumpur->Seremban,0,3.139,101.6869,2.7297,101.9381,6,3,0.4396
2026-08-27T07:00:00,North-South Expressway (KL-JB),North-South Expressway (KL-JB) :: Kuala Lumpur->Seremban,0,3.139,101.6869,2.7297,101.9381,7,3,0.4634
2026-08-27T08:00:00,North-South Expressway (KL-JB),North-South Expressway (KL-JB) :: Kuala Lumpur->Seremban,0,3.139,101.6869,2.7297,101.9381,8,3,0.5802
2026-08-27T09:00:00,North-South Expressway (KL-JB),North-South Expressway (KL-JB) :: Kuala Lumpur->Seremban,0,3.139,101.6869,2.7297,101.9381,9,3,0.3819
2026-08-27T10:00:00,North-South Expressway (KL-JB),North-South Expressway (KL-JB) :: Kuala Lumpur->Seremban,0,3.139,101.6869,2.7297,101.9381,10,3,0.3951
2026-08-27T11:00:00,North-South Expressway (KL-JB),North-South Expressway (KL-JB) :: Kuala Lumpur->Seremban,0,3.139,101.6869,2.7297,101.9381,11,3,0.1301
2026-08-27T12:00:00,North-South Expressway (KL-JB),North-South Expressway (KL-JB) :: Kuala Lumpur->Seremban,0,3.139,101.6869,2.7297,101.9381,12,3,0.1783
2026-08-27T13:00:00,North-South Expressway (KL-JB),North-South Expressway (KL-JB) :: Kuala Lumpur->Seremban,0,3.139,101.6869,2.7297,101.9381,13,3,0.0955
2026-08-27T14:00:00,North-South Expressway (KL-JB),North-South Expressway (KL-JB) :: Kuala Lumpur->Seremban,0,3.139,101.6869,2.7297,101.9381,14,3,0.1406
2026-08-27T15:00:00,North-South Expressway (KL-JB),North-South Expressway (KL-JB) :: Kuala Lumpur->Seremban,0,3.139,101.6869,2.7297,101.9381,15,3,0.1817
2026-08-27T16:00:00,North-South Expressway (KL-JB),North-South Expressway (KL-JB) :: Kuala Lumpur->Seremban,0,3.139,101.6869,2.7297,101.9381,16,3,0.3232
2026-08-27T17:00:00,North-South Expressway (KL-JB),North-South Expressway (KL-JB) :: Kuala Lumpur->Seremban,0,3.139,101.6869,2.7297,101.9381,17,3,0.4936
2026-08-27T18:00:00,North-South Expressway (KL-JB),North-South Expressway (KL-JB) :: Kuala Lumpur->Seremban,0,3.139,101.6869,2.7297,101.9381,18,3,0.5746
2026-08-27T19:00:00,North-South Expressway (KL-JB),North-South Expressway (KL-JB) :: Kuala Lumpur->Seremban,0,3.139,101.6869,2.7297,101.9381,19,3,0.5759
2026-08-27T20:00:00,North-South Expressway (KL-JB),North-South Expressway (KL-JB) :: Kuala Lumpur->Seremban,0,3.139,101.6869,2.7297,101.9381,20,3,0.2934
2026-08-27T21:00:00,North-South Expressway (KL-JB),North-South Expressway (KL-JB) :: Kuala Lumpur->Seremban,0,3.139,101.6869,2.7297,101.9381,21,3,0.2451
2026-08-27T22:00:00,North-South Expressway (KL-JB),North-South Expressway (KL-JB) :: Kuala Lumpur->Seremban,0,3.139,101.6869,2.7297,101.9381,22,3,0.2489
2026-08-27T23:00:00,North-South Expressway (KL-JB),North-South Expressway (KL-JB) :: Kuala Lumpur->Seremban,0,3.139,101.6869,2.7297,101.9381,23,3,0.1297
2026-08-28T00:00:00,North-South Expressway (KL-JB),North-South Expressway (KL-JB) :: Kuala Lumpur->Seremban,0,3.139,101.6869,2.7297,101.9381,0,4,0.1144
2026-08-28T01:00:00,North-South Expressway (KL-JB),North-South Expressway (KL-JB) :: Kuala Lumpur->Seremban,0,3.139,101.6869,2.7297,101.9381,1,4,0.1437
2026-08-28T02:00:00,North-South Expressway (KL-JB),North-South Expressway (KL-JB) :: Kuala Lumpur->Seremban,0,3.139,101.6869,2.7297,101.9381,2,4,0.2283
2026-08-28T03:00:00,North-South Expressway (KL-JB),North-South Expressway (KL-JB) :: Kuala Lumpur->Seremban,0,3.139,101.6869,2.7297,101.9381,3,4,0.1699
2026-08-28T04:00:00,North-South Expressway (KL-JB),North-South Expressway (KL-JB) :: Kuala Lumpur->Seremban,0,3.139,101.6869,2.7297,101.9381,4,4,0.133
2026-08-28T05:00:00,North-South Expressway (KL-JB),North-South Expressway (KL-JB) :: Kuala Lumpur->Seremban,0,3.139,101.6869,2.7297,101.9381,5,4,0.2292
2026-08-28T06:00:00,North-South Expressway (KL-JB),North-South Expressway (KL-JB) :: Kuala Lumpur->Seremban,0,3.139,101.6869,2.7297,101.9381,6,4,0.2404
2026-08-28T07:00:00,North-South Expressway (KL-JB),North-South Expressway (KL-JB) :: Kuala Lumpur->Seremban,0,3.139,101.6869,2.7297,101.9381,7,4,0.5138
2026-08-28T08:00:00,North-South Expressway (KL-JB),North-South Expressway (KL-JB) :: Kuala Lumpur->Seremban,0,3.139,101.6869,2.7297,101.9381,8,4,0.587
2026-08-28T09:00:00,North-South Expressway (KL-JB),North-South Expressway (KL-JB) :: Kuala Lumpur->Seremban,0,3.139,101.6869,2.7297,101.9381,9,4,0.4544
2026-08-28T10:00:00,North-South Expressway (KL-JB),North-South Expressway (KL-JB) :: Kuala Lumpur->Seremban,0,3.139,101.6869,2.7297,101.9381,10,4,0.2562
2026-08-28T11:00:00,North-South Expressway (KL-JB),North-South Expressway (KL-JB) :: Kuala Lumpur->Seremban,0,3.139,101.6869,2.7297,101.9381,11,4,0.147
2026-08-28T12:00:00,North-South Expressway (KL-JB),North-South Expressway (KL-JB) :: Kuala Lumpur->Seremban,0,3.139,101.6869,2.7297,101.9381,12,4,0.1973
2026-08-28T13:00:00,North-South Expressway (KL-JB),North-South Expressway (KL-JB) :: Kuala Lumpur->Seremban,0,3.139,101.6869,2.7297,101.9381,13,4,0.2351
2026-08-28T14:00:00,North-South Expressway (KL-JB),North-South Expressway (KL-JB) :: Kuala Lumpur->Seremban,0,3.139,101.6869,2.7297,101.9381,14,4,0.1377
2026-08-28T15:00:00,North-South Expressway (KL-JB),North-South Expressway (KL-JB) :: Kuala Lumpur->Seremban,0,3.139,101.6869,2.7297,101.9381,15,4,0.2594
2026-08-28T16:00:00,North-South Expressway (KL-JB),North-South Expressway (KL-JB) :: Kuala Lumpur->Seremban,0,3.139,101.6869,2.7297,101.9381,16,4,0.2345
2026-08-28T17:00:00,North-South Expressway (KL-JB),North-South Expressway (KL-JB) :: Kuala Lumpur->Seremban,0,3.139,101.6869,2.7297,101.9381,17,4,0.4909
2026-08-28T18:00:00,North-South Expressway (KL-JB),North-South Expressway (KL-JB) :: Kuala Lumpur->Seremban,0,3.139,101.6869,2.7297,101.9381,18,4,0.6056
2026-08-28T19:00:00,North-South Expressway (KL-JB),North-South Expressway (KL-JB) :: Kuala Lumpur->Seremban,0,3.139,101.6869,2.7297,101.9381,19,4,0.4713
2026-08-28T20:00:00,North-South Expressway (KL-JB),North-South Expressway (KL-JB) :: Kuala Lumpur->Seremban,0,3.139,101.6869,2.7297,101.9381,20,4,0.3035
2026-08-28T21:00:00,North-South Expressway (KL-JB),North-South Expressway (KL-JB) :: Kuala Lumpur->Seremban,0,3.139,101.6869,2.7297,101.9381,21,4,0.1918
2026-08-28T22:00:00,North-South Expressway (KL-JB),North-South Expressway (KL-JB) :: Kuala Lumpur->Seremban,0,3.139,101.6869,2.7297,101.9381,22,4,0.1934
2026-08-28T23:00:00,North-South Expressway (KL-JB),North-South Expressway (KL-JB) :: Kuala Lumpur->Seremban,0,3.139,101.6869,2.7297,101.9381,23,4,0.1493
2026-07-30T00:00:00,North-South Expressway (KL-JB),North-South Expressway (KL-JB) :: Seremban->Johor Bahru,1,2.7297,101.9381,1.4927,103.7414,0,3,0.0232
2026-07-30T01:00:00,North-South Expressway (KL-JB),North-South Expressway (KL-JB) :: Seremban->Johor Bahru,1,2.7297,101.9381,1.4927,103.7414,1,3,0.0303
2026-07-30T02:00:00,North-South Expressway (KL-JB),North-South Expressway (KL-JB) :: Seremban->Johor Bahru,1,2.7297,101.9381,1.4927,103.7414,2,3,0.1211
2026-07-30T03:00:00,North-South Expressway (KL-JB),North-South Expressway (KL-JB) :: Seremban->Johor Bahru,1,2.7297,101.9381,1.4927,103.7414,3,3,0.1857
2026-07-30T04:00:00,North-South Expressway (KL-JB),North-South Expressway (KL-JB) :: Seremban->Johor Bahru,1,2.7297,101.9381,1.4927,103.7414,4,3,0.0001
2026-07-30T05:00:00,North-South Expressway (KL-JB),North-South Expressway (KL-JB) :: Seremban->Johor Bahru,1,2.7297,101.9381,1.4927,103.7414,5,3,0.1702
2026-07-30T06:00:00,North-South Expressway (KL-JB),North-South Expressway (KL-JB) :: Seremban->Johor Bahru,1,2.7297,101.9381,1.4927,103.7414,6,3,0.2749
2026-07-30T07:00:00,North-South Expressway (KL-JB),North-South Expressway (KL-JB) :: Seremban->Johor Bahru,1,2.7297,101.9381,1.4927,103.7414,7,3,0.5562
2026-07-30T08:00:00,North-South Expressway (KL-JB),North-South Expressway (KL-JB) :: Seremban->Johor Bahru,1,2.7297,101.9381,1.4927,103.7414,8,3,0.5394
2026-07-30T09:00:00,North-South Expressway (KL-JB),North-South Expressway (KL-JB) :: Seremban->Johor Bahru,1,2.7297,101.9381,1.4927,103.7414,9,3,0.4959
2026-07-30T10:00:00,North-South Expressway (KL-JB),North-South Expressway (KL-JB) :: Seremban->Johor Bahru,1,2.7297,101.9381,1.4927,103.7414,10,3,0.315
2026-07-30T11:00:00,North-South Expressway (KL-JB),North-South Expressway (KL-JB) :: Seremban->Johor Bahru,1,2.7297,101.9381,1.4927,103.7414,11,3,0.0724
2026-07-30T12:00:00,North-South Expressway (KL-JB),North-South Expressway (KL-JB) :: Seremban->Johor Bahru,1,2.7297,101.9381,1.4927,103.7414,12,3,0.2113
2026-07-30T13:00:00,North-South Expressway (KL-JB),North-South Expressway (KL-JB) :: Seremban->Johor Bahru,1,2.7297,101.9381,1.4927,103.7414,13,3,0.1742
2026-07-30T14:00:00,North-South Expressway (KL-JB),North-South Expressway (KL-JB) :: Seremban->Johor Bahru,1,2.7297,101.9381,1.4927,103.7414,14,3,0.2064
2026-07-30T15:00:00,North-South Expressway (KL-JB),North-South Expressway (KL-JB) :: Seremban->Johor Bahru,1,2.7297,101.9381,1.4927,103.7414,15,3,0.4675
2026-07-30T16:00:00,North-South Expressway (KL-JB),North-South Expressway (KL-JB) :: Seremban->Johor Bahru,1,2.7297,101.9381,1.4927,103.7414,16,3,0.2347
2026-07-30T17:00:00,North-South Expressway (KL-JB),North-South Expressway (KL-JB) :: Seremban->Johor Bahru,1,2.7297,101.9381,1.4927,103.7414,17,3,0.6294
2026-07-30T18:00:00,North-South Expressway (KL-JB),North-South Expressway (KL-JB) :: Seremban->Johor Bahru,1,2.7297,101.9381,1.4927,103.7414,18,3,0.5903
2026-07-30T19:00:00,North-South Expressway (KL-JB),North-South Expressway (KL-JB) :: Seremban->Johor Bahru,1,2.7297,101.9381,1.4927,103.7414,19,3,0.5432
2026-07-30T20:00:00,North-South Expressway (KL-JB),North-South Expressway (KL-JB) :: Seremban->Johor Bahru,1,2.7297,101.9381,1.4927,103.7414,20,3,0.357
2026-07-30T21:00:00,North-South Expressway (KL-JB),North-South Expressway (KL-JB) :: Seremban->Johor Bahru,1,2.7297,101.9381,1.4927,103.7414,21,3,0.2064
2026-07-30T22:00:00,North-South Expressway (KL-JB),North-South Expressway (KL-JB) :: Seremban->Johor Bahru,1,2.7297,101.9381,1.4927,103.7414,22,3,0.1417
2026-07-30T23:00:00,North-South Expressway (KL-JB),North-South Expressway (KL-JB) :: Seremban->Johor Bahru,1,2.7297,101.9381,1.4927,103.7414,23,3,0.1803
2026-07-31T00:00:00,North-South Expressway (KL-JB),North-South Expressway (KL-JB) :: Seremban->Johor Bahru,1,2.7297,101.9381,1.4927,103.7414,0,4,0.0665
2026-07-31T01:00:00,North-South Expressway (KL-JB),North-South Expressway (KL-JB) :: Seremban->Johor Bahru,1,2.7297,101.9381,1.4927,103.7414,1,4,0.2025
2026-07-31T02:00:00,North-South Expressway (KL-JB),North-South Expressway (KL-JB) :: Seremban->Johor Bahru,1,2.7297,101.9381,1.4927,103.7414,2,4,0.1326
2026-07-31T03:00:00,North-South Expressway (KL-JB),North-South Expressway (KL-JB) :: Seremban->Johor Bahru,1,2.7297,101.9381,1.4927,103.7414,3,4,0.0905
2026-07-31T04:00:00,North-South Expressway (KL-JB),North-South Expressway (KL-JB) :: Seremban->Johor Bahru,1,2.7297,101.9381,1.4927,103.7414,4,4,0.1379
2026-07-31T05:00:00,North-South Expressway (KL-JB),North-South Expressway (KL-JB) :: Seremban->Johor Bahru,1,2.7297,101.9381,1.4927,103.7414,5,4,0.2756
2026-07-31T06:00:00,North-South Expressway (KL-JB),North-South Expressway (KL-JB) :: Seremban->Johor Bahru,1,2.7297,101.9381,1.4927,103.7414,6,4,0.2744
2026-07-31T07:00:00,North-South Expressway (KL-JB),North-South Expressway (KL-JB) :: Seremban->Johor Bahru,1,2.7297,101.9381,1.4927,103.7414,7,4,0.4944
2026-07-31T08:00:00,North-South Expressway (KL-JB),North-South Expressway (KL-JB) :: Seremban->Johor Bahru,1,2.7297,101.9381,1.4927,103.7414,8,4,0.5186
2026-07-31T09:00:00,North-South Expressway (KL-JB),North-South Expressway (KL-JB) :: Seremban->Johor Bahru,1,2.7297,101.9381,1.4927,103.7414,9,4,0.5184
2026-07-31T10:00:00,North-South Expressway (KL-JB),North-South Expressway (KL-JB) :: Seremban->Johor Bahru,1,2.7297,101.9381,1.4927,103.7414,10,4,0.3476
2026-07-31T11:00:00,North-South Expressway (KL-JB),North-South Expressway (KL-JB) :: Seremban->Johor Bahru,1,2.7297,101.9381,1.4927,103.7414,11,4,0.3111
2026-07-31T12:00:00,North-South Expressway (KL-JB),North-South Expressway (KL-JB) :: Seremban->Johor Bahru,1,2.7297,101.9381,1.4927,103.7414,12,4,0.1547
2026-07-31T13:00:00,North-South Expressway (KL-JB),North-South Expressway (KL-JB) :: Seremban->Johor Bahru,1,2.7297,101.9381,1.4927,103.7414,13,4,0.2014
2026-07-31T14:00:00,North-South Expressway (KL-JB),North-South Expressway (KL-JB) :: Seremban->Johor Bahru,1,2.7297,101.9381,1.4927,103.7414,14,4,0.1818
2026-07-31T15:00:00,North-South Expressway (KL-JB),North-South Expressway (KL-JB) :: Seremban->Johor Bahru,1,2.7297,101.9381,1.4927,103.7414,15,4,0.3096
2026-07-31T16:00:00,North-South Expressway (KL-JB),North-South Expressway (KL-JB) :: Seremban->Johor Bahru,1,2.7297,101.9381,1.4927,103.7414,16,4,0.3166
2026-07-31T17:00:00,North-South Expressway (KL-JB),North-South Expressway (KL-JB) :: Seremban->Johor Bahru,1,2.7297,101.9381,1.4927,103.7414,17,4,0.5706
2026-07-31T18:00:00,North-South Expressway (KL-JB),North-South Expressway (KL-JB) :: Seremban->Johor Bahru,1,2.7297,101.9381,1.4927,103.7414,18,4,0.5958
2026-07-31T19:00:00,North-South Expressway (KL-JB),North-South Expressway (KL-JB) :: Seremban->Johor Bahru,1,2.7297,101.9381,1.4927,103.7414,19,4,0.5221
2026-07-31T20:00:00,North-South Expressway (KL-JB),North-South Expressway (KL-JB) :: Seremban->Johor Bahru,1,2.7297,101.9381,1.4927,103.7414,20,4,0.3652
2026-07-31T21:00:00,North-South Expressway (KL-JB),North-South Expressway (KL-JB) :: Seremban->Johor Bahru,1,2.7297,101.9381,1.4927,103.7414,21,4,0.247
2026-07-31T22:00:00,North-South Expressway (KL-JB),North-South Expressway (KL-JB) :: Seremban->Johor Bahru,1,2.7297,101.9381,1.4927,103.7414,22,4,0.1689
2026-07-31T23:00:00,North-South Expressway (KL-JB),North-South Expressway (KL-JB) :: Seremban->Johor Bahru,1,2.7297,101.9381,1.4927,103.7414,23,4,0.1734
2026-08-01T00:00:00,North-South Expressway (KL-JB),North-South Expressway (KL-JB) :: Seremban->Johor Bahru,1,2.7297,101.9381,1.4927,103.7414,0,5,0.2522
2026-08-01T01:00:00,North-South Expressway (KL-JB),North-South Expressway (KL-JB) :: Seremban->Johor Bahru,1,2.7297,101.9381,1.4927,103.7414,1,5,0.2166
2026-08-01T02:00:00,North-South Expressway (KL-JB),North-South Expressway (KL-JB) :: Seremban->Johor Bahru,1,2.7297,101.9381,1.4927,103.7414,2,5,0.2097
2026-08-01T03:00:00,North-South Expressway (KL-JB),North-South Expressway (KL-JB) :: Seremban->Johor Bahru,1,2.7297,101.9381,1.4927,103.7414,3,5,0.1309
2026-08-01T04:00:00,North-South Expressway (KL-JB),North-South Expressway (KL-JB) :: Seremban->Johor Bahru,1,2.7297,101.9381,1.4927,103.7414,4,5,0.1116
2026-08-01T05:00:00,North-South Expressway (KL-JB),North-South Expressway (KL-JB) :: Seremban->Johor Bahru,1,2.7297,101.9381,1.4927,103.7414,5,5,0.2575
2026-08-01T06:00:00,North-South Expressway (KL-JB),North-South Expressway (KL-JB) :: Seremban->Johor Bahru,1,2.7297,101.9381,1.4927,103.7414,6,5,0.3591
2026-08-01T07:00:00,North-South Expressway (KL-JB),North-South Expressway (KL-JB) :: Seremban->Johor Bahru,1,2.7297,101.9381,1.4927,103.7414,7,5,0.5613
2026-08-01T08:00:00,North-South Expressway (KL-JB),North-South Expressway (KL-JB) :: Seremban->Johor Bahru,1,2.7297,101.9381,1.4927,103.7414,8,5,0.5263
2026-08-01T09:00:00,North-South Expressway (KL-JB),North-South Expressway (KL-JB) :: Seremban->Johor Bahru,1,2.7297,101.9381,1.4927,103.7414,9,5,0.4591
2026-08-01T10:00:00,North-South Expressway (KL-JB),North-South Expressway (KL-JB) :: Seremban->Johor Bahru,1,2.7297,101.9381,1.4927,103.7414,10,5,0.2081
2026-08-01T11:00:00,North-South Expressway (KL-JB),North-South Expressway (KL-JB) :: Seremban->Johor Bahru,1,2.7297,101.9381,1.4927,103.7414,11,5,0.1767
2026-08-01T12:00:00,North-South Expressway (KL-JB),North-South Expressway (KL-JB) :: Seremban->Johor Bahru,1,2.7297,101.9381,1.4927,103.7414,12,5,0.225
2026-08-01T13:00:00,North-South Expressway (KL-JB),North-South Expressway (KL-JB) :: Seremban->Johor Bahru,1,2.7297,101.9381,1.4927,103.7414,13,5,0.1333
2026-08-01T14:00:00,North-South Expressway (KL-JB),North-South Expressway (KL-JB) :: Seremban->Johor Bahru,1,2.7297,101.9381,1.4927,103.7414,14,5,0.2143
2026-08-01T15:00:00,North-South Expressway (KL-JB),North-South Expressway (KL-JB) :: Seremban->Johor Bahru,1,2.7297,101.9381,1.4927,103.7414,15,5,0.2205
2026-08-01T16:00:00,North-South Expressway (KL-JB),North-South Expressway (KL-JB) :: Seremban->Johor Bahru,1,2.7297,101.9381,1.4927,103.7414,16,5,0.3791
2026-08-01T17:00:00,North-South Expressway (KL-JB),North-South Expressway (KL-JB) :: Seremban->Johor Bahru,1,2.7297,101.9381,1.4927,103.7414,17,5,0.4571
2026-08-01T18:00:00,North-South Expressway (KL-JB),North-South Expressway (KL-JB) :: Seremban->Johor Bahru,1,2.7297,101.9381,1.4927,103.7414,18,5,0.6126
2026-08-01T19:00:00,North-South Expressway (KL-JB),North-South Expressway (KL-JB) :: Seremban->Johor Bahru,1,2.7297,101.9381,1.4927,103.7414,19,5,0.3465
2026-08-01T20:00:00,North-South Expressway (KL-JB),North-South Expressway (KL-JB) :: Seremban->Johor Bahru,1,2.7297,101.9381,1.4927,103.7414,20,5,0.3485
2026-08-01T21:00:00,North-South Expressway (KL-JB),North-South Expressway (KL-JB) :: Seremban->Johor Bahru,1,2.7297,101.9381,1.4927,103.7414,21,5,0.1341
2026-08-01T22:00:00,North-South Expressway (KL-JB),North-South Expressway (KL-JB) :: Seremban->Johor Bahru,1,2.7297,101.9381,1.4927,103.7414,22,5,0.2482
2026-08-01T23:00:00,North-South Expressway (KL-JB),North-South Expressway (KL-JB) :: Seremban->Johor Bahru,1,2.7297,101.9381,1.4927,103.7414,23,5,0.2072
2026-08-02T00:00:00,North-South Expressway (KL-JB),North-South Expressway (KL-JB) :: Seremban->Johor Bahru,1,2.7297,101.9381,1.4927,103.7414,0,6,0.1855
2026-08-02T01:00:00,North-South Expressway (KL-JB),North-South Expressway (KL-JB) :: Seremban->Johor Bahru,1,2.7297,101.9381,1.4927,103.7414,1,6,0.2488
2026-08-02T02:00:00,North-South Expressway (KL-JB),North-South Expressway (KL-JB) :: Seremban->Johor Bahru,1,2.7297,101.9381,1.4927,103.7414,2,6,0.1006
2026-08-02T03:00:00,North-South Expressway (KL-JB),North-South Expressway (KL-JB) :: Seremban->Johor Bahru,1,2.7297,101.9381,1.4927,103.7414,3,6,0.2631
2026-08-02T04:00:00,North-South Expressway (KL-JB),North-South Expressway (KL-JB) :: Seremban->Johor Bahru,1,2.7297,101.9381,1.4927,103.7414,4,6,0.2208
2026-08-02T05:00:00,North-South Expressway (KL-JB),North-South Expressway (KL-JB) :: Seremban->Johor Bahru,1,2.7297,101.9381,1.4927,103.7414,5,6,0.186
2026-08-02T06:00:00,North-South Expressway (KL-JB),North-South Expressway (KL-JB) :: Seremban->Johor Bahru,1,2.7297,101.9381,1.4927,103.7414,6,6,0.3746
2026-08-02T07:00:00,North-South Expressway (KL-JB),North-South Expressway (KL-JB) :: Seremban->Johor Bahru,1,2.7297,101.9381,1.4927,103.7414,7,6,0.4065
2026-08-02T08:00:00,North-South Expressway (KL-JB),North-South Expressway (KL-JB) :: Seremban->Johor Bahru,1,2.7297,101.9381,1.4927,103.7414,8,6,0.513
2026-08-02T09:00:00,North-South Expressway (KL-JB),North-South Expressway (KL-JB) :: Seremban->Johor Bahru,1,2.7297,101.9381,1.4927,103.7414,9,6,0.4364
2026-08-02T10:00:00,North-South Expressway (KL-JB),North-South Expressway (KL-JB) :: Seremban->Johor Bahru,1,2.7297,101.9381,1.4927,103.7414,10,6,0.2748
2026-08-02T11:00:00,North-South Expressway (KL-JB),North-South Expressway (KL-JB) :: Seremban->Johor Bahru,1,2.7297,101.9381,1.4927,103.7414,11,6,0.1368
2026-08-02T12:00:00,North-South Expressway (KL-JB),North-South Expressway (KL-JB) :: Seremban->Johor Bahru,1,2.7297,101.9381,1.4927,103.7414,12,6,0.2386
2026-08-02T13:00:00,North-South Expressway (KL-JB),North-South Expressway (KL-JB) :: Seremban->Johor Bahru,1,2.7297,101.9381,1.4927,103.7414,13,6,0.1458
2026-08-02T14:00:00,North-South Expressway (KL-JB),North-South Expressway (KL-JB) :: Seremban->Johor Bahru,1,2.7297,101.9381,1.4927,103.7414,14,6,0.197
2026-08-02T15:00:00,North-South Expressway (KL-JB),North-South Expressway (KL-JB) :: Seremban->Johor Bahru,1,2.7297,101.9381,1.4927,103.7414,15,6,0.1977
2026-08-02T16:00:00,North-South Expressway (KL-JB),North-South Expressway (KL-JB) :: Seremban->Johor Bahru,1,2.7297,101.9381,1.4927,103.7414,16,6,0.2505
2026-08-02T17:00:00,North-South Expressway (KL-JB),North-South Expressway (KL-JB) :: Seremban->Johor Bahru,1,2.7297,101.9381,1.4927,103.7414,17,6,0.5421
2026-08-02T18:00:00,North-South Expressway (KL-JB),North-South Expressway (KL-JB) :: Seremban->Johor Bahru,1,2.7297,101.9381,1.4927,103.7414,18,6,0.4928
2026-08-02T19:00:00,North-South Expressway (KL-JB),North-South Expressway (KL-JB) :: Seremban->Johor Bahru,1,2.7297,101.9381,1.4927,103.7414,19,6,0.5218
2026-08-02T20:00:00,North-South Expressway (KL-JB),North-South Expressway (KL-JB) :: Seremban->Johor Bahru,1,2.7297,101.9381,1.4927,103.7414,20,6,0.2776
2026-08-02T21:00:00,North-South Expressway (KL-JB),North-South Expressway (KL-JB) :: Seremban->Johor Bahru,1,2.7297,101.9381,1.4927,103.7414,21,6,0.3511
2026-08-02T22:00:00,North-South Expressway (KL-JB),North-South Expressway (KL-JB) :: Seremban->Johor Bahru,1,2.7297,101.9381,1.4927,103.7414,22,6,0.2305
2026-08-02T23:00:00,North-South Expressway (KL-JB),North-South Expressway (KL-JB) :: Seremban->Johor Bahru,1,2.7297,101.9381,1.4927,103.7414,23,6,0.1669
2026-08-03T00:00:00,North-South Expressway (KL-JB),North-South Expressway (KL-JB) :: Seremban->Johor Bahru,1,2.7297,101.9381,1.4927,103.7414,0,0,0.2333
2026-08-03T01:00:00,North-South Expressway (KL-JB),North-South Expressway (KL-JB) :: Seremban->Johor Bahru,1,2.7297,101.9381,1.4927,103.7414,1,0,0.1067
2026-08-03T02:00:00,North-South Expressway (KL-JB),North-South Expressway (KL-JB) :: Seremban->Johor Bahru,1,2.7297,101.9381,1.4927,103.7414,2,0,0.1902
2026-08-03T03:00:00,North-South Expressway (KL-JB),North-South Expressway (KL-JB) :: Seremban->Johor Bahru,1,2.7297,101.9381,1.4927,103.7414,3,0,0.1703
2026-08-03T04:00:00,North-South Expressway (KL-JB),North-South Expressway (KL-JB) :: Seremban->Johor Bahru,1,2.7297,101.9381,1.4927,103.7414,4,0,0.1808
2026-08-03T05:00:00,North-South Expressway (KL-JB),North-South Expressway (KL-JB) :: Seremban->Johor Bahru,1,2.7297,101.9381,1.4927,103.7414,5,0,0.2765
2026-08-03T06:00:00,North-South Expressway (KL-JB),North-South Expressway (KL-JB) :: Seremban->Johor Bahru,1,2.7297,101.9381,1.4927,103.7414,6,0,0.3504
2026-08-03T07:00:00,North-South Expressway (KL-JB),North-South Expressway (KL-JB) :: Seremban->Johor Bahru,1,2.7297,101.9381,1.4927,103.7414,7,0,0.4902
2026-08-03T08:00:00,North-South Expressway (KL-JB),North-South Expressway (KL-JB) :: Seremban->Johor Bahru,1,2.7297,101.9381,1.4927,103.7414,8,0,0.4632
2026-08-03T09:00:00,North-South Expressway (KL-JB),North-South Expressway (KL-JB) :: Seremban->Johor Bahru,1,2.7297,101.9381,1.4927,103.7414,9,0,0.4153
2026-08-03T10:00:00,North-South Expressway (KL-JB),North-South Expressway (KL-JB) :: Seremban->Johor Bahru,1,2.7297,101.9381,1.4927,103.7414,10,0,0.2991
2026-08-03T11:00:00,North-South Expressway (KL-JB),North-South Expressway (KL-JB) :: Seremban->Johor Bahru,1,2.7297,101.9381,1.4927,103.7414,11,0,0.2058
2026-08-03T12:00:00,North-South Expressway (KL-JB),North-South Expressway (KL-JB) :: Seremban->Johor Bahru,1,2.7297,101.9381,1.4927,103.7414,12,0,0.0974
2026-08-03T13:00:00,North-South Expressway (KL-JB),North-South Expressway (KL-JB) :: Seremban->Johor Bahru,1,2.7297,101.9381,1.4927,103.7414,13,0,0.306
2026-08-03T14:00:00,North-South Expressway (KL-JB),North-South Expressway (KL-JB) :: Seremban->Johor Bahru,1,2.7297,101.9381,1.4927,103.7414,14,0,0.2669
2026-08-03T15:00:00,North-South Expressway (KL-JB),North-South Expressway (KL-JB) :: Seremban->Johor Bahru,1,2.7297,101.9381,1.4927,103.7414,15,0,0.268
2026-08-03T16:00:00,North-South Expressway (KL-JB),North-South Expressway (KL-JB) :: Seremban->Johor Bahru,1,2.7297,101.9381,1.4927,103.7414,16,0,0.364
2026-08-03T17:00:00,North-South Expressway (KL-JB),North-South Expressway (KL-JB) :: Seremban->Johor Bahru,1,2.7297,101.9381,1.4927,103.7414,17,0,0.5132
2026-08-03T18:00:00,North-South Expressway (KL-JB),North-South Expressway (KL-JB) :: Seremban->Johor Bahru,1,2.7297,101.9381,1.4927,103.7414,18,0,0.5504
2026-08-03T19:00:00,North-South Expressway (KL-JB),North-South Expressway (KL-JB) :: Seremban->Johor Bahru,1,2.7297,101.9381,1.4927,103.7414,19,0,0.5306
2026-08-03T20:00:00,North-South Expressway (KL-JB),North-South Expressway (KL-JB) :: Seremban->Johor Bahru,1,2.7297,101.9381,1.4927,103.7414,20,0,0.3752
2026-08-03T21:00:00,North-South Expressway (KL-JB),North-South Expressway (KL-JB) :: Seremban->Johor Bahru,1,2.7297,101.9381,1.4927,103.7414,21,0,0.1574
2026-08-03T22:00:00,North-South Expressway (KL-JB),North-South Expressway (KL-JB) :: Seremban->Johor Bahru,1,2.7297,101.9381,1.4927,103.7414,22,0,0.1959
2026-08-03T23:00:00,North-South Expressway (KL-JB),North-South Expressway (KL-JB) :: Seremban->Johor Bahru,1,2.7297,101.9381,1.4927,103.7414,23,0,0.1512
2026-08-04T00:00:00,North-South Expressway (KL-JB),North-South Expressway (KL-JB) :: Seremban->Johor Bahru,1,2.7297,101.9381,1.4927,103.7414,0,1,0.043
2026-08-04T01:00:00,North-South Expressway (KL-JB),North-South Expressway (KL-JB) :: Seremban->Johor Bahru,1,2.7297,101.9381,1.4927,103.7414,1,1,0.1059
2026-08-04T02:00:00,North-South Expressway (KL-JB),North-South Expressway (KL-JB) :: Seremban->Johor Bahru,1,2.7297,101.9381,1.4927,103.7414,2,1,0.1327
2026-08-04T03:00:00,North-South Expressway (KL-JB),North-South Expressway (KL-JB) :: Seremban->Johor Bahru,1,2.7297,101.9381,1.4927,103.7414,3,1,0.2715
2026-08-04T04:00:00,North-South Expressway (KL-JB),North-South Expressway (KL-JB) :: Seremban->Johor Bahru,1,2.7297,101.9381,1.4927,103.7414,4,1,0.1983
2026-08-04T05:00:00,North-South Expressway (KL-JB),North-South Expressway (KL-JB) :: Seremban->Johor Bahru,1,2.7297,101.9381,1.4927,103.7414,5,1,0.1201
2026-08-04T06:00:00,North-South Expressway (KL-JB),North-South Expressway (KL-JB) :: Seremban->Johor Bahru,1,2.7297,101.9381,1.4927,103.7414,6,1,0.3357
2026-08-04T07:00:00,North-South Expressway (KL-JB),North-South Expressway (KL-JB) :: Seremban->Johor Bahru,1,2.7297,101.9381,1.4927,103.7414,7,1,0.3801
2026-08-04T08:00:00,North-South Expressway (KL-JB),North-South Expressway (KL-JB) :: Seremban->Johor Bahru,1,2.7297,101.9381,1.4927,103.7414,8,1,0.6275
2026-08-04T09:00:00,North-South Expressway (KL-JB),North-South Expressway (KL-JB) :: Seremban->Johor Bahru,1,2.7297,101.9381,1.4927,103.7414,9,1,0.4446
2026-08-04T10:00:00,North-South Expressway (KL-JB),North-South Expressway (KL-JB) :: Seremban->Johor Bahru,1,2.7297,101.9381,1.4927,103.7414,10,1,0.3009
2026-08-04T11:00:00,North-South Expressway (KL-JB),North-South Expressway (KL-JB) :: Seremban->Johor Bahru,1,2.7297,101.9381,1.4927,103.7414,11,1,0.2798
2026-08-04T12:00:00,North-South Expressway (KL-JB),North-South Expressway (KL-JB) :: Seremban->Johor Bahru,1,2.7297,101.9381,1.4927,103.7414,12,1,0.088
2026-08-04T13:00:00,North-South Expressway (KL-JB),North-South Expressway (KL-JB) :: Seremban->Johor Bahru,1,2.7297,101.9381,1.4927,103.7414,13,1,0.0775
2026-08-04T14:00:00,North-South Expressway (KL-JB),North-South Expressway (KL-JB) :: Seremban->Johor Bahru,1,2.7297,101.9381,1.4927,103.7414,14,1,0.1409
2026-08-04T15:00:00,North-South Expressway (KL-JB),North-South Expressway (KL-JB) :: Seremban->Johor Bahru,1,2.7297,101.9381,1.4927,103.7414,15,1,0.2942
2026-08-04T16:00:00,North-South Expressway (KL-JB),North-South Expressway (KL-JB) :: Seremban->Johor Bahru,1,2.7297,101.9381,1.4927,103.7414,16,1,0.2685
2026-08-04T17:00:00,North-South Expressway (KL-JB),North-South Expressway (KL-JB) :: Seremban->Johor Bahru,1,2.7297,101.9381,1.4927,103.7414,17,1,0.356
2026-08-04T18:00:00,North-South Expressway (KL-JB),North-South Expressway (KL-JB) :: Seremban->Johor Bahru,1,2.7297,101.9381,1.4927,103.7414,18,1,0.5804
2026-08-04T19:00:00,North-South Expressway (KL-JB),North-South Expressway (KL-JB) :: Seremban->Johor Bahru,1,2.7297,101.9381,1.4927,103.7414,19,1,0.559
2026-08-04T20:00:00,North-South Expressway (KL-JB),North-South Expressway (KL-JB) :: Seremban->Johor Bahru,1,2.7297,101.9381,1.4927,103.7414,20,1,0.4317
2026-08-04T21:00:00,North-South Expressway (KL-JB),North-South Expressway (KL-JB) :: Seremban->Johor Bahru,1,2.7297,101.9381,1.4927,103.7414,21,1,0.2041
2026-08-04T22:00:00,North-South Expressway (KL-JB),North-South Expressway (KL-JB) :: Seremban->Johor Bahru,1,2.7297,101.9381,1.4927,103.7414,22,1,0.1512
2026-08-04T23:00:00,North-South Expressway (KL-JB),North-South Expressway (KL-JB) :: Seremban->Johor Bahru,1,2.7297,101.9381,1.4927,103.7414,23,1,0.2298
2026-08-05T00:00:00,North-South Expressway (KL-JB),North-South Expressway (KL-JB) :: Seremban->Johor Bahru,1,2.7297,101.9381,1.4927,103.7414,0,2,0.0453
2026-08-05T01:00:00,North-South Expressway (KL-JB),North-South Expressway (KL-JB) :: Seremban->Johor Bahru,1,2.7297,101.9381,1.4927,103.7414,1,2,0.1342
2026-08-05T02:00:00,North-South Expressway (KL-JB),North-South Expressway (KL-JB) :: Seremban->Johor Bahru,1,2.7297,101.9381,1.4927,103.7414,2,2,0.169
2026-08-05T03:00:00,North-South Expressway (KL-JB),North-South Expressway (KL-JB) :: Seremban->Johor Bahru,1,2.7297,101.9381,1.4927,103.7414,3,2,0.1852
2026-08-05T04:00:00,North-South Expressway (KL-JB),North-South Expressway (KL-JB) :: Seremban->Johor Bahru,1,2.7297,101.9381,1.4927,103.7414,4,2,0.1343
2026-08-05T05:00:00,North-South Expressway (KL-JB),North-South Expressway (KL-JB) :: Seremban->Johor Bahru,1,2.7297,101.9381,1.4927,103.7414,5,2,0.2023
2026-08-05T06:00:00,North-South Expressway (KL-JB),North-South Expressway (KL-JB) :: Seremban->Johor Bahru,1,2.7297,101.9381,1.4927,103.7414,6,2,0.1572
2026-08-05T07:00:00,North-South Expressway (KL-JB),North-South Expressway (KL-JB) :: Seremban->Johor Bahru,1,2.7297,101.9381,1.4927,103.7414,7,2,0.4334
2026-08-05T08:00:00,North-South Expressway (KL-JB),North-South Expressway (KL-JB) :: Seremban->Johor Bahru,1,2.7297,101.9381,1.4927,103.7414,8,2,0.5897
2026-08-05T09:00:00,North-South Expressway (KL-JB),North-South Expressway (KL-JB) :: Seremban->Johor Bahru,1,2.7297,101.9381,1.4927,103.7414,9,2,0.414
2026-08-05T10:00:00,North-South Expressway (KL-JB),North-South Expressway (KL-JB) :: Seremban->Johor Bahru,1,2.7297,101.9381,1.4927,103.7414,10,2,0.31
2026-08-05T11:00:00,North-South Expressway (KL-JB),North-South Expressway (KL-JB) :: Seremban->Johor Bahru,1,2.7297,101.9381,1.4927,103.7414,11,2,0.227
2026-08-05T12:00:00,North-South Expressway (KL-JB),North-South Expressway (KL-JB) :: Seremban->Johor Bahru,1,2.7297,101.9381,1.4927,103.7414,12,2,0.1447
2026-08-05T13:00:00,North-South Expressway (KL-JB),North-South Expressway (KL-JB) :: Seremban->Johor Bahru,1,2.7297,101.9381,1.4927,103.7414,13,2,0.1715
2026-08-05T14:00:00,North-South Expressway (KL-JB),North-South Expressway (KL-JB) :: Seremban->Johor Bahru,1,2.7297,101.9381,1.4927,103.7414,14,2,0.1181
2026-08-05T15:00:00,North-South Expressway (KL-JB),North-South Expressway (KL-JB) :: Seremban->Johor Bahru,1,2.7297,101.9381,1.4927,103.7414,15,2,0.2195
2026-08-05T16:00:00,North-South Expressway (KL-JB),North-South Expressway (KL-JB) :: Seremban->Johor Bahru,1,2.7297,101.9381,1.4927,103.7414,16,2,0.3963
2026-08-05T17:00:00,North-South Expressway (KL-JB),North-South Expressway (KL-JB) :: Seremban->Johor Bahru,1,2.7297,101.9381,1.4927,103.7414,17,2,0.5353
2026-08-05T18:00:00,North-South Expressway (KL-JB),North-South Expressway (KL-JB) :: Seremban->Johor Bahru,1,2.7297,101.9381,1.4927,103.7414,18,2,0.5723
2026-08-05T19:00:00,North-South Expressway (KL-JB),North-South Expressway (KL-JB) :: Seremban->Johor Bahru,1,2.7297,101.9381,1.4927,103.7414,19,2,0.5394
2026-08-05T20:00:00,North-South Expressway (KL-JB),North-South Expressway (KL-JB) :: Seremban->Johor Bahru,1,2.7297,101.9381,1.4927,103.7414,20,2,0.4026
2026-08-05T21:00:00,North-South Expressway (KL-JB),North-South Expressway (KL-JB) :: Seremban->Johor Bahru,1,2.7297,101.9381,1.4927,103.7414,21,2,0.1089
2026-08-05T22:00:00,North-South Expressway (KL-JB),North-South Expressway (KL-JB) :: Seremban->Johor Bahru,1,2.7297,101.9381,1.4927,103.7414,22,2,0.2454
2026-08-05T23:00:00,North-South Expressway (KL-JB),North-South Expressway (KL-JB) :: Seremban->Johor Bahru,1,2.7297,101.9381,1.4927,103.7414,23,2,0.1404
2026-08-06T00:00:00,North-South Expressway (KL-JB),North-South Expressway (KL-JB) :: Seremban->Johor Bahru,1,2.7297,101.9381,1.4927,103.7414,0,3,0.183
2026-08-06T01:00:00,North-South Expressway (KL-JB),North-South Expressway (KL-JB) :: Seremban->Johor Bahru,1,2.7297,101.9381,1.4927,103.7414,1,3,0.2293
2026-08-06T02:00:00,North-South Expressway (KL-JB),North-South Expressway (KL-JB) :: Seremban->Johor Bahru,1,2.7297,101.9381,1.4927,103.7414,2,3,0.0752
2026-08-06T03:00:00,North-South Expressway (KL-JB),North-South Expressway (KL-JB) :: Seremban->Johor Bahru,1,2.7297,101.9381,1.4927,103.7414,3,3,0.1157
2026-08-06T04:00:00,North-South Expressway (KL-JB),North-South Expressway (KL-JB) :: Seremban->Johor Bahru,1,2.7297,101.9381,1.4927,103.7414,4,3,0.1476
2026-08-06T05:00:00,North-South Expressway (KL-JB),North-South Expressway (KL-JB) :: Seremban->Johor Bahru,1,2.7297,101.9381,1.4927,103.7414,5,3,0.1532
2026-08-06T06:00:00,North-South Expressway (KL-JB),North-South Expressway (KL-JB) :: Seremban->Johor Bahru,1,2.7297,101.9381,1.4927,103.7414,6,3,0.4106
2026-08-06T07:00:00,North-South Expressway (KL-JB),North-South Expressway (KL-JB) :: Seremban->Johor Bahru,1,2.7297,101.9381,1.4927,103.7414,7,3,0.4215
2026-08-06T08:00:00,North-South Expressway (KL-JB),North-South Expressway (KL-JB) :: Seremban->Johor Bahru,1,2.7297,101.9381,1.4927,103.7414,8,3,0.5292
2026-08-06T09:00:00,North-South Expressway (KL-JB),North-South Expressway (KL-JB) :: Seremban->Johor Bahru,1,2.7297,101.9381,1.4927,103.7414,9,3,0.4852
2026-08-06T10:00:00,North-South Expressway (KL-JB),North-South Expressway (KL-JB) :: Seremban->Johor Bahru,1,2.7297,101.9381,1.4927,103.7414,10,3,0.2344
2026-08-06T11:00:00,North-South Expressway (KL-JB),North-South Expressway (KL-JB) :: Seremban->Johor Bahru,1,2.7297,101.9381,1.4927,103.7414,11,3,0.1765
2026-08-06T12:00:00,North-South Expressway (KL-JB),North-South Expressway (KL-JB) :: Seremban->Johor Bahru,1,2.7297,101.9381,1.4927,103.7414,12,3,0.1843
2026-08-06T13:00:00,North-South Expressway (KL-JB),North-South Expressway (KL-JB) :: Seremban->Johor Bahru,1,2.7297,101.9381,1.4927,103.7414,13,3,0.1413
2026-08-06T14:00:00,North-South Expressway (KL-JB),North-South Expressway (KL-JB) :: Seremban->Johor Bahru,1,2.7297,101.9381,1.4927,103.7414,14,3,0.1703
2026-08-06T15:00:00,North-South Expressway (KL-JB),North-South Expressway (KL-JB) :: Seremban->Johor Bahru,1,2.7297,101.9381,1.4927,103.7414,15,3,0.2001
2026-08-06T16:00:00,North-South Expressway (KL-JB),North-South Expressway (KL-JB) :: Seremban->Johor Bahru,1,2.7297,101.9381,1.4927,103.7414,16,3,0.2688
2026-08-06T17:00:00,North-South Expressway (KL-JB),North-South Expressway (KL-JB) :: Seremban->Johor Bahru,1,2.7297,101.9381,1.4927,103.7414,17,3,0.5452
2026-08-06T18:00:00,North-South Expressway (KL-JB),North-South Expressway (KL-JB) :: Seremban->Johor Bahru,1,2.7297,101.9381,1.4927,103.7414,18,3,0.7128
2026-08-06T19:00:00,North-South Expressway (KL-JB),North-South Expressway (KL-JB) :: Seremban->Johor Bahru,1,2.7297,101.9381,1.4927,103.7414,19,3,0.527
2026-08-06T20:00:00,North-South Expressway (KL-JB),North-South Expressway (KL-JB) :: Seremban->Johor Bahru,1,2.7297,101.9381,1.4927,103.7414,20,3,0.3732
2026-08-06T21:00:00,North-South Expressway (KL-JB),North-South Expressway (KL-JB) :: Seremban->Johor Bahru,1,2.7297,101.9381,1.4927,103.7414,21,3,0.2734
2026-08-06T22:00:00,North-South Expressway (KL-JB),North-South Expressway (KL-JB) :: Seremban->Johor Bahru,1,2.7297,101.9381,1.4927,103.7414,22,3,0.0997
2026-08-06T23:00:00,North-South Expressway (KL-JB),North-South Expressway (KL-JB) :: Seremban->Johor Bahru,1,2.7297,101.9381,1.4927,103.7414,23,3,0.2627
2026-08-07T00:00:00,North-South Expressway (KL-JB),North-South Expressway (KL-JB) :: Seremban->Johor Bahru,1,2.7297,101.9381,1.4927,103.7414,0,4,0.1696
2026-08-07T01:00:00,North-South Expressway (KL-JB),North-South Expressway (KL-JB) :: Seremban->Johor Bahru,1,2.7297,101.9381,1.4927,103.7414,1,4,0.2554
2026-08-07T02:00:00,North-South Expressway (KL-JB),North-South Expressway (KL-JB) :: Seremban->Johor Bahru,1,2.7297,101.9381,1.4927,103.7414,2,4,0.1136
2026-08-07T03:00:00,North-South Expressway (KL-JB),North-South Expressway (KL-JB) :: Seremban->Johor Bahru,1,2.7297,101.9381,1.4927,103.7414,3,4,0.2674
2026-08-07T04:00:00,North-South Expressway (KL-JB),North-South Expressway (KL-JB) :: Seremban->Johor Bahru,1,2.7297,101.9381,1.4927,103.7414,4,4,0.2114
2026-08-07T05:00:00,North-South Expressway (KL-JB),North-South Expressway (KL-JB) :: Seremban->Johor Bahru,1,2.7297,101.9381,1.4927,103.7414,5,4,0.2334
2026-08-07T06:00:00,North-South Expressway (KL-JB),North-South Expressway (KL-JB) :: Seremban->Johor Bahru,1,2.7297,101.9381,1.4927,103.7414,6,4,0.3205
2026-08-07T07:00:00,North-South Expressway (KL-JB),North-South Expressway (KL-JB) :: Seremban->Johor Bahru,1,2.7297,101.9381,1.4927,103.7414,7,4,0.458
2026-08-07T08:00:00,North-South Expressway (KL-JB),North-South Expressway (KL-JB) :: Seremban->Johor Bahru,1,2.7297,101.9381,1.4927,103.7414,8,4,0.6345
2026-08-07T09:00:00,North-South Expressway (KL-JB),North-South Expressway (KL-JB) :: Seremban->Johor Bahru,1,2.7297,101.9381,1.4927,103.7414,9,4,0.4813
2026-08-07T10:00:00,North-South Expressway (KL-JB),North-South Expressway (KL-JB) :: Seremban->Johor Bahru,1,2.7297,101.9381,1.4927,103.7414,10,4,0.1885
2026-08-07T11:00:00,North-South Expressway (KL-JB),North-South Expressway (KL-JB) :: Seremban->Johor Bahru,1,2.7297,101.9381,1.4927,103.7414,11,4,0.1332
2026-08-07T12:00:00,North-South Expressway (KL-JB),North-South Expressway (KL-JB) :: Seremban->Johor Bahru,1,2.7297,101.9381,1.4927,103.7414,12,4,0.1541
2026-08-07T13:00:00,North-South Expressway (KL-JB),North-South Expressway (KL-JB) :: Seremban->Johor Bahru,1,2.7297,101.9381,1.4927,103.7414,13,4,0.1799
2026-08-07T14:00:00,North-South Expressway (KL-JB),North-South Expressway (KL-JB) :: Seremban->Johor Bahru,1,2.7297,101.9381,1.4927,103.7414,14,4,0.1725
2026-08-07T15:00:00,North-South Expressway (KL-JB),North-South Expressway (KL-JB) :: Seremban->Johor Bahru,1,2.7297,101.9381,1.4927,103.7414,15,4,0.305
2026-08-07T16:00:00,North-South Expressway (KL-JB),North-South Expressway (KL-JB) :: Seremban->Johor Bahru,1,2.7297,101.9381,1.4927,103.7414,16,4,0.2426
2026-08-07T17:00:00,North-South Expressway (KL-JB),North-South Expressway (KL-JB) :: Seremban->Johor Bahru,1,2.7297,101.9381,1.4927,103.7414,17,4,0.5345
2026-08-07T18:00:00,North-South Expressway (KL-JB),North-South Expressway (KL-JB) :: Seremban->Johor Bahru,1,2.7297,101.9381,1.4927,103.7414,18,4,0.4984
2026-08-07T19:00:00,North-South Expressway (KL-JB),North-South Expressway (KL-JB) :: Seremban->Johor Bahru,1,2.7297,101.9381,1.4927,103.7414,19,4,0.5715
2026-08-07T20:00:00,North-South Expressway (KL-JB),North-South Expressway (KL-JB) :: Seremban->Johor Bahru,1,2.7297,101.9381,1.4927,103.7414,20,4,0.354
2026-08-07T21:00:00,North-South Expressway (KL-JB),North-South Expressway (KL-JB) :: Seremban->Johor Bahru,1,2.7297,101.9381,1.4927,103.7414,21,4,0.2571
2026-08-07T22:00:00,North-South Expressway (KL-JB),North-South Expressway (KL-JB) :: Seremban->Johor Bahru,1,2.7297,101.9381,1.4927,103.7414,22,4,0.124
2026-08-07T23:00:00,North-South Expressway (KL-JB),North-South Expressway (KL-JB) :: Seremban->Johor Bahru,1,2.7297,101.9381,1.4927,103.7414,23,4,0.2373
2026-08-08T00:00:00,North-South Expressway (KL-JB),North-South Expressway (KL-JB) :: Seremban->Johor Bahru,1,2.7297,101.9381,1.4927,103.7414,0,5,0.22
2026-08-08T01:00:00,North-South Expressway (KL-JB),North-South Expressway (KL-JB) :: Seremban->Johor Bahru,1,2.7297,101.9381,1.4927,103.7414,1,5,0.1925
2026-08-08T02:00:00,North-South Expressway (KL-JB),North-South Expressway (KL-JB) :: Seremban->Johor Bahru,1,2.7297,101.9381,1.4927,103.7414,2,5,0.1498
2026-08-08T03:00:00,North-South Expressway (KL-JB),North-South Expressway (KL-JB) :: Seremban->Johor Bahru,1,2.7297,101.9381,1.4927,103.7414,3,5,0.1931
2026-08-08T04:00:00,North-South Expressway (KL-JB),North-South Expressway (KL-JB) :: Seremban->Johor Bahru,1,2.7297,101.9381,1.4927,103.7414,4,5,0.1225
2026-08-08T05:00:00,North-South Expressway (KL-JB),North-South Expressway (KL-JB) :: Seremban->Johor Bahru,1,2.7297,101.9381,1.4927,103.7414,5,5,0.2515
2026-08-08T06:00:00,North-South Expressway (KL-JB),North-South Expressway (KL-JB) :: Seremban->Johor Bahru,1,2.7297,101.9381,1.4927,103.7414,6,5,0.4055
2026-08-08T07:00:00,North-South Expressway (KL-JB),North-South Expressway (KL-JB) :: Seremban->Johor Bahru,1,2.7297,101.9381,1.4927,103.7414,7,5,0.5372
2026-08-08T08:00:00,North-South Expressway (KL-JB),North-South Expressway (KL-JB) :: Seremban->Johor Bahru,1,2.7297,101.9381,1.4927,103.7414,8,5,0.5187
2026-08-08T09:00:00,North-South Expressway (KL-JB),North-South Expressway (KL-JB) :: Seremban->Johor Bahru,1,2.7297,101.9381,1.4927,103.7414,9,5,0.4946
2026-08-08T10:00:00,North-South Expressway (KL-JB),North-South Expressway (KL-JB) :: Seremban->Johor Bahru,1,2.7297,101.9381,1.4927,103.7414,10,5,0.2289
2026-08-08T11:00:00,North-South Expressway (KL-JB),North-South Expressway (KL-JB) :: Seremban->Johor Bahru,1,2.7297,101.9381,1.4927,103.7414,11,5,0.2346
2026-08-08T12:00:00,North-South Expressway (KL-JB),North-South Expressway (KL-JB) :: Seremban->Johor Bahru,1,2.7297,101.9381,1.4927,103.7414,12,5,0.1923
2026-08-08T13:00:00,North-South Expressway (KL-JB),North-South Expressway (KL-JB) :: Seremban->Johor Bahru,1,2.7297,101.9381,1.4927,103.7414,13,5,0.0491
2026-08-08T14:00:00,North-South Expressway (KL-JB),North-South Expressway (KL-JB) :: Seremban->Johor Bahru,1,2.7297,101.9381,1.4927,103.7414,14,5,0.1062
2026-08-08T15:00:00,North-South Expressway (KL-JB),North-South Expressway (KL-JB) :: Seremban->Johor Bahru,1,2.7297,101.9381,1.4927,103.7414,15,5,0.2149
2026-08-08T16:00:00,North-South Expressway (KL-JB),North-South Expressway (KL-JB) :: Seremban->Johor Bahru,1,2.7297,101.9381,1.4927,103.7414,16,5,0.3416
2026-08-08T17:00:00,North-South Expressway (KL-JB),North-South Expressway (KL-JB) :: Seremban->Johor Bahru,1,2.7297,101.9381,1.4927,103.7414,17,5,0.4534
2026-08-08T18:00:00,North-South Expressway (KL-JB),North-South Expressway (KL-JB) :: Seremban->Johor Bahru,1,2.7297,101.9381,1.4927,103.7414,18,5,0.6308
2026-08-08T19:00:00,North-South Expressway (KL-JB),North-South Expressway (KL-JB) :: Seremban->Johor Bahru,1,2.7297,101.9381,1.4927,103.7414,19,5,0.541
2026-08-08T20:00:00,North-South Expressway (KL-JB),North-South Expressway (KL-JB) :: Seremban->Johor Bahru,1,2.7297,101.9381,1.4927,103.7414,20,5,0.348
2026-08-08T21:00:00,North-South Expressway (KL-JB),North-South Expressway (KL-JB) :: Seremban->Johor Bahru,1,2.7297,101.9381,1.4927,103.7414,21,5,0.1865
2026-08-08T22:00:00,North-South Expressway (KL-JB),North-South Expressway (KL-JB) :: Seremban->Johor Bahru,1,2.7297,101.9381,1.4927,103.7414,22,5,0.2388
2026-08-08T23:00:00,North-South Expressway (KL-JB),North-South Expressway (KL-JB) :: Seremban->Johor Bahru,1,2.7297,101.9381,1.4927,103.7414,23,5,0.2599
2026-08-09T00:00:00,North-South Expressway (KL-JB),North-South Expressway (KL-JB) :: Seremban->Johor Bahru,1,2.7297,101.9381,1.4927,103.7414,0,6,0.1285
2026-08-09T01:00:00,North-South Expressway (KL-JB),North-South Expressway (KL-JB) :: Seremban->Johor Bahru,1,2.7297,101.9381,1.4927,103.7414,1,6,0.1208
2026-08-09T02:00:00,North-South Expressway (KL-JB),North-South Expressway (KL-JB) :: Seremban->Johor Bahru,1,2.7297,101.9381,1.4927,103.7414,2,6,0.187
2026-08-09T03:00:00,North-South Expressway (KL-JB),North-South Expressway (KL-JB) :: Seremban->Johor Bahru,1,2.7297,101.9381,1.4927,103.7414,3,6,0.1368
2026-08-09T04:00:00,North-South Expressway (KL-JB),North-South Expressway (KL-JB) :: Seremban->Johor Bahru,1,2.7297,101.9381,1.4927,103.7414,4,6,0.1566
2026-08-09T05:00:00,North-South Expressway (KL-JB),North-South Expressway (KL-JB) :: Seremban->Johor Bahru,1,2.7297,101.9381,1.4927,103.7414,5,6,0.2446
2026-08-09T06:00:00,North-South Expressway (KL-JB),North-South Expressway (KL-JB) :: Seremban->Johor Bahru,1,2.7297,101.9381,1.4927,103.7414,6,6,0.1919
2026-08-09T07:00:00,North-South Expressway (KL-JB),North-South Expressway (KL-JB) :: Seremban->Johor Bahru,1,2.7297,101.9381,1.4927,103.7414,7,6,0.552
2026-08-09T08:00:00,North-South Expressway (KL-JB),North-South Expressway (KL-JB) :: Seremban->Johor Bahru,1,2.7297,101.9381,1.4927,103.7414,8,6,0.5669
2026-08-09T09:00:00,North-South Expressway (KL-JB),North-South Expressway (KL-JB) :: Seremban->Johor Bahru,1,2.7297,101.9381,1.4927,103.7414,9,6,0.4482
2026-08-09T10:00:00,North-South Expressway (KL-JB),North-South Expressway (KL-JB) :: Seremban->Johor Bahru,1,2.7297,101.9381,1.4927,103.7414,10,6,0.3011
2026-08-09T11:00:00,North-South Expressway (KL-JB),North-South Expressway (KL-JB) :: Seremban->Johor Bahru,1,2.7297,101.9381,1.4927,103.7414,11,6,0.198
2026-08-09T12:00:00,North-South Expressway (KL-JB),North-South Expressway (KL-JB) :: Seremban->Johor Bahru,1,2.7297,101.9381,1.4927,103.7414,12,6,0.0614
2026-08-09T13:00:00,North-South Expressway (KL-JB),North-South Expressway (KL-JB) :: Seremban->Johor Bahru,1,2.7297,101.9381,1.4927,103.7414,13,6,0.251
2026-08-09T14:00:00,North-South Expressway (KL-JB),North-South Expressway (KL-JB) :: Seremban->Johor Bahru,1,2.7297,101.9381,1.4927,103.7414,14,6,0.1784
2026-08-09T15:00:00,North-South Expressway (KL-JB),North-South Expressway (KL-JB) :: Seremban->Johor Bahru,1,2.7297,101.9381,1.4927,103.7414,15,6,0.2585
2026-08-09T16:00:00,North-South Expressway (KL-JB),North-South Expressway (KL-JB) :: Seremban->Johor Bahru,1,2.7297,101.9381,1.4927,103.7414,16,6,0.4168
2026-08-09T17:00:00,North-South Expressway (KL-JB),North-South Expressway (KL-JB) :: Seremban->Johor Bahru,1,2.7297,101.9381,1.4927,103.7414,17,6,0.4647
2026-08-09T18:00:00,North-South Expressway (KL-JB),North-South Expressway (KL-JB) :: Seremban->Johor Bahru,1,2.7297,101.9381,1.4927,103.7414,18,6,0.6359
2026-08-09T19:00:00,North-South Expressway (KL-JB),North-South Expressway (KL-JB) :: Seremban->Johor Bahru,1,2.7297,101.9381,1.4927,103.7414,19,6,0.5099
2026-08-09T20:00:00,North-South Expressway (KL-JB),North-South Expressway (KL-JB) :: Seremban->Johor Bahru,1,2.7297,101.9381,1.4927,103.7414,20,6,0.4105
2026-08-09T21:00:00,North-South Expressway (KL-JB),North-South Expressway (KL-JB) :: Seremban->Johor Bahru,1,2.7297,101.9381,1.4927,103.7414,21,6,0.1043
2026-08-09T22:00:00,North-South Expressway (KL-JB),North-South Expressway (KL-JB) :: Seremban->Johor Bahru,1,2.7297,101.9381,1.4927,103.7414,22,6,0.1699
2026-08-09T23:00:00,North-South Expressway (KL-JB),North-South Expressway (KL-JB) :: Seremban->Johor Bahru,1,2.7297,101.9381,1.4927,103.7414,23,6,0.1244
2026-08-10T00:00:00,North-South Expressway (KL-JB),North-South Expressway (KL-JB) :: Seremban->Johor Bahru,1,2.7297,101.9381,1.4927,103.7414,0,0,0.1834
2026-08-10T01:00:00,North-South Expressway (KL-JB),North-South Expressway (KL-JB) :: Seremban->Johor Bahru,1,2.7297,101.9381,1.4927,103.7414,1,0,0.1857
2026-08-10T02:00:00,North-South Expressway (KL-JB),North-South Expressway (KL-JB) :: Seremban->Johor Bahru,1,2.7297,101.9381,1.4927,103.7414,2,0,0.1151
2026-08-10T03:00:00,North-South Expressway (KL-JB),North-South Expressway (KL-JB) :: Seremban->Johor Bahru,1,2.7297,101.9381,1.4927,103.7414,3,0,0.1156
2026-08-10T04:00:00,North-South Expressway (KL-JB),North-South Expressway (KL-JB) :: Seremban->Johor Bahru,1,2.7297,101.9381,1.4927,103.7414,4,0,0.1583
2026-08-10T05:00:00,North-South Expressway (KL-JB),North-South Expressway (KL-JB) :: Seremban->Johor Bahru,1,2.7297,101.9381,1.4927,103.7414,5,0,0.1464
2026-08-10T06:00:00,North-South Expressway (KL-JB),North-South Expressway (KL-JB) :: Seremban->Johor Bahru,1,2.7297,101.9381,1.4927,103.7414,6,0,0.357
2026-08-10T07:00:00,North-South Expressway (KL-JB),North-South Expressway (KL-JB) :: Seremban->Johor Bahru,1,2.7297,101.9381,1.4927,103.7414,7,0,0.4508
2026-08-10T08:00:00,North-South Expressway (KL-JB),North-South Expressway (KL-JB) :: Seremban->Johor Bahru,1,2.7297,101.9381,1.4927,103.7414,8,0,0.3881
2026-08-10T09:00:00,North-South Expressway (KL-JB),North-South Expressway (KL-JB) :: Seremban->Johor Bahru,1,2.7297,101.9381,1.4927,103.7414,9,0,0.4504
2026-08-10T10:00:00,North-South Expressway (KL-JB),North-South Expressway (KL-JB) :: Seremban->Johor Bahru,1,2.7297,101.9381,1.4927,103.7414,10,0,0.2442
2026-08-10T11:00:00,North-South Expressway (KL-JB),North-South Expressway (KL-JB) :: Seremban->Johor Bahru,1,2.7297,101.9381,1.4927,103.7414,11,0,0.1023
2026-08-10T12:00:00,North-South Expressway (KL-JB),North-South Expressway (KL-JB) :: Seremban->Johor Bahru,1,2.7297,101.9381,1.4927,103.7414,12,0,0.091
2026-08-10T13:00:00,North-South Expressway (KL-JB),North-South Expressway (KL-JB) :: Seremban->Johor Bahru,1,2.7297,101.9381,1.4927,103.7414,13,0,0.1679
2026-08-10T14:00:00,North-South Expressway (KL-JB),North-South Expressway (KL-JB) :: Seremban->Johor Bahru,1,2.7297,101.9381,1.4927,103.7414,14,0,0.2556
2026-08-10T15:00:00,North-South Expressway (KL-JB),North-South Expressway (KL-JB) :: Seremban->Johor Bahru,1,2.7297,101.9381,1.4927,103.7414,15,0,0.2507
2026-08-10T16:00:00,North-South Expressway (KL-JB),North-South Expressway (KL-JB) :: Seremban->Johor Bahru,1,2.7297,101.9381,1.4927,103.7414,16,0,0.3233
2026-08-10T17:00:00,North-South Expressway (KL-JB),North-South Expressway (KL-JB) :: Seremban->Johor Bahru,1,2.7297,101.9381,1.4927,103.7414,17,0,0.5533
2026-08-10T18:00:00,North-South Expressway (KL-JB),North-South Expressway (KL-JB) :: Seremban->Johor Bahru,1,2.7297,101.9381,1.4927,103.7414,18,0,0.58
2026-08-10T19:00:00,North-South Expressway (KL-JB),North-South Expressway (KL-JB) :: Seremban->Johor Bahru,1,2.7297,101.9381,1.4927,103.7414,19,0,0.4843
2026-08-10T20:00:00,North-South Expressway (KL-JB),North-South Expressway (KL-JB) :: Seremban->Johor Bahru,1,2.7297,101.9381,1.4927,103.7414,20,0,0.2904
2026-08-10T21:00:00,North-South Expressway (KL-JB),North-South Expressway (KL-JB) :: Seremban->Johor Bahru,1,2.7297,101.9381,1.4927,103.7414,21,0,0.1268
2026-08-10T22:00:00,North-South Expressway (KL-JB),North-South Expressway (KL-JB) :: Seremban->Johor Bahru,1,2.7297,101.9381,1.4927,103.7414,22,0,0.1524
2026-08-10T23:00:00,North-South Expressway (KL-JB),North-South Expressway (KL-JB) :: Seremban->Johor Bahru,1,2.7297,101.9381,1.4927,103.7414,23,0,0.17
2026-08-11T00:00:00,North-South Expressway (KL-JB),North-South Expressway (KL-JB) :: Seremban->Johor Bahru,1,2.7297,101.9381,1.4927,103.7414,0,1,0.1517
2026-08-11T01:00:00,North-South Expressway (KL-JB),North-South Expressway (KL-JB) :: Seremban->Johor Bahru,1,2.7297,101.9381,1.4927,103.7414,1,1,0.1325
2026-08-11T02:00:00,North-South Expressway (KL-JB),North-South Expressway (KL-JB) :: Seremban->Johor Bahru,1,2.7297,101.9381,1.4927,103.7414,2,1,0.1008
2026-08-11T03:00:00,North-South Expressway (KL-JB),North-South Expressway (KL-JB) :: Seremban->Johor Bahru,1,2.7297,101.9381,1.4927,103.7414,3,1,0.1948
2026-08-11T04:00:00,North-South Expressway (KL-JB),North-South Expressway (KL-JB) :: Seremban->Johor Bahru,1,2.7297,101.9381,1.4927,103.7414,4,1,0.0859
2026-08-11T05:00:00,North-South Expressway (KL-JB),North-South Expressway (KL-JB) :: Seremban->Johor Bahru,1,2.7297,101.9381,1.4927,103.7414,5,1,0.2467
2026-08-11T06:00:00,North-South Expressway (KL-JB),North-South Expressway (KL-JB) :: Seremban->Johor Bahru,1,2.7297,101.9381,1.4927,103.7414,6,1,0.2464
2026-08-11T07:00:00,North-South Expressway (KL-JB),North-South Expressway (KL-JB) :: Seremban->Johor Bahru,1,2.7297,101.9381,1.4927,103.7414,7,1,0.4278
2026-08-11T08:00:00,North-South Expressway (KL-JB),North-South Expressway (KL-JB) :: Seremban->Johor Bahru,1,2.7297,101.9381,1.4927,103.7414,8,1,0.4745
2026-08-11T09:00:00,North-South Expressway (KL-JB),North-South Expressway (KL-JB) :: Seremban->Johor Bahru,1,2.7297,101.9381,1.4927,103.7414,9,1,0.4428
2026-08-11T10:00:00,North-South Expressway (KL-JB),North-South Expressway (KL-JB) :: Seremban->Johor Bahru,1,2.7297,101.9381,1.4927,103.7414,10,1,0.365
2026-08-11T11:00:00,North-South Expressway (KL-JB),North-South Expressway (KL-JB) :: Seremban->Johor Bahru,1,2.7297,101.9381,1.4927,103.7414,11,1,0.2311
2026-08-11T12:00:00,North-South Expressway (KL-JB),North-South Expressway (KL-JB) :: Seremban->Johor Bahru,1,2.7297,101.9381,1.4927,103.7414,12,1,0.224
2026-08-11T13:00:00,North-South Expressway (KL-JB),North-South Expressway (KL-JB) :: Seremban->Johor Bahru,1,2.7297,101.9381,1.4927,103.7414,13,1,0.1926
2026-08-11T14:00:00,North-South Expressway (KL-JB),North-South Expressway (KL-JB) :: Seremban->Johor Bahru,1,2.7297,101.9381,1.4927,103.7414,14,1,0.1097
2026-08-11T15:00:00,North-South Expressway (KL-JB),North-South Expressway (KL-JB) :: Seremban->Johor Bahru,1,2.7297,101.9381,1.4927,103.7414,15,1,0.212
2026-08-11T16:00:00,North-South Expressway (KL-JB),North-South Expressway (KL-JB) :: Seremban->Johor Bahru,1,2.7297,101.9381,1.4927,103.7414,16,1,0.3129
2026-08-11T17:00:00,North-South Expressway (KL-JB),North-South Expressway (KL-JB) :: Seremban->Johor Bahru,1,2.7297,101.9381,1.4927,103.7414,17,1,0.6058
2026-08-11T18:00:00,North-South Expressway (KL-JB),North-South Expressway (KL-JB) :: Seremban->Johor Bahru,1,2.7297,101.9381,1.4927,103.7414,18,1,0.5357
2026-08-11T19:00:00,North-South Expressway (KL-JB),North-South Expressway (KL-JB) :: Seremban->Johor Bahru,1,2.7297,101.9381,1.4927,103.7414,19,1,0.5796
2026-08-11T20:00:00,North-South Expressway (KL-JB),North-South Expressway (KL-JB) :: Seremban->Johor Bahru,1,2.7297,101.9381,1.4927,103.7414,20,1,0.4133
2026-08-11T21:00:00,North-South Expressway (KL-JB),North-South Expressway (KL-JB) :: Seremban->Johor Bahru,1,2.7297,101.9381,1.4927,103.7414,21,1,0.3417
2026-08-11T22:00:00,North-South Expressway (KL-JB),North-South Expressway (KL-JB) :: Seremban->Johor Bahru,1,2.7297,101.9381,1.4927,103.7414,22,1,0.1513
2026-08-11T23:00:00,North-South Expressway (KL-JB),North-South Expressway (KL-JB) :: Seremban->Johor Bahru,1,2.7297,101.9381,1.4927,103.7414,23,1,0.2033
2026-08-12T00:00:00,North-South Expressway (KL-JB),North-South Expressway (KL-JB) :: Seremban->Johor Bahru,1,2.7297,101.9381,1.4927,103.7414,0,2,0.2944
2026-08-12T01:00:00,North-South Expressway (KL-JB),North-South Expressway (KL-JB) :: Seremban->Johor Bahru,1,2.7297,101.9381,1.4927,103.7414,1,2,0.1204
2026-08-12T02:00:00,North-South Expressway (KL-JB),North-South Expressway (KL-JB) :: Seremban->Johor Bahru,1,2.7297,101.9381,1.4927,103.7414,2,2,0.0654
2026-08-12T03:00:00,North-South Expressway (KL-JB),North-South Expressway (KL-JB) :: Seremban->Johor Bahru,1,2.7297,101.9381,1.4927,103.7414,3,2,0.0455
2026-08-12T04:00:00,North-South Expressway (KL-JB),North-South Expressway (KL-JB) :: Seremban->Johor Bahru,1,2.7297,101.9381,1.4927,103.7414,4,2,0.2077
2026-08-12T05:00:00,North-South Expressway (KL-JB),North-South Expressway (KL-JB) :: Seremban->Johor Bahru,1,2.7297,101.9381,1.4927,103.7414,5,2,0.0872
2026-08-12T06:00:00,North-South Expressway (KL-JB),North-South Expressway (KL-JB) :: Seremban->Johor Bahru,1,2.7297,101.9381,1.4927,103.7414,6,2,0.2842
2026-08-12T07:00:00,North-South Expressway (KL-JB),North-South Expressway (KL-JB) :: Seremban->Johor Bahru,1,2.7297,101.9381,1.4927,103.7414,7,2,0.4992
2026-08-12T08:00:00,North-South Expressway (KL-JB),North-South Expressway (KL-JB) :: Seremban->Johor Bahru,1,2.7297,101.9381,1.4927,103.7414,8,2,0.5736
2026-08-12T09:00:00,North-South Expressway (KL-JB),North-South Expressway (KL-JB) :: Seremban->Johor Bahru,1,2.7297,101.9381,1.4927,103.7414,9,2,0.4984
2026-08-12T10:00:00,North-South Expressway (KL-JB),North-South Expressway (KL-JB) :: Seremban->Johor Bahru,1,2.7297,101.9381,1.4927,103.7414,10,2,0.3198
2026-08-12T11:00:00,North-South Expressway (KL-JB),North-South Expressway (KL-JB) :: Seremban->Johor Bahru,1,2.7297,101.9381,1.4927,103.7414,11,2,0.2769
2026-08-12T12:00:00,North-South Expressway (KL-JB),North-South Expressway (KL-JB) :: Seremban->Johor Bahru,1,2.7297,101.9381,1.4927,103.7414,12,2,0.1081
2026-08-12T13:00:00,North-South Expressway (KL-JB),North-South Expressway (KL-JB) :: Seremban->Johor Bahru,1,2.7297,101.9381,1.4927,103.7414,13,2,0.1207
2026-08-12T14:00:00,North-South Expressway (KL-JB),North-South Expressway (KL-JB) :: Seremban->Johor Bahru,1,2.7297,101.9381,1.4927,103.7414,14,2,0.1295
2026-08-12T15:00:00,North-South Expressway (KL-JB),North-South Expressway (KL-JB) :: Seremban->Johor Bahru,1,2.7297,101.9381,1.4927,103.7414,15,2,0.2817
2026-08-12T16:00:00,North-South Expressway (KL-JB),North-South Expressway (KL-JB) :: Seremban->Johor Bahru,1,2.7297,101.9381,1.4927,103.7414,16,2,0.4137
2026-08-12T17:00:00,North-South Expressway (KL-JB),North-South Expressway (KL-JB) :: Seremban->Johor Bahru,1,2.7297,101.9381,1.4927,103.7414,17,2,0.553
2026-08-12T18:00:00,North-South Expressway (KL-JB),North-South Expressway (KL-JB) :: Seremban->Johor Bahru,1,2.7297,101.9381,1.4927,103.7414,18,2,0.6785
2026-08-12T19:00:00,North-South Expressway (KL-JB),North-South Expressway (KL-JB) :: Seremban->Johor Bahru,1,2.7297,101.9381,1.4927,103.7414,19,2,0.4552
2026-08-12T20:00:00,North-South Expressway (KL-JB),North-South Expressway (KL-JB) :: Seremban->Johor Bahru,1,2.7297,101.9381,1.4927,103.7414,20,2,0.4597
2026-08-12T21:00:00,North-South Expressway (KL-JB),North-South Expressway (KL-JB) :: Seremban->Johor Bahru,1,2.7297,101.9381,1.4927,103.7414,21,2,0.3233
2026-08-12T22:00:00,North-South Expressway (KL-JB),North-South Expressway (KL-JB) :: Seremban->Johor Bahru,1,2.7297,101.9381,1.4927,103.7414,22,2,0.22
2026-08-12T23:00:00,North-South Expressway (KL-JB),North-South Expressway (KL-JB) :: Seremban->Johor Bahru,1,2.7297,101.9381,1.4927,103.7414,23,2,0.2674
2026-08-13T00:00:00,North-South Expressway (KL-JB),North-South Expressway (KL-JB) :: Seremban->Johor Bahru,1,2.7297,101.9381,1.4927,103.7414,0,3,0.0581
2026-08-13T01:00:00,North-South Expressway (KL-JB),North-South Expressway (KL-JB) :: Seremban->Johor Bahru,1,2.7297,101.9381,1.4927,103.7414,1,3,0.126
2026-08-13T02:00:00,North-South Expressway (KL-JB),North-South Expressway (KL-JB) :: Seremban->Johor Bahru,1,2.7297,101.9381,1.4927,103.7414,2,3,0.1134
2026-08-13T03:00:00,North-South Expressway (KL-JB),North-South Expressway (KL-JB) :: Seremban->Johor Bahru,1,2.7297,101.9381,1.4927,103.7414,3,3,0.2016
2026-08-13T04:00:00,North-South Expressway (KL-JB),North-South Expressway (KL-JB) :: Seremban->Johor Bahru,1,2.7297,101.9381,1.4927,103.7414,4,3,0.1019
2026-08-13T05:00:00,North-South Expressway (KL-JB),North-South Expressway (KL-JB) :: Seremban->Johor Bahru,1,2.7297,101.9381,1.4927,103.7414,5,3,0.2456
2026-08-13T06:00:00,North-South Expressway (KL-JB),North-South Expressway (KL-JB) :: Seremban->Johor Bahru,1,2.7297,101.9381,1.4927,103.7414,6,3,0.3887
2026-08-13T07:00:00,North-South Expressway (KL-JB),North-South Expressway (KL-JB) :: Seremban->Johor Bahru,1,2.7297,101.9381,1.4927,103.7414,7,3,0.5146
2026-08-13T08:00:00,North-South Expressway (KL-JB),North-South Expressway (KL-JB) :: Seremban->Johor Bahru,1,2.7297,101.9381,1.4927,103.7414,8,3,0.5795
2026-08-13T09:00:00,North-South Expressway (KL-JB),North-South Expressway (KL-JB) :: Seremban->Johor Bahru,1,2.7297,101.9381,1.4927,103.7414,9,3,0.4136
2026-08-13T10:00:00,North-South Expressway (KL-JB),North-South Expressway (KL-JB) :: Seremban->Johor Bahru,1,2.7297,101.9381,1.4927,103.7414,10,3,0.2557
2026-08-13T11:00:00,North-South Expressway (KL-JB),North-South Expressway (KL-JB) :: Seremban->Johor Bahru,1,2.7297,101.9381,1.4927,103.7414,11,3,0.2752
2026-08-13T12:00:00,North-South Expressway (KL-JB),North-South Expressway (KL-JB) :: Seremban->Johor Bahru,1,2.7297,101.9381,1.4927,103.7414,12,3,0.212
2026-08-13T13:00:00,North-South Expressway (KL-JB),North-South Expressway (KL-JB) :: Seremban->Johor Bahru,1,2.7297,101.9381,1.4927,103.7414,13,3,0.159
2026-08-13T14:00:00,North-South Expressway (KL-JB),North-South Expressway (KL-JB) :: Seremban->Johor Bahru,1,2.7297,101.9381,1.4927,103.7414,14,3,0.1508
2026-08-13T15:00:00,North-South Expressway (KL-JB),North-South Expressway (KL-JB) :: Seremban->Johor Bahru,1,2.7297,101.9381,1.4927,103.7414,15,3,0.1103
2026-08-13T16:00:00,North-South Expressway (KL-JB),North-South Expressway (KL-JB) :: Seremban->Johor Bahru,1,2.7297,101.9381,1.4927,103.7414,16,3,0.2954
2026-08-13T17:00:00,North-South Expressway (KL-JB),North-South Expressway (KL-JB) :: Seremban->Johor Bahru,1,2.7297,101.9381,1.4927,103.7414,17,3,0.6406
2026-08-13T18:00:00,North-South Expressway (KL-JB),North-South Expressway (KL-JB) :: Seremban->Johor Bahru,1,2.7297,101.9381,1.4927,103.7414,18,3,0.5307
2026-08-13T19:00:00,North-South Expressway (KL-JB),North-South Expressway (KL-JB) :: Seremban->Johor Bahru,1,2.7297,101.9381,1.4927,103.7414,19,3,0.5373
2026-08-13T20:00:00,North-South Expressway (KL-JB),North-South Expressway (KL-JB) :: Seremban->Johor Bahru,1,2.7297,101.9381,1.4927,103.7414,20,3,0.4201
2026-08-13T21:00:00,North-South Expressway (KL-JB),North-South Expressway (KL-JB) :: Seremban->Johor Bahru,1,2.7297,101.9381,1.4927,103.7414,21,3,0.1566
2026-08-13T22:00:00,North-South Expressway (KL-JB),North-South Expressway (KL-JB) :: Seremban->Johor Bahru,1,2.7297,101.9381,1.4927,103.7414,22,3,0.1869
2026-08-13T23:00:00,North-South Expressway (KL-JB),North-South Expressway (KL-JB) :: Seremban->Johor Bahru,1,2.7297,101.9381,1.4927,103.7414,23,3,0.2168
2026-08-14T00:00:00,North-South Expressway (KL-JB),North-South Expressway (KL-JB) :: Seremban->Johor Bahru,1,2.7297,101.9381,1.4927,103.7414,0,4,0.1583
2026-08-14T01:00:00,North-South Expressway (KL-JB),North-South Expressway (KL-JB) :: Seremban->Johor Bahru,1,2.7297,101.9381,1.4927,103.7414,1,4,0.3296
2026-08-14T02:00:00,North-South Expressway (KL-JB),North-South Expressway (KL-JB) :: Seremban->Johor Bahru,1,2.7297,101.9381,1.4927,103.7414,2,4,0.0574
2026-08-14T03:00:00,North-South Expressway (KL-JB),North-South Expressway (KL-JB) :: Seremban->Johor Bahru,1,2.7297,101.9381,1.4927,103.7414,3,4,0.2218
2026-08-14T04:00:00,North-South Expressway (KL-JB),North-South Expressway (KL-JB) :: Seremban->Johor Bahru,1,2.7297,101.9381,1.4927,103.7414,4,4,0.1545
2026-08-14T05:00:00,North-South Expressway (KL-JB),North-South Expressway (KL-JB) :: Seremban->Johor Bahru,1,2.7297,101.9381,1.4927,103.7414,5,4,0.2465
2026-08-14T06:00:00,North-South Expressway (KL-JB),North-South Expressway (KL-JB) :: Seremban->Johor Bahru,1,2.7297,101.9381,1.4927,103.7414,6,4,0.333
2026-08-14T07:00:00,North-South Expressway (KL-JB),North-South Expressway (KL-JB) :: Seremban->Johor Bahru,1,2.7297,101.9381,1.4927,103.7414,7,4,0.4289
2026-08-14T08:00:00,North-South Expressway (KL-JB),North-South Expressway (KL-JB) :: Seremban->Johor Bahru,1,2.7297,101.9381,1.4927,103.7414,8,4,0.5762
2026-08-14T09:00:00,North-South Expressway (KL-JB),North-South Expressway (KL-JB) :: Seremban->Johor Bahru,1,2.7297,101.9381,1.4927,103.7414,9,4,0.3614
2026-08-14T10:00:00,North-South Expressway (KL-JB),North-South Expressway (KL-JB) :: Seremban->Johor Bahru,1,2.7297,101.9381,1.4927,103.7414,10,4,0.3427
2026-08-14T11:00:00,North-South Expressway (KL-JB),North-South Expressway (KL-JB) :: Seremban->Johor Bahru,1,2.7297,101.9381,1.4927,103.7414,11,4,0.2181
2026-08-14T12:00:00,North-South Expressway (KL-JB),North-South Expressway (KL-JB) :: Seremban->Johor Bahru,1,2.7297,101.9381,1.4927,103.7414,12,4,0.2036
2026-08-14T13:00:00,North-South Expressway (KL-JB),North-South Expressway (KL-JB) :: Seremban->Johor Bahru,1,2.7297,101.9381,1.4927,103.7414,13,4,0.2248
2026-08-14T14:00:00,North-South Expressway (KL-JB),North-South Expressway (KL-JB) :: Seremban->Johor Bahru,1,2.7297,101.9381,1.4927,103.7414,14,4,0.198
2026-08-14T15:00:00,North-South Expressway (KL-JB),North-South Expressway (KL-JB) :: Seremban->Johor Bahru,1,2.7297,101.9381,1.4927,103.7414,15,4,0.2408
2026-08-14T16:00:00,North-South Expressway (KL-JB),North-South Expressway (KL-JB) :: Seremban->Johor Bahru,1,2.7297,101.9381,1.4927,103.7414,16,4,0.3068
2026-08-14T17:00:00,North-South Expressway (KL-JB),North-South Expressway (KL-JB) :: Seremban->Johor Bahru,1,2.7297,101.9381,1.4927,103.7414,17,4,0.4832
2026-08-14T18:00:00,North-South Expressway (KL-JB),North-South Expressway (KL-JB) :: Seremban->Johor Bahru,1,2.7297,101.9381,1.4927,103.7414,18,4,0.6787
2026-08-14T19:00:00,North-South Expressway (KL-JB),North-South Expressway (KL-JB) :: Seremban->Johor Bahru,1,2.7297,101.9381,1.4927,103.7414,19,4,0.6121
2026-08-14T20:00:00,North-South Expressway (KL-JB),North-South Expressway (KL-JB) :: Seremban->Johor Bahru,1,2.7297,101.9381,1.4927,103.7414,20,4,0.3454
2026-08-14T21:00:00,North-South Expressway (KL-JB),North-South Expressway (KL-JB) :: Seremban->Johor Bahru,1,2.7297,101.9381,1.4927,103.7414,21,4,0.2346
2026-08-14T22:00:00,North-South Expressway (KL-JB),North-South Expressway (KL-JB) :: Seremban->Johor Bahru,1,2.7297,101.9381,1.4927,103.7414,22,4,0.1216
2026-08-14T23:00:00,North-South Expressway (KL-JB),North-South Expressway (KL-JB) :: Seremban->Johor Bahru,1,2.7297,101.9381,1.4927,103.7414,23,4,0.2309
2026-08-15T00:00:00,North-South Expressway (KL-JB),North-South Expressway (KL-JB) :: Seremban->Johor Bahru,1,2.7297,101.9381,1.4927,103.7414,0,5,0.1974
2026-08-15T01:00:00,North-South Expressway (KL-JB),North-South Expressway (KL-JB) :: Seremban->Johor Bahru,1,2.7297,101.9381,1.4927,103.7414,1,5,0.274
2026-08-15T02:00:00,North-South Expressway (KL-JB),North-South Expressway (KL-JB) :: Seremban->Johor Bahru,1,2.7297,101.9381,1.4927,103.7414,2,5,0.1049
2026-08-15T03:00:00,North-South Expressway (KL-JB),North-South Expressway (KL-JB) :: Seremban->Johor Bahru,1,2.7297,101.9381,1.4927,103.7414,3,5,0.1356
2026-08-15T04:00:00,North-South Expressway (KL-JB),North-South Expressway (KL-JB) :: Seremban->Johor Bahru,1,2.7297,101.9381,1.4927,103.7414,4,5,0.1788
2026-08-15T05:00:00,North-South Expressway (KL-JB),North-South Expressway (KL-JB) :: Seremban->Johor Bahru,1,2.7297,101.9381,1.4927,103.7414,5,5,0.239
2026-08-15T06:00:00,North-South Expressway (KL-JB),North-South Expressway (KL-JB) :: Seremban->Johor Bahru,1,2.7297,101.9381,1.4927,103.7414,6,5,0.2936
2026-08-15T07:00:00,North-South Expressway (KL-JB),North-South Expressway (KL-JB) :: Seremban->Johor Bahru,1,2.7297,101.9381,1.4927,103.7414,7,5,0.4205
2026-08-15T08:00:00,North-South Expressway (KL-JB),North-South Expressway (KL-JB) :: Seremban->Johor Bahru,1,2.7297,101.9381,1.4927,103.7414,8,5,0.6154
2026-08-15T09:00:00,North-South Expressway (KL-JB),North-South Expressway (KL-JB) :: Seremban->Johor Bahru,1,2.7297,101.9381,1.4927,103.7414,9,5,0.5162
2026-08-15T10:00:00,North-South Expressway (KL-JB),North-South Expressway (KL-JB) :: Seremban->Johor Bahru,1,2.7297,101.9381,1.4927,103.7414,10,5,0.2515
2026-08-15T11:00:00,North-South Expressway (KL-JB),North-South Expressway (KL-JB) :: Seremban->Johor Bahru,1,2.7297,101.9381,1.4927,103.7414,11,5,0.2815
2026-08-15T12:00:00,North-South Expressway (KL-JB),North-South Expressway (KL-JB) :: Seremban->Johor Bahru,1,2.7297,101.9381,1.4927,103.7414,12,5,0.2355
2026-08-15T13:00:00,North-South Expressway (KL-JB),North-South Expressway (KL-JB) :: Seremban->Johor Bahru,1,2.7297,101.9381,1.4927,103.7414,13,5,0.1694
2026-08-15T14:00:00,North-South Expressway (KL-JB),North-South Expressway (KL-JB) :: Seremban->Johor Bahru,1,2.7297,101.9381,1.4927,103.7414,14,5,0.1807
2026-08-15T15:00:00,North-South Expressway (KL-JB),North-South Expressway (KL-JB) :: Seremban->Johor Bahru,1,2.7297,101.9381,1.4927,103.7414,15,5,0.2651
2026-08-15T16:00:00,North-South Expressway (KL-JB),North-South Expressway (KL-JB) :: Seremban->Johor Bahru,1,2.7297,101.9381,1.4927,103.7414,16,5,0.308
2026-08-15T17:00:00,North-South Expressway (KL-JB),North-South Expressway (KL-JB) :: Seremban->Johor Bahru,1,2.7297,101.9381,1.4927,103.7414,17,5,0.5277
2026-08-15T18:00:00,North-South Expressway (KL-JB),North-South Expressway (KL-JB) :: Seremban->Johor Bahru,1,2.7297,101.9381,1.4927,103.7414,18,5,0.4784
2026-08-15T19:00:00,North-South Expressway (KL-JB),North-South Expressway (KL-JB) :: Seremban->Johor Bahru,1,2.7297,101.9381,1.4927,103.7414,19,5,0.5785
2026-08-15T20:00:00,North-South Expressway (KL-JB),North-South Expressway (KL-JB) :: Seremban->Johor Bahru,1,2.7297,101.9381,1.4927,103.7414,20,5,0.266
2026-08-15T21:00:00,North-South Expressway (KL-JB),North-South Expressway (KL-JB) :: Seremban->Johor Bahru,1,2.7297,101.9381,1.4927,103.7414,21,5,0.3221
2026-08-15T22:00:00,North-South Expressway (KL-JB),North-South Expressway (KL-JB) :: Seremban->Johor Bahru,1,2.7297,101.9381,1.4927,103.7414,22,5,0.156
2026-08-15T23:00:00,North-South Expressway (KL-JB),North-South Expressway (KL-JB) :: Seremban->Johor Bahru,1,2.7297,101.9381,1.4927,103.7414,23,5,0.1478
2026-08-16T00:00:00,North-South Expressway (KL-JB),North-South Expressway (KL-JB) :: Seremban->Johor Bahru,1,2.7297,101.9381,1.4927,103.7414,0,6,0.1198
2026-08-16T01:00:00,North-South Expressway (KL-JB),North-South Expressway (KL-JB) :: Seremban->Johor Bahru,1,2.7297,101.9381,1.4927,103.7414,1,6,0.1402
2026-08-16T02:00:00,North-South Expressway (KL-JB),North-South Expressway (KL-JB) :: Seremban->Johor Bahru,1,2.7297,101.9381,1.4927,103.7414,2,6,0.2427
2026-08-16T03:00:00,North-South Expressway (KL-JB),North-South Expressway (KL-JB) :: Seremban->Johor Bahru,1,2.7297,101.9381,1.4927,103.7414,3,6,0.009
2026-08-16T04:00:00,North-South Expressway (KL-JB),North-South Expressway (KL-JB) :: Seremban->Johor Bahru,1,2.7297,101.9381,1.4927,103.7414,4,6,0.2415
2026-08-16T05:00:00,North-South Expressway (KL-JB),North-South Expressway (KL-JB) :: Seremban->Johor Bahru,1,2.7297,101.9381,1.4927,103.7414,5,6,0.2205
2026-08-16T06:00:00,North-South Expressway (KL-JB),North-South Expressway (KL-JB) :: Seremban->Johor Bahru,1,2.7297,101.9381,1.4927,103.7414,6,6,0.2341
2026-08-16T07:00:00,North-South Expressway (KL-JB),North-South Expressway (KL-JB) :: Seremban->Johor Bahru,1,2.7297,101.9381,1.4927,103.7414,7,6,0.4084
2026-08-16T08:00:00,North-South Expressway (KL-JB),North-South Expressway (KL-JB) :: Seremban->Johor Bahru,1,2.7297,101.9381,1.4927,103.7414,8,6,0.6631
2026-08-16T09:00:00,North-South Expressway (KL-JB),North-South Expressway (KL-JB) :: Seremban->Johor Bahru,1,2.7297,101.9381,1.4927,103.7414,9,6,0.4162
2026-08-16T10:00:00,North-South Expressway (KL-JB),North-South Expressway (KL-JB) :: Seremban->Johor Bahru,1,2.7297,101.9381,1.4927,103.7414,10,6,0.2373
2026-08-16T11:00:00,North-South Expressway (KL-JB),North-South Expressway (KL-JB) :: Seremban->Johor Bahru,1,2.7297,101.9381,1.4927,103.7414,11,6,0.2685
2026-08-16T12:00:00,North-South Expressway (KL-JB),North-South Expressway (KL-JB) :: Seremban->Johor Bahru,1,2.7297,101.9381,1.4927,103.7414,12,6,0.1856
2026-08-16T13:00:00,North-South Expressway (KL-JB),North-South Expressway (KL-JB) :: Seremban->Johor Bahru,1,2.7297,101.9381,1.4927,103.7414,13,6,0.105
2026-08-16T14:00:00,North-South Expressway (KL-JB),North-South Expressway (KL-JB) :: Seremban->Johor Bahru,1,2.7297,101.9381,1.4927,103.7414,14,6,0.1889
2026-08-16T15:00:00,North-South Expressway (KL-JB),North-South Expressway (KL-JB) :: Seremban->Johor Bahru,1,2.7297,101.9381,1.4927,103.7414,15,6,0.1703
2026-08-16T16:00:00,North-South Expressway (KL-JB),North-South Expressway (KL-JB) :: Seremban->Johor Bahru,1,2.7297,101.9381,1.4927,103.7414,16,6,0.4257
2026-08-16T17:00:00,North-South Expressway (KL-JB),North-South Expressway (KL-JB) :: Seremban->Johor Bahru,1,2.7297,101.9381,1.4927,103.7414,17,6,0.5896
2026-08-16T18:00:00,North-South Expressway (KL-JB),North-South Expressway (KL-JB) :: Seremban->Johor Bahru,1,2.7297,101.9381,1.4927,103.7414,18,6,0.6394
2026-08-16T19:00:00,North-South Expressway (KL-JB),North-South Expressway (KL-JB) :: Seremban->Johor Bahru,1,2.7297,101.9381,1.4927,103.7414,19,6,0.5476
2026-08-16T20:00:00,North-South Expressway (KL-JB),North-South Expressway (KL-JB) :: Seremban->Johor Bahru,1,2.7297,101.9381,1.4927,103.7414,20,6,0.4654
2026-08-16T21:00:00,North-South Expressway (KL-JB),North-South Expressway (KL-JB) :: Seremban->Johor Bahru,1,2.7297,101.9381,1.4927,103.7414,21,6,0.2319
2026-08-16T22:00:00,North-South Expressway (KL-JB),North-South Expressway (KL-JB) :: Seremban->Johor Bahru,1,2.7297,101.9381,1.4927,103.7414,22,6,0.1049
2026-08-16T23:00:00,North-South Expressway (KL-JB),North-South Expressway (KL-JB) :: Seremban->Johor Bahru,1,2.7297,101.9381,1.4927,103.7414,23,6,0.1875
2026-08-17T00:00:00,North-South Expressway (KL-JB),North-South Expressway (KL-JB) :: Seremban->Johor Bahru,1,2.7297,101.9381,1.4927,103.7414,0,0,0.2827
2026-08-17T01:00:00,North-South Expressway (KL-JB),North-South Expressway (KL-JB) :: Seremban->Johor Bahru,1,2.7297,101.9381,1.4927,103.7414,1,0,0.0966
2026-08-17T02:00:00,North-South Expressway (KL-JB),North-South Expressway (KL-JB) :: Seremban->Johor Bahru,1,2.7297,101.9381,1.4927,103.7414,2,0,0.1359
2026-08-17T03:00:00,North-South Expressway (KL-JB),North-South Expressway (KL-JB) :: Seremban->Johor Bahru,1,2.7297,101.9381,1.4927,103.7414,3,0,0.1833
2026-08-17T04:00:00,North-South Expressway (KL-JB),North-South Expressway (KL-JB) :: Seremban->Johor Bahru,1,2.7297,101.9381,1.4927,103.7414,4,0,0.1617
2026-08-17T05:00:00,North-South Expressway (KL-JB),North-South Expressway (KL-JB) :: Seremban->Johor Bahru,1,2.7297,101.9381,1.4927,103.7414,5,0,0.1412
2026-08-17T06:00:00,North-South Expressway (KL-JB),North-South Expressway (KL-JB) :: Seremban->Johor Bahru,1,2.7297,101.9381,1.4927,103.7414,6,0,0.3738
2026-08-17T07:00:00,North-South Expressway (KL-JB),North-South Expressway (KL-JB) :: Seremban->Johor Bahru,1,2.7297,101.9381,1.4927,103.7414,7,0,0.6121
2026-08-17T08:00:00,North-South Expressway (KL-JB),North-South Expressway (KL-JB) :: Seremban->Johor Bahru,1,2.7297,101.9381,1.4927,103.7414,8,0,0.5743
2026-08-17T09:00:00,North-South Expressway (KL-JB),North-South Expressway (KL-JB) :: Seremban->Johor Bahru,1,2.7297,101.9381,1.4927,103.7414,9,0,0.4187
2026-08-17T10:00:00,North-South Expressway (KL-JB),North-South Expressway (KL-JB) :: Seremban->Johor Bahru,1,2.7297,101.9381,1.4927,103.7414,10,0,0.2136
2026-08-17T11:00:00,North-South Expressway (KL-JB),North-South Expressway (KL-JB) :: Seremban->Johor Bahru,1,2.7297,101.9381,1.4927,103.7414,11,0,0.2157
2026-08-17T12:00:00,North-South Expressway (KL-JB),North-South Expressway (KL-JB) :: Seremban->Johor Bahru,1,2.7297,101.9381,1.4927,103.7414,12,0,0.2315
2026-08-17T13:00:00,North-South Expressway (KL-JB),North-South Expressway (KL-JB) :: Seremban->Johor Bahru,1,2.7297,101.9381,1.4927,103.7414,13,0,0.1898
2026-08-17T14:00:00,North-South Expressway (KL-JB),North-South Expressway (KL-JB) :: Seremban->Johor Bahru,1,2.7297,101.9381,1.4927,103.7414,14,0,0.1757
2026-08-17T15:00:00,North-South Expressway (KL-JB),North-South Expressway (KL-JB) :: Seremban->Johor Bahru,1,2.7297,101.9381,1.4927,103.7414,15,0,0.1965
2026-08-17T16:00:00,North-South Expressway (KL-JB),North-South Expressway (KL-JB) :: Seremban->Johor Bahru,1,2.7297,101.9381,1.4927,103.7414,16,0,0.2942
2026-08-17T17:00:00,North-South Expressway (KL-JB),North-South Expressway (KL-JB) :: Seremban->Johor Bahru,1,2.7297,101.9381,1.4927,103.7414,17,0,0.576
2026-08-17T18:00:00,North-South Expressway (KL-JB),North-South Expressway (KL-JB) :: Seremban->Johor Bahru,1,2.7297,101.9381,1.4927,103.7414,18,0,0.6623
2026-08-17T19:00:00,North-South Expressway (KL-JB),North-South Expressway (KL-JB) :: Seremban->Johor Bahru,1,2.7297,101.9381,1.4927,103.7414,19,0,0.4332
2026-08-17T20:00:00,North-South Expressway (KL-JB),North-South Expressway (KL-JB) :: Seremban->Johor Bahru,1,2.7297,101.9381,1.4927,103.7414,20,0,0.4551
2026-08-17T21:00:00,North-South Expressway (KL-JB),North-South Expressway (KL-JB) :: Seremban->Johor Bahru,1,2.7297,101.9381,1.4927,103.7414,21,0,0.2663
2026-08-17T22:00:00,North-South Expressway (KL-JB),North-South Expressway (KL-JB) :: Seremban->Johor Bahru,1,2.7297,101.9381,1.4927,103.7414,22,0,0.2598
2026-08-17T23:00:00,North-South Expressway (KL-JB),North-South Expressway (KL-JB) :: Seremban->Johor Bahru,1,2.7297,101.9381,1.4927,103.7414,23,0,0.08
2026-08-18T00:00:00,North-South Expressway (KL-JB),North-South Expressway (KL-JB) :: Seremban->Johor Bahru,1,2.7297,101.9381,1.4927,103.7414,0,1,0.0756
2026-08-18T01:00:00,North-South Expressway (KL-JB),North-South Expressway (KL-JB) :: Seremban->Johor Bahru,1,2.7297,101.9381,1.4927,103.7414,1,1,0.1486
2026-08-18T02:00:00,North-South Expressway (KL-JB),North-South Expressway (KL-JB) :: Seremban->Johor Bahru,1,2.7297,101.9381,1.4927,103.7414,2,1,0.1877
2026-08-18T03:00:00,North-South Expressway (KL-JB),North-South Expressway (KL-JB) :: Seremban->Johor Bahru,1,2.7297,101.9381,1.4927,103.7414,3,1,0.2661
2026-08-18T04:00:00,North-South Expressway (KL-JB),North-South Expressway (KL-JB) :: Seremban->Johor Bahru,1,2.7297,101.9381,1.4927,103.7414,4,1,0.2073
2026-08-18T05:00:00,North-South Expressway (KL-JB),North-South Expressway (KL-JB) :: Seremban->Johor Bahru,1,2.7297,101.9381,1.4927,103.7414,5,1,0.1856
2026-08-18T06:00:00,North-South Expressway (KL-JB),North-South Expressway (KL-JB) :: Seremban->Johor Bahru,1,2.7297,101.9381,1.4927,103.7414,6,1,0.2449
2026-08-18T07:00:00,North-South Expressway (KL-JB),North-South Expressway (KL-JB) :: Seremban->Johor Bahru,1,2.7297,101.9381,1.4927,103.7414,7,1,0.5467
2026-08-18T08:00:00,North-South Expressway (KL-JB),North-South Expressway (KL-JB) :: Seremban->Johor Bahru,1,2.7297,101.9381,1.4927,103.7414,8,1,0.5046
2026-08-18T09:00:00,North-South Expressway (KL-JB),North-South Expressway (KL-JB) :: Seremban->Johor Bahru,1,2.7297,101.9381,1.4927,103.7414,9,1,0.5706
2026-08-18T10:00:00,North-South Expressway (KL-JB),North-South Expressway (KL-JB) :: Seremban->Johor Bahru,1,2.7297,101.9381,1.4927,103.7414,10,1,0.2894
2026-08-18T11:00:00,North-South Expressway (KL-JB),North-South Expressway (KL-JB) :: Seremban->Johor Bahru,1,2.7297,101.9381,1.4927,103.7414,11,1,0.2956
2026-08-18T12:00:00,North-South Expressway (KL-JB),North-South Expressway (KL-JB) :: Seremban->Johor Bahru,1,2.7297,101.9381,1.4927,103.7414,12,1,0.206
2026-08-18T13:00:00,North-South Expressway (KL-JB),North-South Expressway (KL-JB) :: Seremban->Johor Bahru,1,2.7297,101.9381,1.4927,103.7414,13,1,0.1531
2026-08-18T14:00:00,North-South Expressway (KL-JB),North-South Expressway (KL-JB) :: Seremban->Johor Bahru,1,2.7297,101.9381,1.4927,103.7414,14,1,0.1447
2026-08-18T15:00:00,North-South Expressway (KL-JB),North-South Expressway (KL-JB) :: Seremban->Johor Bahru,1,2.7297,101.9381,1.4927,103.7414,15,1,0.2114
2026-08-18T16:00:00,North-South Expressway (KL-JB),North-South Expressway (KL-JB) :: Seremban->Johor Bahru,1,2.7297,101.9381,1.4927,103.7414,16,1,0.3854
2026-08-18T17:00:00,North-South Expressway (KL-JB),North-South Expressway (KL-JB) :: Seremban->Johor Bahru,1,2.7297,101.9381,1.4927,103.7414,17,1,0.5306
2026-08-18T18:00:00,North-South Expressway (KL-JB),North-South Expressway (KL-JB) :: Seremban->Johor Bahru,1,2.7297,101.9381,1.4927,103.7414,18,1,0.5719
2026-08-18T19:00:00,North-South Expressway (KL-JB),North-South Expressway (KL-JB) :: Seremban->Johor Bahru,1,2.7297,101.9381,1.4927,103.7414,19,1,0.516
2026-08-18T20:00:00,North-South Expressway (KL-JB),North-South Expressway (KL-JB) :: Seremban->Johor Bahru,1,2.7297,101.9381,1.4927,103.7414,20,1,0.3644
2026-08-18T21:00:00,North-South Expressway (KL-JB),North-South Expressway (KL-JB) :: Seremban->Johor Bahru,1,2.7297,101.9381,1.4927,103.7414,21,1,0.1042
2026-08-18T22:00:00,North-South Expressway (KL-JB),North-South Expressway (KL-JB) :: Seremban->Johor Bahru,1,2.7297,101.9381,1.4927,103.7414,22,1,0.2033
2026-08-18T23:00:00,North-South Expressway (KL-JB),North-South Expressway (KL-JB) :: Seremban->Johor Bahru,1,2.7297,101.9381,1.4927,103.7414,23,1,0.1017
2026-08-19T00:00:00,North-South Expressway (KL-JB),North-South Expressway (KL-JB) :: Seremban->Johor Bahru,1,2.7297,101.9381,1.4927,103.7414,0,2,0.0883
2026-08-19T01:00:00,North-South Expressway (KL-JB),North-South Expressway (KL-JB) :: Seremban->Johor Bahru,1,2.7297,101.9381,1.4927,103.7414,1,2,0.0563
2026-08-19T02:00:00,North-South Expressway (KL-JB),North-South Expressway (KL-JB) :: Seremban->Johor Bahru,1,2.7297,101.9381,1.4927,103.7414,2,2,0.0499
2026-08-19T03:00:00,North-South Expressway (KL-JB),North-South Expressway (KL-JB) :: Seremban->Johor Bahru,1,2.7297,101.9381,1.4927,103.7414,3,2,0.077
2026-08-19T04:00:00,North-South Expressway (KL-JB),North-South Expressway (KL-JB) :: Seremban->Johor Bahru,1,2.7297,101.9381,1.4927,103.7414,4,2,0.1224
2026-08-19T05:00:00,North-South Expressway (KL-JB),North-South Expressway (KL-JB) :: Seremban->Johor Bahru,1,2.7297,101.9381,1.4927,103.7414,5,2,0.3174
2026-08-19T06:00:00,North-South Expressway (KL-JB),North-South Expressway (KL-JB) :: Seremban->Johor Bahru,1,2.7297,101.9381,1.4927,103.7414,6,2,0.2749
2026-08-19T07:00:00,North-South Expressway (KL-JB),North-South Expressway (KL-JB) :: Seremban->Johor Bahru,1,2.7297,101.9381,1.4927,103.7414,7,2,0.4836
2026-08-19T08:00:00,North-South Expressway (KL-JB),North-South Expressway (KL-JB) :: Seremban->Johor Bahru,1,2.7297,101.9381,1.4927,103.7414,8,2,0.5865
2026-08-19T09:00:00,North-South Expressway (KL-JB),North-South Expressway (KL-JB) :: Seremban->Johor Bahru,1,2.7297,101.9381,1.4927,103.7414,9,2,0.4808
2026-08-19T10:00:00,North-South Expressway (KL-JB),North-South Expressway (KL-JB) :: Seremban->Johor Bahru,1,2.7297,101.9381,1.4927,103.7414,10,2,0.3018
2026-08-19T11:00:00,North-South Expressway (KL-JB),North-South Expressway (KL-JB) :: Seremban->Johor Bahru,1,2.7297,101.9381,1.4927,103.7414,11,2,0.1285
2026-08-19T12:00:00,North-South Expressway (KL-JB),North-South Expressway (KL-JB) :: Seremban->Johor Bahru,1,2.7297,101.9381,1.4927,103.7414,12,2,0.2523
2026-08-19T13:00:00,North-South Expressway (KL-JB),North-South Expressway (KL-JB) :: Seremban->Johor Bahru,1,2.7297,101.9381,1.4927,103.7414,13,2,0.2697
2026-08-19T14:00:00,North-South Expressway (KL-JB),North-South Expressway (KL-JB) :: Seremban->Johor Bahru,1,2.7297,101.9381,1.4927,103.7414,14,2,0.0749
2026-08-19T15:00:00,North-South Expressway (KL-JB),North-South Expressway (KL-JB) :: Seremban->Johor Bahru,1,2.7297,101.9381,1.4927,103.7414,15,2,0.1704
2026-08-19T16:00:00,North-South Expressway (KL-JB),North-South Expressway (KL-JB) :: Seremban->Johor Bahru,1,2.7297,101.9381,1.4927,103.7414,16,2,0.3429
2026-08-19T17:00:00,North-South Expressway (KL-JB),North-South Expressway (KL-JB) :: Seremban->Johor Bahru,1,2.7297,101.9381,1.4927,103.7414,17,2,0.4681
2026-08-19T18:00:00,North-South Expressway (KL-JB),North-South Expressway (KL-JB) :: Seremban->Johor Bahru,1,2.7297,101.9381,1.4927,103.7414,18,2,0.6379
2026-08-19T19:00:00,North-South Expressway (KL-JB),North-South Expressway (KL-JB) :: Seremban->Johor Bahru,1,2.7297,101.9381,1.4927,103.7414,19,2,0.4822
2026-08-19T20:00:00,North-South Expressway (KL-JB),North-South Expressway (KL-JB) :: Seremban->Johor Bahru,1,2.7297,101.9381,1.4927,103.7414,20,2,0.4896
2026-08-19T21:00:00,North-South Expressway (KL-JB),North-South Expressway (KL-JB) :: Seremban->Johor Bahru,1,2.7297,101.9381,1.4927,103.7414,21,2,0.3033
2026-08-19T22:00:00,North-South Expressway (KL-JB),North-South Expressway (KL-JB) :: Seremban->Johor Bahru,1,2.7297,101.9381,1.4927,103.7414,22,2,0.1886
2026-08-19T23:00:00,North-South Expressway (KL-JB),North-South Expressway (KL-JB) :: Seremban->Johor Bahru,1,2.7297,101.9381,1.4927,103.7414,23,2,0.2222
2026-08-20T00:00:00,North-South Expressway (KL-JB),North-South Expressway (KL-JB) :: Seremban->Johor Bahru,1,2.7297,101.9381,1.4927,103.7414,0,3,0.2239
2026-08-20T01:00:00,North-South Expressway (KL-JB),North-South Expressway (KL-JB) :: Seremban->Johor Bahru,1,2.7297,101.9381,1.4927,103.7414,1,3,0.1237
2026-08-20T02:00:00,North-South Expressway (KL-JB),North-South Expressway (KL-JB) :: Seremban->Johor Bahru,1,2.7297,101.9381,1.4927,103.7414,2,3,0.1086
2026-08-20T03:00:00,North-South Expressway (KL-JB),North-South Expressway (KL-JB) :: Seremban->Johor Bahru,1,2.7297,101.9381,1.4927,103.7414,3,3,0.163
2026-08-20T04:00:00,North-South Expressway (KL-JB),North-South Expressway (KL-JB) :: Seremban->Johor Bahru,1,2.7297,101.9381,1.4927,103.7414,4,3,0.2166
2026-08-20T05:00:00,North-South Expressway (KL-JB),North-South Expressway (KL-JB) :: Seremban->Johor Bahru,1,2.7297,101.9381,1.4927,103.7414,5,3,0.2085
2026-08-20T06:00:00,North-South Expressway (KL-JB),North-South Expressway (KL-JB) :: Seremban->Johor Bahru,1,2.7297,101.9381,1.4927,103.7414,6,3,0.2119
2026-08-20T07:00:00,North-South Expressway (KL-JB),North-South Expressway (KL-JB) :: Seremban->Johor Bahru,1,2.7297,101.9381,1.4927,103.7414,7,3,0.4247
2026-08-20T08:00:00,North-South Expressway (KL-JB),North-South Expressway (KL-JB) :: Seremban->Johor Bahru,1,2.7297,101.9381,1.4927,103.7414,8,3,0.5581
2026-08-20T09:00:00,North-South Expressway (KL-JB),North-South Expressway (KL-JB) :: Seremban->Johor Bahru,1,2.7297,101.9381,1.4927,103.7414,9,3,0.4684
2026-08-20T10:00:00,North-South Expressway (KL-JB),North-South Expressway (KL-JB) :: Seremban->Johor Bahru,1,2.7297,101.9381,1.4927,103.7414,10,3,0.4248
2026-08-20T11:00:00,North-South Expressway (KL-JB),North-South Expressway (KL-JB) :: Seremban->Johor Bahru,1,2.7297,101.9381,1.4927,103.7414,11,3,0.1171
2026-08-20T12:00:00,North-South Expressway (KL-JB),North-South Expressway (KL-JB) :: Seremban->Johor Bahru,1,2.7297,101.9381,1.4927,103.7414,12,3,0.1956
2026-08-20T13:00:00,North-South Expressway (KL-JB),North-South Expressway (KL-JB) :: Seremban->Johor Bahru,1,2.7297,101.9381,1.4927,103.7414,13,3,0.2507
2026-08-20T14:00:00,North-South Expressway (KL-JB),North-South Expressway (KL-JB) :: Seremban->Johor Bahru,1,2.7297,101.9381,1.4927,103.7414,14,3,0.3122
2026-08-20T15:00:00,North-South Expressway (KL-JB),North-South Expressway (KL-JB) :: Seremban->Johor Bahru,1,2.7297,101.9381,1.4927,103.7414,15,3,0.2076
2026-08-20T16:00:00,North-South Expressway (KL-JB),North-South Expressway (KL-JB) :: Seremban->Johor Bahru,1,2.7297,101.9381,1.4927,103.7414,16,3,0.3892
2026-08-20T17:00:00,North-South Expressway (KL-JB),North-South Expressway (KL-JB) :: Seremban->Johor Bahru,1,2.7297,101.9381,1.4927,103.7414,17,3,0.5601
2026-08-20T18:00:00,North-South Expressway (KL-JB),North-South Expressway (KL-JB) :: Seremban->Johor Bahru,1,2.7297,101.9381,1.4927,103.7414,18,3,0.6192
2026-08-20T19:00:00,North-South Expressway (KL-JB),North-South Expressway (KL-JB) :: Seremban->Johor Bahru,1,2.7297,101.9381,1.4927,103.7414,19,3,0.52
2026-08-20T20:00:00,North-South Expressway (KL-JB),North-South Expressway (KL-JB) :: Seremban->Johor Bahru,1,2.7297,101.9381,1.4927,103.7414,20,3,0.3859
2026-08-20T21:00:00,North-South Expressway (KL-JB),North-South Expressway (KL-JB) :: Seremban->Johor Bahru,1,2.7297,101.9381,1.4927,103.7414,21,3,0.0799
2026-08-20T22:00:00,North-South Expressway (KL-JB),North-South Expressway (KL-JB) :: Seremban->Johor Bahru,1,2.7297,101.9381,1.4927,103.7414,22,3,0.2168
2026-08-20T23:00:00,North-South Expressway (KL-JB),North-South Expressway (KL-JB) :: Seremban->Johor Bahru,1,2.7297,101.9381,1.4927,103.7414,23,3,0.1681
2026-08-21T00:00:00,North-South Expressway (KL-JB),North-South Expressway (KL-JB) :: Seremban->Johor Bahru,1,2.7297,101.9381,1.4927,103.7414,0,4,0.1442
2026-08-21T01:00:00,North-South Expressway (KL-JB),North-South Expressway (KL-JB) :: Seremban->Johor Bahru,1,2.7297,101.9381,1.4927,103.7414,1,4,0.2803
2026-08-21T02:00:00,North-South Expressway (KL-JB),North-South Expressway (KL-JB) :: Seremban->Johor Bahru,1,2.7297,101.9381,1.4927,103.7414,2,4,0.1171
2026-08-21T03:00:00,North-South Expressway (KL-JB),North-South Expressway (KL-JB) :: Seremban->Johor Bahru,1,2.7297,101.9381,1.4927,103.7414,3,4,0.1341
2026-08-21T04:00:00,North-South Expressway (KL-JB),North-South Expressway (KL-JB) :: Seremban->Johor Bahru,1,2.7297,101.9381,1.4927,103.7414,4,4,0.2844
2026-08-21T05:00:00,North-South Expressway (KL-JB),North-South Expressway (KL-JB) :: Seremban->Johor Bahru,1,2.7297,101.9381,1.4927,103.7414,5,4,0.1503
2026-08-21T06:00:00,North-South Expressway (KL-JB),North-South Expressway (KL-JB) :: Seremban->Johor Bahru,1,2.7297,101.9381,1.4927,103.7414,6,4,0.2735
2026-08-21T07:00:00,North-South Expressway (KL-JB),North-South Expressway (KL-JB) :: Seremban->Johor Bahru,1,2.7297,101.9381,1.4927,103.7414,7,4,0.4641
2026-08-21T08:00:00,North-South Expressway (KL-JB),North-South Expressway (KL-JB) :: Seremban->Johor Bahru,1,2.7297,101.9381,1.4927,103.7414,8,4,0.6129
2026-08-21T09:00:00,North-South Expressway (KL-JB),North-South Expressway (KL-JB) :: Seremban->Johor Bahru,1,2.7297,101.9381,1.4927,103.7414,9,4,0.4854
2026-08-21T10:00:00,North-South Expressway (KL-JB),North-South Expressway (KL-JB) :: Seremban->Johor Bahru,1,2.7297,101.9381,1.4927,103.7414,10,4,0.2289
2026-08-21T11:00:00,North-South Expressway (KL-JB),North-South Expressway (KL-JB) :: Seremban->Johor Bahru,1,2.7297,101.9381,1.4927,103.7414,11,4,0.1683
2026-08-21T12:00:00,North-South Expressway (KL-JB),North-South Expressway (KL-JB) :: Seremban->Johor Bahru,1,2.7297,101.9381,1.4927,103.7414,12,4,0.1288
2026-08-21T13:00:00,North-South Expressway (KL-JB),North-South Expressway (KL-JB) :: Seremban->Johor Bahru,1,2.7297,101.9381,1.4927,103.7414,13,4,0.1567
2026-08-21T14:00:00,North-South Expressway (KL-JB),North-South Expressway (KL-JB) :: Seremban->Johor Bahru,1,2.7297,101.9381,1.4927,103.7414,14,4,0.2014
2026-08-21T15:00:00,North-South Expressway (KL-JB),North-South Expressway (KL-JB) :: Seremban->Johor Bahru,1,2.7297,101.9381,1.4927,103.7414,15,4,0.257
2026-08-21T16:00:00,North-South Expressway (KL-JB),North-South Expressway (KL-JB) :: Seremban->Johor Bahru,1,2.7297,101.9381,1.4927,103.7414,16,4,0.2531
2026-08-21T17:00:00,North-South Expressway (KL-JB),North-South Expressway (KL-JB) :: Seremban->Johor Bahru,1,2.7297,101.9381,1.4927,103.7414,17,4,0.5898
2026-08-21T18:00:00,North-South Expressway (KL-JB),North-South Expressway (KL-JB) :: Seremban->Johor Bahru,1,2.7297,101.9381,1.4927,103.7414,18,4,0.6227
2026-08-21T19:00:00,North-South Expressway (KL-JB),North-South Expressway (KL-JB) :: Seremban->Johor Bahru,1,2.7297,101.9381,1.4927,103.7414,19,4,0.609
2026-08-21T20:00:00,North-South Expressway (KL-JB),North-South Expressway (KL-JB) :: Seremban->Johor Bahru,1,2.7297,101.9381,1.4927,103.7414,20,4,0.3863
2026-08-21T21:00:00,North-South Expressway (KL-JB),North-South Expressway (KL-JB) :: Seremban->Johor Bahru,1,2.7297,101.9381,1.4927,103.7414,21,4,0.298
2026-08-21T22:00:00,North-South Expressway (KL-JB),North-South Expressway (KL-JB) :: Seremban->Johor Bahru,1,2.7297,101.9381,1.4927,103.7414,22,4,0.2038
2026-08-21T23:00:00,North-South Expressway (KL-JB),North-South Expressway (KL-JB) :: Seremban->Johor Bahru,1,2.7297,101.9381,1.4927,103.7414,23,4,0.2413
2026-08-22T00:00:00,North-South Expressway (KL-JB),North-South Expressway (KL-JB) :: Seremban->Johor Bahru,1,2.7297,101.9381,1.4927,103.7414,0,5,0.1888
2026-08-22T01:00:00,North-South Expressway (KL-JB),North-South Expressway (KL-JB) :: Seremban->Johor Bahru,1,2.7297,101.9381,1.4927,103.7414,1,5,0.1516
2026-08-22T02:00:00,North-South Expressway (KL-JB),North-South Expressway (KL-JB) :: Seremban->Johor Bahru,1,2.7297,101.9381,1.4927,103.7414,2,5,0.2939
2026-08-22T03:00:00,North-South Expressway (KL-JB),North-South Expressway (KL-JB) :: Seremban->Johor Bahru,1,2.7297,101.9381,1.4927,103.7414,3,5,0.2116
2026-08-22T04:00:00,North-South Expressway (KL-JB),North-South Expressway (KL-JB) :: Seremban->Johor Bahru,1,2.7297,101.9381,1.4927,103.7414,4,5,0.1993
2026-08-22T05:00:00,North-South Expressway (KL-JB),North-South Expressway (KL-JB) :: Seremban->Johor Bahru,1,2.7297,101.9381,1.4927,103.7414,5,5,0.1236
2026-08-22T06:00:00,North-South Expressway (KL-JB),North-South Expressway (KL-JB) :: Seremban->Johor Bahru,1,2.7297,101.9381,1.4927,103.7414,6,5,0.2292
2026-08-22T07:00:00,North-South Expressway (KL-JB),North-South Expressway (KL-JB) :: Seremban->Johor Bahru,1,2.7297,101.9381,1.4927,103.7414,7,5,0.4905
2026-08-22T08:00:00,North-South Expressway (KL-JB),North-South Expressway (KL-JB) :: Seremban->Johor Bahru,1,2.7297,101.9381,1.4927,103.7414,8,5,0.5712
2026-08-22T09:00:00,North-South Expressway (KL-JB),North-South Expressway (KL-JB) :: Seremban->Johor Bahru,1,2.7297,101.9381,1.4927,103.7414,9,5,0.4361
2026-08-22T10:00:00,North-South Expressway (KL-JB),North-South Expressway (KL-JB) :: Seremban->Johor Bahru,1,2.7297,101.9381,1.4927,103.7414,10,5,0.315
2026-08-22T11:00:00,North-South Expressway (KL-JB),North-South Expressway (KL-JB) :: Seremban->Johor Bahru,1,2.7297,101.9381,1.4927,103.7414,11,5,0.2955
2026-08-22T12:00:00,North-South Expressway (KL-JB),North-South Expressway (KL-JB) :: Seremban->Johor Bahru,1,2.7297,101.9381,1.4927,103.7414,12,5,0.207
2026-08-22T13:00:00,North-South Expressway (KL-JB),North-South Expressway (KL-JB) :: Seremban->Johor Bahru,1,2.7297,101.9381,1.4927,103.7414,13,5,0.0929
2026-08-22T14:00:00,North-South Expressway (KL-JB),North-South Expressway (KL-JB) :: Seremban->Johor Bahru,1,2.7297,101.9381,1.4927,103.7414,14,5,0.1692
2026-08-22T15:00:00,North-South Expressway (KL-JB),North-South Expressway (KL-JB) :: Seremban->Johor Bahru,1,2.7297,101.9381,1.4927,103.7414,15,5,0.1836
2026-08-22T16:00:00,North-South Expressway (KL-JB),North-South Expressway (KL-JB) :: Seremban->Johor Bahru,1,2.7297,101.9381,1.4927,103.7414,16,5,0.3364
2026-08-22T17:00:00,North-South Expressway (KL-JB),North-South Expressway (KL-JB) :: Seremban->Johor Bahru,1,2.7297,101.9381,1.4927,103.7414,17,5,0.5011
2026-08-22T18:00:00,North-South Expressway (KL-JB),North-South Expressway (KL-JB) :: Seremban->Johor Bahru,1,2.7297,101.9381,1.4927,103.7414,18,5,0.5788
2026-08-22T19:00:00,North-South Expressway (KL-JB),North-South Expressway (KL-JB) :: Seremban->Johor Bahru,1,2.7297,101.9381,1.4927,103.7414,19,5,0.4506
2026-08-22T20:00:00,North-South Expressway (KL-JB),North-South Expressway (KL-JB) :: Seremban->Johor Bahru,1,2.7297,101.9381,1.4927,103.7414,20,5,0.352
2026-08-22T21:00:00,North-South Expressway (KL-JB),North-South Expressway (KL-JB) :: Seremban->Johor Bahru,1,2.7297,101.9381,1.4927,103.7414,21,5,0.1982
2026-08-22T22:00:00,North-South Expressway (KL-JB),North-South Expressway (KL-JB) :: Seremban->Johor Bahru,1,2.7297,101.9381,1.4927,103.7414,22,5,0.0001
2026-08-22T23:00:00,North-South Expressway (KL-JB),North-South Expressway (KL-JB) :: Seremban->Johor Bahru,1,2.7297,101.9381,1.4927,103.7414,23,5,0.2837
2026-08-23T00:00:00,North-South Expressway (KL-JB),North-South Expressway (KL-JB) :: Seremban->Johor Bahru,1,2.7297,101.9381,1.4927,103.7414,0,6,0.2228
2026-08-23T01:00:00,North-South Expressway (KL-JB),North-South Expressway (KL-JB) :: Seremban->Johor Bahru,1,2.7297,101.9381,1.4927,103.7414,1,6,0.1349
2026-08-23T02:00:00,North-South Expressway (KL-JB),North-South Expressway (KL-JB) :: Seremban->Johor Bahru,1,2.7297,101.9381,1.4927,103.7414,2,6,0.1587
2026-08-23T03:00:00,North-South Expressway (KL-JB),North-South Expressway (KL-JB) :: Seremban->Johor Bahru,1,2.7297,101.9381,1.4927,103.7414,3,6,0.088
2026-08-23T04:00:00,North-South Expressway (KL-JB),North-South Expressway (KL-JB) :: Seremban->Johor Bahru,1,2.7297,101.9381,1.4927,103.7414,4,6,0.2667
2026-08-23T05:00:00,North-South Expressway (KL-JB),North-South Expressway (KL-JB) :: Seremban->Johor Bahru,1,2.7297,101.9381,1.4927,103.7414,5,6,0.314
2026-08-23T06:00:00,North-South Expressway (KL-JB),North-South Expressway (KL-JB) :: Seremban->Johor Bahru,1,2.7297,101.9381,1.4927,103.7414,6,6,0.3159
2026-08-23T07:00:00,North-South Expressway (KL-JB),North-South Expressway (KL-JB) :: Seremban->Johor Bahru,1,2.7297,101.9381,1.4927,103.7414,7,6,0.5343
2026-08-23T08:00:00,North-South Expressway (KL-JB),North-South Expressway (KL-JB) :: Seremban->Johor Bahru,1,2.7297,101.9381,1.4927,103.7414,8,6,0.573
2026-08-23T09:00:00,North-South Expressway (KL-JB),North-South Expressway (KL-JB) :: Seremban->Johor Bahru,1,2.7297,101.9381,1.4927,103.7414,9,6,0.3927
2026-08-23T10:00:00,North-South Expressway (KL-JB),North-South Expressway (KL-JB) :: Seremban->Johor Bahru,1,2.7297,101.9381,1.4927,103.7414,10,6,0.2818
2026-08-23T11:00:00,North-South Expressway (KL-JB),North-South Expressway (KL-JB) :: Seremban->Johor Bahru,1,2.7297,101.9381,1.4927,103.7414,11,6,0.2081
2026-08-23T12:00:00,North-South Expressway (KL-JB),North-South Expressway (KL-JB) :: Seremban->Johor Bahru,1,2.7297,101.9381,1.4927,103.7414,12,6,0.138
2026-08-23T13:00:00,North-South Expressway (KL-JB),North-South Expressway (KL-JB) :: Seremban->Johor Bahru,1,2.7297,101.9381,1.4927,103.7414,13,6,0.1482
2026-08-23T14:00:00,North-South Expressway (KL-JB),North-South Expressway (KL-JB) :: Seremban->Johor Bahru,1,2.7297,101.9381,1.4927,103.7414,14,6,0.1704
2026-08-23T15:00:00,North-South Expressway (KL-JB),North-South Expressway (KL-JB) :: Seremban->Johor Bahru,1,2.7297,101.9381,1.4927,103.7414,15,6,0.227
2026-08-23T16:00:00,North-South Expressway (KL-JB),North-South Expressway (KL-JB) :: Seremban->Johor Bahru,1,2.7297,101.9381,1.4927,103.7414,16,6,0.3628
2026-08-23T17:00:00,North-South Expressway (KL-JB),North-South Expressway (KL-JB) :: Seremban->Johor Bahru,1,2.7297,101.9381,1.4927,103.7414,17,6,0.4623
2026-08-23T18:00:00,North-South Expressway (KL-JB),North-South Expressway (KL-JB) :: Seremban->Johor Bahru,1,2.7297,101.9381,1.4927,103.7414,18,6,0.5645
2026-08-23T19:00:00,North-South Expressway (KL-JB),North-South Expressway (KL-JB) :: Seremban->Johor Bahru,1,2.7297,101.9381,1.4927,103.7414,19,6,0.4489
2026-08-23T20:00:00,North-South Expressway (KL-JB),North-South Expressway (KL-JB) :: Seremban->Johor Bahru,1,2.7297,101.9381,1.4927,103.7414,20,6,0.4184
2026-08-23T21:00:00,North-South Expressway (KL-JB),North-South Expressway (KL-JB) :: Seremban->Johor Bahru,1,2.7297,101.9381,1.4927,103.7414,21,6,0.1055
2026-08-23T22:00:00,North-South Expressway (KL-JB),North-South Expressway (KL-JB) :: Seremban->Johor Bahru,1,2.7297,101.9381,1.4927,103.7414,22,6,0.2451
2026-08-23T23:00:00,North-South Expressway (KL-JB),North-South Expressway (KL-JB) :: Seremban->Johor Bahru,1,2.7297,101.9381,1.4927,103.7414,23,6,0.2437
2026-08-24T00:00:00,North-South Expressway (KL-JB),North-South Expressway (KL-JB) :: Seremban->Johor Bahru,1,2.7297,101.9381,1.4927,103.7414,0,0,0.1394
2026-08-24T01:00:00,North-South Expressway (KL-JB),North-South Expressway (KL-JB) :: Seremban->Johor Bahru,1,2.7297,101.9381,1.4927,103.7414,1,0,0.0013
2026-08-24T02:00:00,North-South Expressway (KL-JB),North-South Expressway (KL-JB) :: Seremban->Johor Bahru,1,2.7297,101.9381,1.4927,103.7414,2,0,0.1359
2026-08-24T03:00:00,North-South Expressway (KL-JB),North-South Expressway (KL-JB) :: Seremban->Johor Bahru,1,2.7297,101.9381,1.4927,103.7414,3,0,0.1544
2026-08-24T04:00:00,North-South Expressway (KL-JB),North-South Expressway (KL-JB) :: Seremban->Johor Bahru,1,2.7297,101.9381,1.4927,103.7414,4,0,0.1043
2026-08-24T05:00:00,North-South Expressway (KL-JB),North-South Expressway (KL-JB) :: Seremban->Johor Bahru,1,2.7297,101.9381,1.4927,103.7414,5,0,0.1693
2026-08-24T06:00:00,North-South Expressway (KL-JB),North-South Expressway (KL-JB) :: Seremban->Johor Bahru,1,2.7297,101.9381,1.4927,103.7414,6,0,0.3983
2026-08-24T07:00:00,North-South Expressway (KL-JB),North-South Expressway (KL-JB) :: Seremban->Johor Bahru,1,2.7297,101.9381,1.4927,103.7414,7,0,0.5128
2026-08-24T08:00:00,North-South Expressway (KL-JB),North-South Expressway (KL-JB) :: Seremban->Johor Bahru,1,2.7297,101.9381,1.4927,103.7414,8,0,0.507
2026-08-24T09:00:00,North-South Expressway (KL-JB),North-South Expressway (KL-JB) :: Seremban->Johor Bahru,1,2.7297,101.9381,1.4927,103.7414,9,0,0.3771
2026-08-24T10:00:00,North-South Expressway (KL-JB),North-South Expressway (KL-JB) :: Seremban->Johor Bahru,1,2.7297,101.9381,1.4927,103.7414,10,0,0.2869
2026-08-24T11:00:00,North-South Expressway (KL-JB),North-South Expressway (KL-JB) :: Seremban->Johor Bahru,1,2.7297,101.9381,1.4927,103.7414,11,0,0.1874
2026-08-24T12:00:00,North-South Expressway (KL-JB),North-South Expressway (KL-JB) :: Seremban->Johor Bahru,1,2.7297,101.9381,1.4927,103.7414,12,0,0.195
2026-08-24T13:00:00,North-South Expressway (KL-JB),North-South Expressway (KL-JB) :: Seremban->Johor Bahru,1,2.7297,101.9381,1.4927,103.7414,13,0,0.1292
2026-08-24T14:00:00,North-South Expressway (KL-JB),North-South Expressway (KL-JB) :: Seremban->Johor Bahru,1,2.7297,101.9381,1.4927,103.7414,14,0,0.2066
2026-08-24T15:00:00,North-South Expressway (KL-JB),North-South Expressway (KL-JB) :: Seremban->Johor Bahru,1,2.7297,101.9381,1.4927,103.7414,15,0,0.348
2026-08-24T16:00:00,North-South Expressway (KL-JB),North-South Expressway (KL-JB) :: Seremban->Johor Bahru,1,2.7297,101.9381,1.4927,103.7414,16,0,0.4086
2026-08-24T17:00:00,North-South Expressway (KL-JB),North-South Expressway (KL-JB) :: Seremban->Johor Bahru,1,2.7297,101.9381,1.4927,103.7414,17,0,0.523
2026-08-24T18:00:00,North-South Expressway (KL-JB),North-South Expressway (KL-JB) :: Seremban->Johor Bahru,1,2.7297,101.9381,1.4927,103.7414,18,0,0.5965
2026-08-24T19:00:00,North-South Expressway (KL-JB),North-South Expressway (KL-JB) :: Seremban->Johor Bahru,1,2.7297,101.9381,1.4927,103.7414,19,0,0.5045
2026-08-24T20:00:00,North-South Expressway (KL-JB),North-South Expressway (KL-JB) :: Seremban->Johor Bahru,1,2.7297,101.9381,1.4927,103.7414,20,0,0.4305
2026-08-24T21:00:00,North-South Expressway (KL-JB),North-South Expressway (KL-JB) :: Seremban->Johor Bahru,1,2.7297,101.9381,1.4927,103.7414,21,0,0.1942
2026-08-24T22:00:00,North-South Expressway (KL-JB),North-South Expressway (KL-JB) :: Seremban->Johor Bahru,1,2.7297,101.9381,1.4927,103.7414,22,0,0.1786
2026-08-24T23:00:00,North-South Expressway (KL-JB),North-South Expressway (KL-JB) :: Seremban->Johor Bahru,1,2.7297,101.9381,1.4927,103.7414,23,0,0.1636
2026-08-25T00:00:00,North-South Expressway (KL-JB),North-South Expressway (KL-JB) :: Seremban->Johor Bahru,1,2.7297,101.9381,1.4927,103.7414,0,1,0.1274
2026-08-25T01:00:00,North-South Expressway (KL-JB),North-South Expressway (KL-JB) :: Seremban->Johor Bahru,1,2.7297,101.9381,1.4927,103.7414,1,1,0.0752
2026-08-25T02:00:00,North-South Expressway (KL-JB),North-South Expressway (KL-JB) :: Seremban->Johor Bahru,1,2.7297,101.9381,1.4927,103.7414,2,1,0.1769
2026-08-25T03:00:00,North-South Expressway (KL-JB),North-South Expressway (KL-JB) :: Seremban->Johor Bahru,1,2.7297,101.9381,1.4927,103.7414,3,1,0.1546
2026-08-25T04:00:00,North-South Expressway (KL-JB),North-South Expressway (KL-JB) :: Seremban->Johor Bahru,1,2.7297,101.9381,1.4927,103.7414,4,1,0.1949
2026-08-25T05:00:00,North-South Expressway (KL-JB),North-South Expressway (KL-JB) :: Seremban->Johor Bahru,1,2.7297,101.9381,1.4927,103.7414,5,1,0.1682
2026-08-25T06:00:00,North-South Expressway (KL-JB),North-South Expressway (KL-JB) :: Seremban->Johor Bahru,1,2.7297,101.9381,1.4927,103.7414,6,1,0.3797
2026-08-25T07:00:00,North-South Expressway (KL-JB),North-South Expressway (KL-JB) :: Seremban->Johor Bahru,1,2.7297,101.9381,1.4927,103.7414,7,1,0.4203
2026-08-25T08:00:00,North-South Expressway (KL-JB),North-South Expressway (KL-JB) :: Seremban->Johor Bahru,1,2.7297,101.9381,1.4927,103.7414,8,1,0.6652
2026-08-25T09:00:00,North-South Expressway (KL-JB),North-South Expressway (KL-JB) :: Seremban->Johor Bahru,1,2.7297,101.9381,1.4927,103.7414,9,1,0.3681
2026-08-25T10:00:00,North-South Expressway (KL-JB),North-South Expressway (KL-JB) :: Seremban->Johor Bahru,1,2.7297,101.9381,1.4927,103.7414,10,1,0.3326
2026-08-25T11:00:00,North-South Expressway (KL-JB),North-South Expressway (KL-JB) :: Seremban->Johor Bahru,1,2.7297,101.9381,1.4927,103.7414,11,1,0.2287
2026-08-25T12:00:00,North-South Expressway (KL-JB),North-South Expressway (KL-JB) :: Seremban->Johor Bahru,1,2.7297,101.9381,1.4927,103.7414,12,1,0.1175
2026-08-25T13:00:00,North-South Expressway (KL-JB),North-South Expressway (KL-JB) :: Seremban->Johor Bahru,1,2.7297,101.9381,1.4927,103.7414,13,1,0.1868
2026-08-25T14:00:00,North-South Expressway (KL-JB),North-South Expressway (KL-JB) :: Seremban->Johor Bahru,1,2.7297,101.9381,1.4927,103.7414,14,1,0.2527
2026-08-25T15:00:00,North-South Expressway (KL-JB),North-South Expressway (KL-JB) :: Seremban->Johor Bahru,1,2.7297,101.9381,1.4927,103.7414,15,1,0.0989
2026-08-25T16:00:00,North-South Expressway (KL-JB),North-South Expressway (KL-JB) :: Seremban->Johor Bahru,1,2.7297,101.9381,1.4927,103.7414,16,1,0.3899
2026-08-25T17:00:00,North-South Expressway (KL-JB),North-South Expressway (KL-JB) :: Seremban->Johor Bahru,1,2.7297,101.9381,1.4927,103.7414,17,1,0.3763
2026-08-25T18:00:00,North-South Expressway (KL-JB),North-South Expressway (KL-JB) :: Seremban->Johor Bahru,1,2.7297,101.9381,1.4927,103.7414,18,1,0.5496
2026-08-25T19:00:00,North-South Expressway (KL-JB),North-South Expressway (KL-JB) :: Seremban->Johor Bahru,1,2.7297,101.9381,1.4927,103.7414,19,1,0.6237
2026-08-25T20:00:00,North-South Expressway (KL-JB),North-South Expressway (KL-JB) :: Seremban->Johor Bahru,1,2.7297,101.9381,1.4927,103.7414,20,1,0.3248
2026-08-25T21:00:00,North-South Expressway (KL-JB),North-South Expressway (KL-JB) :: Seremban->Johor Bahru,1,2.7297,101.9381,1.4927,103.7414,21,1,0.1615
2026-08-25T22:00:00,North-South Expressway (KL-JB),North-South Expressway (KL-JB) :: Seremban->Johor Bahru,1,2.7297,101.9381,1.4927,103.7414,22,1,0.164
2026-08-25T23:00:00,North-South Expressway (KL-JB),North-South Expressway (KL-JB) :: Seremban->Johor Bahru,1,2.7297,101.9381,1.4927,103.7414,23,1,0.2846
2026-08-26T00:00:00,North-South Expressway (KL-JB),North-South Expressway (KL-JB) :: Seremban->Johor Bahru,1,2.7297,101.9381,1.4927,103.7414,0,2,0.0476
2026-08-26T01:00:00,North-South Expressway (KL-JB),North-South Expressway (KL-JB) :: Seremban->Johor Bahru,1,2.7297,101.9381,1.4927,103.7414,1,2,0.0944
2026-08-26T02:00:00,North-South Expressway (KL-JB),North-South Expressway (KL-JB) :: Seremban->Johor Bahru,1,2.7297,101.9381,1.4927,103.7414,2,2,0.2474
2026-08-26T03:00:00,North-South Expressway (KL-JB),North-South Expressway (KL-JB) :: Seremban->Johor Bahru,1,2.7297,101.9381,1.4927,103.7414,3,2,0.2697
2026-08-26T04:00:00,North-South Expressway (KL-JB),North-South Expressway (KL-JB) :: Seremban->Johor Bahru,1,2.7297,101.9381,1.4927,103.7414,4,2,0.1587
2026-08-26T05:00:00,North-South Expressway (KL-JB),North-South Expressway (KL-JB) :: Seremban->Johor Bahru,1,2.7297,101.9381,1.4927,103.7414,5,2,0.1258
2026-08-26T06:00:00,North-South Expressway (KL-JB),North-South Expressway (KL-JB) :: Seremban->Johor Bahru,1,2.7297,101.9381,1.4927,103.7414,6,2,0.4322
2026-08-26T07:00:00,North-South Expressway (KL-JB),North-South Expressway (KL-JB) :: Seremban->Johor Bahru,1,2.7297,101.9381,1.4927,103.7414,7,2,0.5686
2026-08-26T08:00:00,North-South Expressway (KL-JB),North-South Expressway (KL-JB) :: Seremban->Johor Bahru,1,2.7297,101.9381,1.4927,103.7414,8,2,0.6032
2026-08-26T09:00:00,North-South Expressway (KL-JB),North-South Expressway (KL-JB) :: Seremban->Johor Bahru,1,2.7297,101.9381,1.4927,103.7414,9,2,0.4242
2026-08-26T10:00:00,North-South Expressway (KL-JB),North-South Expressway (KL-JB) :: Seremban->Johor Bahru,1,2.7297,101.9381,1.4927,103.7414,10,2,0.3036
2026-08-26T11:00:00,North-South Expressway (KL-JB),North-South Expressway (KL-JB) :: Seremban->Johor Bahru,1,2.7297,101.9381,1.4927,103.7414,11,2,0.1906
2026-08-26T12:00:00,North-South Expressway (KL-JB),North-South Expressway (KL-JB) :: Seremban->Johor Bahru,1,2.7297,101.9381,1.4927,103.7414,12,2,0.1851
2026-08-26T13:00:00,North-South Expressway (KL-JB),North-South Expressway (KL-JB) :: Seremban->Johor Bahru,1,2.7297,101.9381,1.4927,103.7414,13,2,0.2484
2026-08-26T14:00:00,North-South Expressway (KL-JB),North-South Expressway (KL-JB) :: Seremban->Johor Bahru,1,2.7297,101.9381,1.4927,103.7414,14,2,0.2287
2026-08-26T15:00:00,North-South Expressway (KL-JB),North-South Expressway (KL-JB) :: Seremban->Johor Bahru,1,2.7297,101.9381,1.4927,103.7414,15,2,0.1672
2026-08-26T16:00:00,North-South Expressway (KL-JB),North-South Expressway (KL-JB) :: Seremban->Johor Bahru,1,2.7297,101.9381,1.4927,103.7414,16,2,0.4423
2026-08-26T17:00:00,North-South Expressway (KL-JB),North-South Expressway (KL-JB) :: Seremban->Johor Bahru,1,2.7297,101.9381,1.4927,103.7414,17,2,0.5447
2026-08-26T18:00:00,North-South Expressway (KL-JB),North-South Expressway (KL-JB) :: Seremban->Johor Bahru,1,2.7297,101.9381,1.4927,103.7414,18,2,0.6487
2026-08-26T19:00:00,North-South Expressway (KL-JB),North-South Expressway (KL-JB) :: Seremban->Johor Bahru,1,2.7297,101.9381,1.4927,103.7414,19,2,0.6139
2026-08-26T20:00:00,North-South Expressway (KL-JB),North-South Expressway (KL-JB) :: Seremban->Johor Bahru,1,2.7297,101.9381,1.4927,103.7414,20,2,0.293
2026-08-26T21:00:00,North-South Expressway (KL-JB),North-South Expressway (KL-JB) :: Seremban->Johor Bahru,1,2.7297,101.9381,1.4927,103.7414,21,2,0.2297
2026-08-26T22:00:00,North-South Expressway (KL-JB),North-South Expressway (KL-JB) :: Seremban->Johor Bahru,1,2.7297,101.9381,1.4927,103.7414,22,2,0.144
2026-08-26T23:00:00,North-South Expressway (KL-JB),North-South Expressway (KL-JB) :: Seremban->Johor Bahru,1,2.7297,101.9381,1.4927,103.7414,23,2,0.0665
2026-08-27T00:00:00,North-South Expressway (KL-JB),North-South Expressway (KL-JB) :: Seremban->Johor Bahru,1,2.7297,101.9381,1.4927,103.7414,0,3,0.1783
2026-08-27T01:00:00,North-South Expressway (KL-JB),North-South Expressway (KL-JB) :: Seremban->Johor Bahru,1,2.7297,101.9381,1.4927,103.7414,1,3,0.3082
2026-08-27T02:00:00,North-South Expressway (KL-JB),North-South Expressway (KL-JB) :: Seremban->Johor Bahru,1,2.7297,101.9381,1.4927,103.7414,2,3,0.0471
2026-08-27T03:00:00,North-South Expressway (KL-JB),North-South Expressway (KL-JB) :: Seremban->Johor Bahru,1,2.7297,101.9381,1.4927,103.7414,3,3,0.1563
2026-08-27T04:00:00,North-South Expressway (KL-JB),North-South Expressway (KL-JB) :: Seremban->Johor Bahru,1,2.7297,101.9381,1.4927,103.7414,4,3,0.2034
2026-08-27T05:00:00,North-South Expressway (KL-JB),North-South Expressway (KL-JB) :: Seremban->Johor Bahru,1,2.7297,101.9381,1.4927,103.7414,5,3,0.2076
2026-08-27T06:00:00,North-South Expressway (KL-JB),North-South Expressway (KL-JB) :: Seremban->Johor Bahru,1,2.7297,101.9381,1.4927,103.7414,6,3,0.2997
2026-08-27T07:00:00,North-South Expressway (KL-JB),North-South Expressway (KL-JB) :: Seremban->Johor Bahru,1,2.7297,101.9381,1.4927,103.7414,7,3,0.395
2026-08-27T08:00:00,North-South Expressway (KL-JB),North-South Expressway (KL-JB) :: Seremban->Johor Bahru,1,2.7297,101.9381,1.4927,103.7414,8,3,0.5765
2026-08-27T09:00:00,North-South Expressway (KL-JB),North-South Expressway (KL-JB) :: Seremban->Johor Bahru,1,2.7297,101.9381,1.4927,103.7414,9,3,0.4275
2026-08-27T10:00:00,North-South Expressway (KL-JB),North-South Expressway (KL-JB) :: Seremban->Johor Bahru,1,2.7297,101.9381,1.4927,103.7414,10,3,0.1751
2026-08-27T11:00:00,North-South Expressway (KL-JB),North-South Expressway (KL-JB) :: Seremban->Johor Bahru,1,2.7297,101.9381,1.4927,103.7414,11,3,0.2719
2026-08-27T12:00:00,North-South Expressway (KL-JB),North-South Expressway (KL-JB) :: Seremban->Johor Bahru,1,2.7297,101.9381,1.4927,103.7414,12,3,0.2228
2026-08-27T13:00:00,North-South Expressway (KL-JB),North-South Expressway (KL-JB) :: Seremban->Johor Bahru,1,2.7297,101.9381,1.4927,103.7414,13,3,0.1644
2026-08-27T14:00:00,North-South Expressway (KL-JB),North-South Expressway (KL-JB) :: Seremban->Johor Bahru,1,2.7297,101.9381,1.4927,103.7414,14,3,0.1896
2026-08-27T15:00:00,North-South Expressway (KL-JB),North-South Expressway (KL-JB) :: Seremban->Johor Bahru,1,2.7297,101.9381,1.4927,103.7414,15,3,0.2963
2026-08-27T16:00:00,North-South Expressway (KL-JB),North-South Expressway (KL-JB) :: Seremban->Johor Bahru,1,2.7297,101.9381,1.4927,103.7414,16,3,0.3732
2026-08-27T17:00:00,North-South Expressway (KL-JB),North-South Expressway (KL-JB) :: Seremban->Johor Bahru,1,2.7297,101.9381,1.4927,103.7414,17,3,0.5802
2026-08-27T18:00:00,North-South Expressway (KL-JB),North-South Expressway (KL-JB) :: Seremban->Johor Bahru,1,2.7297,101.9381,1.4927,103.7414,18,3,0.5897
2026-08-27T19:00:00,North-South Expressway (KL-JB),North-South Expressway (KL-JB) :: Seremban->Johor Bahru,1,2.7297,101.9381,1.4927,103.7414,19,3,0.6046
2026-08-27T20:00:00,North-South Expressway (KL-JB),North-South Expressway (KL-JB) :: Seremban->Johor Bahru,1,2.7297,101.9381,1.4927,103.7414,20,3,0.3789
2026-08-27T21:00:00,North-South Expressway (KL-JB),North-South Expressway (KL-JB) :: Seremban->Johor Bahru,1,2.7297,101.9381,1.4927,103.7414,21,3,0.2435
2026-08-27T22:00:00,North-South Expressway (KL-JB),North-South Expressway (KL-JB) :: Seremban->Johor Bahru,1,2.7297,101.9381,1.4927,103.7414,22,3,0.0996
2026-08-27T23:00:00,North-South Expressway (KL-JB),North-South Expressway (KL-JB) :: Seremban->Johor Bahru,1,2.7297,101.9381,1.4927,103.7414,23,3,0.1777
2026-08-28T00:00:00,North-South Expressway (KL-JB),North-South Expressway (KL-JB) :: Seremban->Johor Bahru,1,2.7297,101.9381,1.4927,103.7414,0,4,0.1076
2026-08-28T01:00:00,North-South Expressway (KL-JB),North-South Expressway (KL-JB) :: Seremban->Johor Bahru,1,2.7297,101.9381,1.4927,103.7414,1,4,0.1192
2026-08-28T02:00:00,North-South Expressway (KL-JB),North-South Expressway (KL-JB) :: Seremban->Johor Bahru,1,2.7297,101.9381,1.4927,103.7414,2,4,0.1086
2026-08-28T03:00:00,North-South Expressway (KL-JB),North-South Expressway (KL-JB) :: Seremban->Johor Bahru,1,2.7297,101.9381,1.4927,103.7414,3,4,0.0943
2026-08-28T04:00:00,North-South Expressway (KL-JB),North-South Expressway (KL-JB) :: Seremban->Johor Bahru,1,2.7297,101.9381,1.4927,103.7414,4,4,0.2924
2026-08-28T05:00:00,North-South Expressway (KL-JB),North-South Expressway (KL-JB) :: Seremban->Johor Bahru,1,2.7297,101.9381,1.4927,103.7414,5,4,0.2801
2026-08-28T06:00:00,North-South Expressway (KL-JB),North-South Expressway (KL-JB) :: Seremban->Johor Bahru,1,2.7297,101.9381,1.4927,103.7414,6,4,0.4217
2026-08-28T07:00:00,North-South Expressway (KL-JB),North-South Expressway (KL-JB) :: Seremban->Johor Bahru,1,2.7297,101.9381,1.4927,103.7414,7,4,0.3995
2026-08-28T08:00:00,North-South Expressway (KL-JB),North-South Expressway (KL-JB) :: Seremban->Johor Bahru,1,2.7297,101.9381,1.4927,103.7414,8,4,0.5668
2026-08-28T09:00:00,North-South Expressway (KL-JB),North-South Expressway (KL-JB) :: Seremban->Johor Bahru,1,2.7297,101.9381,1.4927,103.7414,9,4,0.3953
2026-08-28T10:00:00,North-South Expressway (KL-JB),North-South Expressway (KL-JB) :: Seremban->Johor Bahru,1,2.7297,101.9381,1.4927,103.7414,10,4,0.2648
2026-08-28T11:00:00,North-South Expressway (KL-JB),North-South Expressway (KL-JB) :: Seremban->Johor Bahru,1,2.7297,101.9381,1.4927,103.7414,11,4,0.1451
2026-08-28T12:00:00,North-South Expressway (KL-JB),North-South Expressway (KL-JB) :: Seremban->Johor Bahru,1,2.7297,101.9381,1.4927,103.7414,12,4,0.2396
2026-08-28T13:00:00,North-South Expressway (KL-JB),North-South Expressway (KL-JB) :: Seremban->Johor Bahru,1,2.7297,101.9381,1.4927,103.7414,13,4,0.1375
2026-08-28T14:00:00,North-South Expressway (KL-JB),North-South Expressway (KL-JB) :: Seremban->Johor Bahru,1,2.7297,101.9381,1.4927,103.7414,14,4,0.24
2026-08-28T15:00:00,North-South Expressway (KL-JB),North-South Expressway (KL-JB) :: Seremban->Johor Bahru,1,2.7297,101.9381,1.4927,103.7414,15,4,0.2681
2026-08-28T16:00:00,North-South Expressway (KL-JB),North-South Expressway (KL-JB) :: Seremban->Johor Bahru,1,2.7297,101.9381,1.4927,103.7414,16,4,0.4979
2026-08-28T17:00:00,North-South Expressway (KL-JB),North-South Expressway (KL-JB) :: Seremban->Johor Bahru,1,2.7297,101.9381,1.4927,103.7414,17,4,0.4372
2026-08-28T18:00:00,North-South Expressway (KL-JB),North-South Expressway (KL-JB) :: Seremban->Johor Bahru,1,2.7297,101.9381,1.4927,103.7414,18,4,0.6831
2026-08-28T19:00:00,North-South Expressway (KL-JB),North-South Expressway (KL-JB) :: Seremban->Johor Bahru,1,2.7297,101.9381,1.4927,103.7414,19,4,0.5947
2026-08-28T20:00:00,North-South Expressway (KL-JB),North-South Expressway (KL-JB) :: Seremban->Johor Bahru,1,2.7297,101.9381,1.4927,103.7414,20,4,0.3013
2026-08-28T21:00:00,North-South Expressway (KL-JB),North-South Expressway (KL-JB) :: Seremban->Johor Bahru,1,2.7297,101.9381,1.4927,103.7414,21,4,0.2923
2026-08-28T22:00:00,North-South Expressway (KL-JB),North-South Expressway (KL-JB) :: Seremban->Johor Bahru,1,2.7297,101.9381,1.4927,103.7414,22,4,0.196
2026-08-28T23:00:00,North-South Expressway (KL-JB),North-South Expressway (KL-JB) :: Seremban->Johor Bahru,1,2.7297,101.9381,1.4927,103.7414,23,4,0.1469
2026-07-30T00:00:00,North-South Expressway (KL-Penang),North-South Expressway (KL-Penang) :: Kuala Lumpur->Ipoh,0,3.139,101.6869,4.5975,101.0901,0,3,0.0906
2026-07-30T01:00:00,North-South Expressway (KL-Penang),North-South Expressway (KL-Penang) :: Kuala Lumpur->Ipoh,0,3.139,101.6869,4.5975,101.0901,1,3,0.0969
2026-07-30T02:00:00,North-South Expressway (KL-Penang),North-South Expressway (KL-Penang) :: Kuala Lumpur->Ipoh,0,3.139,101.6869,4.5975,101.0901,2,3,0.263
2026-07-30T03:00:00,North-South Expressway (KL-Penang),North-South Expressway (KL-Penang) :: Kuala Lumpur->Ipoh,0,3.139,101.6869,4.5975,101.0901,3,3,0.1407
2026-07-30T04:00:00,North-South Expressway (KL-Penang),North-South Expressway (KL-Penang) :: Kuala Lumpur->Ipoh,0,3.139,101.6869,4.5975,101.0901,4,3,0.1935
2026-07-30T05:00:00,North-South Expressway (KL-Penang),North-South Expressway (KL-Penang) :: Kuala Lumpur->Ipoh,0,3.139,101.6869,4.5975,101.0901,5,3,0.1305
2026-07-30T06:00:00,North-South Expressway (KL-Penang),North-South Expressway (KL-Penang) :: Kuala Lumpur->Ipoh,0,3.139,101.6869,4.5975,101.0901,6,3,0.2256
2026-07-30T07:00:00,North-South Expressway (KL-Penang),North-South Expressway (KL-Penang) :: Kuala Lumpur->Ipoh,0,3.139,101.6869,4.5975,101.0901,7,3,0.4853
2026-07-30T08:00:00,North-South Expressway (KL-Penang),North-South Expressway (KL-Penang) :: Kuala Lumpur->Ipoh,0,3.139,101.6869,4.5975,101.0901,8,3,0.419
2026-07-30T09:00:00,North-South Expressway (KL-Penang),North-South Expressway (KL-Penang) :: Kuala Lumpur->Ipoh,0,3.139,101.6869,4.5975,101.0901,9,3,0.3955
2026-07-30T10:00:00,North-South Expressway (KL-Penang),North-South Expressway (KL-Penang) :: Kuala Lumpur->Ipoh,0,3.139,101.6869,4.5975,101.0901,10,3,0.2745
2026-07-30T11:00:00,North-South Expressway (KL-Penang),North-South Expressway (KL-Penang) :: Kuala Lumpur->Ipoh,0,3.139,101.6869,4.5975,101.0901,11,3,0.1846
2026-07-30T12:00:00,North-South Expressway (KL-Penang),North-South Expressway (KL-Penang) :: Kuala Lumpur->Ipoh,0,3.139,101.6869,4.5975,101.0901,12,3,0.1361
2026-07-30T13:00:00,North-South Expressway (KL-Penang),North-South Expressway (KL-Penang) :: Kuala Lumpur->Ipoh,0,3.139,101.6869,4.5975,101.0901,13,3,0.1671
2026-07-30T14:00:00,North-South Expressway (KL-Penang),North-South Expressway (KL-Penang) :: Kuala Lumpur->Ipoh,0,3.139,101.6869,4.5975,101.0901,14,3,0.1979
2026-07-30T15:00:00,North-South Expressway (KL-Penang),North-South Expressway (KL-Penang) :: Kuala Lumpur->Ipoh,0,3.139,101.6869,4.5975,101.0901,15,3,0.2502
2026-07-30T16:00:00,North-South Expressway (KL-Penang),North-South Expressway (KL-Penang) :: Kuala Lumpur->Ipoh,0,3.139,101.6869,4.5975,101.0901,16,3,0.2606
2026-07-30T17:00:00,North-South Expressway (KL-Penang),North-South Expressway (KL-Penang) :: Kuala Lumpur->Ipoh,0,3.139,101.6869,4.5975,101.0901,17,3,0.4504
2026-07-30T18:00:00,North-South Expressway (KL-Penang),North-South Expressway (KL-Penang) :: Kuala Lumpur->Ipoh,0,3.139,101.6869,4.5975,101.0901,18,3,0.6117
2026-07-30T19:00:00,North-South Expressway (KL-Penang),North-South Expressway (KL-Penang) :: Kuala Lumpur->Ipoh,0,3.139,101.6869,4.5975,101.0901,19,3,0.5212
2026-07-30T20:00:00,North-South Expressway (KL-Penang),North-South Expressway (KL-Penang) :: Kuala Lumpur->Ipoh,0,3.139,101.6869,4.5975,101.0901,20,3,0.2374
2026-07-30T21:00:00,North-South Expressway (KL-Penang),North-South Expressway (KL-Penang) :: Kuala Lumpur->Ipoh,0,3.139,101.6869,4.5975,101.0901,21,3,0.2272
2026-07-30T22:00:00,North-South Expressway (KL-Penang),North-South Expressway (KL-Penang) :: Kuala Lumpur->Ipoh,0,3.139,101.6869,4.5975,101.0901,22,3,0.0376
2026-07-30T23:00:00,North-South Expressway (KL-Penang),North-South Expressway (KL-Penang) :: Kuala Lumpur->Ipoh,0,3.139,101.6869,4.5975,101.0901,23,3,0.1455
2026-07-31T00:00:00,North-South Expressway (KL-Penang),North-South Expressway (KL-Penang) :: Kuala Lumpur->Ipoh,0,3.139,101.6869,4.5975,101.0901,0,4,0.2539
2026-07-31T01:00:00,North-South Expressway (KL-Penang),North-South Expressway (KL-Penang) :: Kuala Lumpur->Ipoh,0,3.139,101.6869,4.5975,101.0901,1,4,0.0831
2026-07-31T02:00:00,North-South Expressway (KL-Penang),North-South Expressway (KL-Penang) :: Kuala Lumpur->Ipoh,0,3.139,101.6869,4.5975,101.0901,2,4,0.09
2026-07-31T03:00:00,North-South Expressway (KL-Penang),North-South Expressway (KL-Penang) :: Kuala Lumpur->Ipoh,0,3.139,101.6869,4.5975,101.0901,3,4,0.1865
2026-07-31T04:00:00,North-South Expressway (KL-Penang),North-South Expressway (KL-Penang) :: Kuala Lumpur->Ipoh,0,3.139,101.6869,4.5975,101.0901,4,4,0.054
2026-07-31T05:00:00,North-South Expressway (KL-Penang),North-South Expressway (KL-Penang) :: Kuala Lumpur->Ipoh,0,3.139,101.6869,4.5975,101.0901,5,4,0.14
2026-07-31T06:00:00,North-South Expressway (KL-Penang),North-South Expressway (KL-Penang) :: Kuala Lumpur->Ipoh,0,3.139,101.6869,4.5975,101.0901,6,4,0.3082
2026-07-31T07:00:00,North-South Expressway (KL-Penang),North-South Expressway (KL-Penang) :: Kuala Lumpur->Ipoh,0,3.139,101.6869,4.5975,101.0901,7,4,0.3823
2026-07-31T08:00:00,North-South Expressway (KL-Penang),North-South Expressway (KL-Penang) :: Kuala Lumpur->Ipoh,0,3.139,101.6869,4.5975,101.0901,8,4,0.4858
2026-07-31T09:00:00,North-South Expressway (KL-Penang),North-South Expressway (KL-Penang) :: Kuala Lumpur->Ipoh,0,3.139,101.6869,4.5975,101.0901,9,4,0.465
2026-07-31T10:00:00,North-South Expressway (KL-Penang),North-South Expressway (KL-Penang) :: Kuala Lumpur->Ipoh,0,3.139,101.6869,4.5975,101.0901,10,4,0.2977
2026-07-31T11:00:00,North-South Expressway (KL-Penang),North-South Expressway (KL-Penang) :: Kuala Lumpur->Ipoh,0,3.139,101.6869,4.5975,101.0901,11,4,0.194
2026-07-31T12:00:00,North-South Expressway (KL-Penang),North-South Expressway (KL-Penang) :: Kuala Lumpur->Ipoh,0,3.139,101.6869,4.5975,101.0901,12,4,0.1265
2026-07-31T13:00:00,North-South Expressway (KL-Penang),North-South Expressway (KL-Penang) :: Kuala Lumpur->Ipoh,0,3.139,101.6869,4.5975,101.0901,13,4,0.1656
2026-07-31T14:00:00,North-South Expressway (KL-Penang),North-South Expressway (KL-Penang) :: Kuala Lumpur->Ipoh,0,3.139,101.6869,4.5975,101.0901,14,4,0.1489
2026-07-31T15:00:00,North-South Expressway (KL-Penang),North-South Expressway (KL-Penang) :: Kuala Lumpur->Ipoh,0,3.139,101.6869,4.5975,101.0901,15,4,0.2336
2026-07-31T16:00:00,North-South Expressway (KL-Penang),North-South Expressway (KL-Penang) :: Kuala Lumpur->Ipoh,0,3.139,101.6869,4.5975,101.0901,16,4,0.2899
2026-07-31T17:00:00,North-South Expressway (KL-Penang),North-South Expressway (KL-Penang) :: Kuala Lumpur->Ipoh,0,3.139,101.6869,4.5975,101.0901,17,4,0.4565
2026-07-31T18:00:00,North-South Expressway (KL-Penang),North-South Expressway (KL-Penang) :: Kuala Lumpur->Ipoh,0,3.139,101.6869,4.5975,101.0901,18,4,0.4806
2026-07-31T19:00:00,North-South Expressway (KL-Penang),North-South Expressway (KL-Penang) :: Kuala Lumpur->Ipoh,0,3.139,101.6869,4.5975,101.0901,19,4,0.4654
2026-07-31T20:00:00,North-South Expressway (KL-Penang),North-South Expressway (KL-Penang) :: Kuala Lumpur->Ipoh,0,3.139,101.6869,4.5975,101.0901,20,4,0.2711
2026-07-31T21:00:00,North-South Expressway (KL-Penang),North-South Expressway (KL-Penang) :: Kuala Lumpur->Ipoh,0,3.139,101.6869,4.5975,101.0901,21,4,0.1393
2026-07-31T22:00:00,North-South Expressway (KL-Penang),North-South Expressway (KL-Penang) :: Kuala Lumpur->Ipoh,0,3.139,101.6869,4.5975,101.0901,22,4,0.1718
2026-07-31T23:00:00,North-South Expressway (KL-Penang),North-South Expressway (KL-Penang) :: Kuala Lumpur->Ipoh,0,3.139,101.6869,4.5975,101.0901,23,4,0.1555
2026-08-01T00:00:00,North-South Expressway (KL-Penang),North-South Expressway (KL-Penang) :: Kuala Lumpur->Ipoh,0,3.139,101.6869,4.5975,101.0901,0,5,0.187
2026-08-01T01:00:00,North-South Expressway (KL-Penang),North-South Expressway (KL-Penang) :: Kuala Lumpur->Ipoh,0,3.139,101.6869,4.5975,101.0901,1,5,0.1141
2026-08-01T02:00:00,North-South Expressway (KL-Penang),North-South Expressway (KL-Penang) :: Kuala Lumpur->Ipoh,0,3.139,101.6869,4.5975,101.0901,2,5,0.1645
2026-08-01T03:00:00,North-South Expressway (KL-Penang),North-South Expressway (KL-Penang) :: Kuala Lumpur->Ipoh,0,3.139,101.6869,4.5975,101.0901,3,5,0.1737
2026-08-01T04:00:00,North-South Expressway (KL-Penang),North-South Expressway (KL-Penang) :: Kuala Lumpur->Ipoh,0,3.139,101.6869,4.5975,101.0901,4,5,0.1733
2026-08-01T05:00:00,North-South Expressway (KL-Penang),North-South Expressway (KL-Penang) :: Kuala Lumpur->Ipoh,0,3.139,101.6869,4.5975,101.0901,5,5,0.1284
2026-08-01T06:00:00,North-South Expressway (KL-Penang),North-South Expressway (KL-Penang) :: Kuala Lumpur->Ipoh,0,3.139,101.6869,4.5975,101.0901,6,5,0.2814
2026-08-01T07:00:00,North-South Expressway (KL-Penang),North-South Expressway (KL-Penang) :: Kuala Lumpur->Ipoh,0,3.139,101.6869,4.5975,101.0901,7,5,0.4422
2026-08-01T08:00:00,North-South Expressway (KL-Penang),North-South Expressway (KL-Penang) :: Kuala Lumpur->Ipoh,0,3.139,101.6869,4.5975,101.0901,8,5,0.5004
2026-08-01T09:00:00,North-South Expressway (KL-Penang),North-South Expressway (KL-Penang) :: Kuala Lumpur->Ipoh,0,3.139,101.6869,4.5975,101.0901,9,5,0.2952
2026-08-01T10:00:00,North-South Expressway (KL-Penang),North-South Expressway (KL-Penang) :: Kuala Lumpur->Ipoh,0,3.139,101.6869,4.5975,101.0901,10,5,0.2821
2026-08-01T11:00:00,North-South Expressway (KL-Penang),North-South Expressway (KL-Penang) :: Kuala Lumpur->Ipoh,0,3.139,101.6869,4.5975,101.0901,11,5,0.3107
2026-08-01T12:00:00,North-South Expressway (KL-Penang),North-South Expressway (KL-Penang) :: Kuala Lumpur->Ipoh,0,3.139,101.6869,4.5975,101.0901,12,5,0.1253
2026-08-01T13:00:00,North-South Expressway (KL-Penang),North-South Expressway (KL-Penang) :: Kuala Lumpur->Ipoh,0,3.139,101.6869,4.5975,101.0901,13,5,0.0997
2026-08-01T14:00:00,North-South Expressway (KL-Penang),North-South Expressway (KL-Penang) :: Kuala Lumpur->Ipoh,0,3.139,101.6869,4.5975,101.0901,14,5,0.1788
2026-08-01T15:00:00,North-South Expressway (KL-Penang),North-South Expressway (KL-Penang) :: Kuala Lumpur->Ipoh,0,3.139,101.6869,4.5975,101.0901,15,5,0.2249
2026-08-01T16:00:00,North-South Expressway (KL-Penang),North-South Expressway (KL-Penang) :: Kuala Lumpur->Ipoh,0,3.139,101.6869,4.5975,101.0901,16,5,0.3913
2026-08-01T17:00:00,North-South Expressway (KL-Penang),North-South Expressway (KL-Penang) :: Kuala Lumpur->Ipoh,0,3.139,101.6869,4.5975,101.0901,17,5,0.392
2026-08-01T18:00:00,North-South Expressway (KL-Penang),North-South Expressway (KL-Penang) :: Kuala Lumpur->Ipoh,0,3.139,101.6869,4.5975,101.0901,18,5,0.5839
2026-08-01T19:00:00,North-South Expressway (KL-Penang),North-South Expressway (KL-Penang) :: Kuala Lumpur->Ipoh,0,3.139,101.6869,4.5975,101.0901,19,5,0.5029
2026-08-01T20:00:00,North-South Expressway (KL-Penang),North-South Expressway (KL-Penang) :: Kuala Lumpur->Ipoh,0,3.139,101.6869,4.5975,101.0901,20,5,0.3112
2026-08-01T21:00:00,North-South Expressway (KL-Penang),North-South Expressway (KL-Penang) :: Kuala Lumpur->Ipoh,0,3.139,101.6869,4.5975,101.0901,21,5,0.2264
2026-08-01T22:00:00,North-South Expressway (KL-Penang),North-South Expressway (KL-Penang) :: Kuala Lumpur->Ipoh,0,3.139,101.6869,4.5975,101.0901,22,5,0.2181
2026-08-01T23:00:00,North-South Expressway (KL-Penang),North-South Expressway (KL-Penang) :: Kuala Lumpur->Ipoh,0,3.139,101.6869,4.5975,101.0901,23,5,0.195
2026-08-02T00:00:00,North-South Expressway (KL-Penang),North-South Expressway (KL-Penang) :: Kuala Lumpur->Ipoh,0,3.139,101.6869,4.5975,101.0901,0,6,0.0714
2026-08-02T01:00:00,North-South Expressway (KL-Penang),North-South Expressway (KL-Penang) :: Kuala Lumpur->Ipoh,0,3.139,101.6869,4.5975,101.0901,1,6,0.1892
2026-08-02T02:00:00,North-South Expressway (KL-Penang),North-South Expressway (KL-Penang) :: Kuala Lumpur->Ipoh,0,3.139,101.6869,4.5975,101.0901,2,6,0.1362
2026-08-02T03:00:00,North-South Expressway (KL-Penang),North-South Expressway (KL-Penang) :: Kuala Lumpur->Ipoh,0,3.139,101.6869,4.5975,101.0901,3,6,0.1451
2026-08-02T04:00:00,North-South Expressway (KL-Penang),North-South Expressway (KL-Penang) :: Kuala Lumpur->Ipoh,0,3.139,101.6869,4.5975,101.0901,4,6,0.151
2026-08-02T05:00:00,North-South Expressway (KL-Penang),North-South Expressway (KL-Penang) :: Kuala Lumpur->Ipoh,0,3.139,101.6869,4.5975,101.0901,5,6,0.1689
2026-08-02T06:00:00,North-South Expressway (KL-Penang),North-South Expressway (KL-Penang) :: Kuala Lumpur->Ipoh,0,3.139,101.6869,4.5975,101.0901,6,6,0.3439
2026-08-02T07:00:00,North-South Expressway (KL-Penang),North-South Expressway (KL-Penang) :: Kuala Lumpur->Ipoh,0,3.139,101.6869,4.5975,101.0901,7,6,0.4153
2026-08-02T08:00:00,North-South Expressway (KL-Penang),North-South Expressway (KL-Penang) :: Kuala Lumpur->Ipoh,0,3.139,101.6869,4.5975,101.0901,8,6,0.4328
2026-08-02T09:00:00,North-South Expressway (KL-Penang),North-South Expressway (KL-Penang) :: Kuala Lumpur->Ipoh,0,3.139,101.6869,4.5975,101.0901,9,6,0.3968
2026-08-02T10:00:00,North-South Expressway (KL-Penang),North-South Expressway (KL-Penang) :: Kuala Lumpur->Ipoh,0,3.139,101.6869,4.5975,101.0901,10,6,0.2832
2026-08-02T11:00:00,North-South Expressway (KL-Penang),North-South Expressway (KL-Penang) :: Kuala Lumpur->Ipoh,0,3.139,101.6869,4.5975,101.0901,11,6,0.2517
2026-08-02T12:00:00,North-South Expressway (KL-Penang),North-South Expressway (KL-Penang) :: Kuala Lumpur->Ipoh,0,3.139,101.6869,4.5975,101.0901,12,6,0.1831
2026-08-02T13:00:00,North-South Expressway (KL-Penang),North-South Expressway (KL-Penang) :: Kuala Lumpur->Ipoh,0,3.139,101.6869,4.5975,101.0901,13,6,0.0924
2026-08-02T14:00:00,North-South Expressway (KL-Penang),North-South Expressway (KL-Penang) :: Kuala Lumpur->Ipoh,0,3.139,101.6869,4.5975,101.0901,14,6,0.3055
2026-08-02T15:00:00,North-South Expressway (KL-Penang),North-South Expressway (KL-Penang) :: Kuala Lumpur->Ipoh,0,3.139,101.6869,4.5975,101.0901,15,6,0.222
2026-08-02T16:00:00,North-South Expressway (KL-Penang),North-South Expressway (KL-Penang) :: Kuala Lumpur->Ipoh,0,3.139,101.6869,4.5975,101.0901,16,6,0.3963
2026-08-02T17:00:00,North-South Expressway (KL-Penang),North-South Expressway (KL-Penang) :: Kuala Lumpur->Ipoh,0,3.139,101.6869,4.5975,101.0901,17,6,0.4584
2026-08-02T18:00:00,North-South Expressway (KL-Penang),North-South Expressway (KL-Penang) :: Kuala Lumpur->Ipoh,0,3.139,101.6869,4.5975,101.0901,18,6,0.572
2026-08-02T19:00:00,North-South Expressway (KL-Penang),North-South Expressway (KL-Penang) :: Kuala Lumpur->Ipoh,0,3.139,101.6869,4.5975,101.0901,19,6,0.5179
2026-08-02T20:00:00,North-South Expressway (KL-Penang),North-South Expressway (KL-Penang) :: Kuala Lumpur->Ipoh,0,3.139,101.6869,4.5975,101.0901,20,6,0.3928
2026-08-02T21:00:00,North-South Expressway (KL-Penang),North-South Expressway (KL-Penang) :: Kuala Lumpur->Ipoh,0,3.139,101.6869,4.5975,101.0901,21,6,0.2696
2026-08-02T22:00:00,North-South Expressway (KL-Penang),North-South Expressway (KL-Penang) :: Kuala Lumpur->Ipoh,0,3.139,101.6869,4.5975,101.0901,22,6,0.2086
2026-08-02T23:00:00,North-South Expressway (KL-Penang),North-South Expressway (KL-Penang) :: Kuala Lumpur->Ipoh,0,3.139,101.6869,4.5975,101.0901,23,6,0.1238
2026-08-03T00:00:00,North-South Expressway (KL-Penang),North-South Expressway (KL-Penang) :: Kuala Lumpur->Ipoh,0,3.139,101.6869,4.5975,101.0901,0,0,0.1057
2026-08-03T01:00:00,North-South Expressway (KL-Penang),North-South Expressway (KL-Penang) :: Kuala Lumpur->Ipoh,0,3.139,101.6869,4.5975,101.0901,1,0,0.16
2026-08-03T02:00:00,North-South Expressway (KL-Penang),North-South Expressway (KL-Penang) :: Kuala Lumpur->Ipoh,0,3.139,101.6869,4.5975,101.0901,2,0,0.196
2026-08-03T03:00:00,North-South Expressway (KL-Penang),North-South Expressway (KL-Penang) :: Kuala Lumpur->Ipoh,0,3.139,101.6869,4.5975,101.0901,3,0,0.1273
2026-08-03T04:00:00,North-South Expressway (KL-Penang),North-South Expressway (KL-Penang) :: Kuala Lumpur->Ipoh,0,3.139,101.6869,4.5975,101.0901,4,0,0.2105
2026-08-03T05:00:00,North-South Expressway (KL-Penang),North-South Expressway (KL-Penang) :: Kuala Lumpur->Ipoh,0,3.139,101.6869,4.5975,101.0901,5,0,0.2651
2026-08-03T06:00:00,North-South Expressway (KL-Penang),North-South Expressway (KL-Penang) :: Kuala Lumpur->Ipoh,0,3.139,101.6869,4.5975,101.0901,6,0,0.2175
2026-08-03T07:00:00,North-South Expressway (KL-Penang),North-South Expressway (KL-Penang) :: Kuala Lumpur->Ipoh,0,3.139,101.6869,4.5975,101.0901,7,0,0.3702
2026-08-03T08:00:00,North-South Expressway (KL-Penang),North-South Expressway (KL-Penang) :: Kuala Lumpur->Ipoh,0,3.139,101.6869,4.5975,101.0901,8,0,0.4916
2026-08-03T09:00:00,North-South Expressway (KL-Penang),North-South Expressway (KL-Penang) :: Kuala Lumpur->Ipoh,0,3.139,101.6869,4.5975,101.0901,9,0,0.4388
2026-08-03T10:00:00,North-South Expressway (KL-Penang),North-South Expressway (KL-Penang) :: Kuala Lumpur->Ipoh,0,3.139,101.6869,4.5975,101.0901,10,0,0.241
2026-08-03T11:00:00,North-South Expressway (KL-Penang),North-South Expressway (KL-Penang) :: Kuala Lumpur->Ipoh,0,3.139,101.6869,4.5975,101.0901,11,0,0.2591
2026-08-03T12:00:00,North-South Expressway (KL-Penang),North-South Expressway (KL-Penang) :: Kuala Lumpur->Ipoh,0,3.139,101.6869,4.5975,101.0901,12,0,0.1723
2026-08-03T13:00:00,North-South Expressway (KL-Penang),North-South Expressway (KL-Penang) :: Kuala Lumpur->Ipoh,0,3.139,101.6869,4.5975,101.0901,13,0,0.1458
2026-08-03T14:00:00,North-South Expressway (KL-Penang),North-South Expressway (KL-Penang) :: Kuala Lumpur->Ipoh,0,3.139,101.6869,4.5975,101.0901,14,0,0.0702
2026-08-03T15:00:00,North-South Expressway (KL-Penang),North-South Expressway (KL-Penang) :: Kuala Lumpur->Ipoh,0,3.139,101.6869,4.5975,101.0901,15,0,0.1272
2026-08-03T16:00:00,North-South Expressway (KL-Penang),North-South Expressway (KL-Penang) :: Kuala Lumpur->Ipoh,0,3.139,101.6869,4.5975,101.0901,16,0,0.3366
2026-08-03T17:00:00,North-South Expressway (KL-Penang),North-South Expressway (KL-Penang) :: Kuala Lumpur->Ipoh,0,3.139,101.6869,4.5975,101.0901,17,0,0.3395
2026-08-03T18:00:00,North-South Expressway (KL-Penang),North-South Expressway (KL-Penang) :: Kuala Lumpur->Ipoh,0,3.139,101.6869,4.5975,101.0901,18,0,0.6008
2026-08-03T19:00:00,North-South Expressway (KL-Penang),North-South Expressway (KL-Penang) :: Kuala Lumpur->Ipoh,0,3.139,101.6869,4.5975,101.0901,19,0,0.458
2026-08-03T20:00:00,North-South Expressway (KL-Penang),North-South Expressway (KL-Penang) :: Kuala Lumpur->Ipoh,0,3.139,101.6869,4.5975,101.0901,20,0,0.5143
2026-08-03T21:00:00,North-South Expressway (KL-Penang),North-South Expressway (KL-Penang) :: Kuala Lumpur->Ipoh,0,3.139,101.6869,4.5975,101.0901,21,0,0.3446
2026-08-03T22:00:00,North-South Expressway (KL-Penang),North-South Expressway (KL-Penang) :: Kuala Lumpur->Ipoh,0,3.139,101.6869,4.5975,101.0901,22,0,0.1454
2026-08-03T23:00:00,North-South Expressway (KL-Penang),North-South Expressway (KL-Penang) :: Kuala Lumpur->Ipoh,0,3.139,101.6869,4.5975,101.0901,23,0,0.1363
2026-08-04T00:00:00,North-South Expressway (KL-Penang),North-South Expressway (KL-Penang) :: Kuala Lumpur->Ipoh,0,3.139,101.6869,4.5975,101.0901,0,1,0.1997
2026-08-04T01:00:00,North-South Expressway (KL-Penang),North-South Expressway (KL-Penang) :: Kuala Lumpur->Ipoh,0,3.139,101.6869,4.5975,101.0901,1,1,0.2422
2026-08-04T02:00:00,North-South Expressway (KL-Penang),North-South Expressway (KL-Penang) :: Kuala Lumpur->Ipoh,0,3.139,101.6869,4.5975,101.0901,2,1,0.0418
2026-08-04T03:00:00,North-South Expressway (KL-Penang),North-South Expressway (KL-Penang) :: Kuala Lumpur->Ipoh,0,3.139,101.6869,4.5975,101.0901,3,1,0.0335
2026-08-04T04:00:00,North-South Expressway (KL-Penang),North-South Expressway (KL-Penang) :: Kuala Lumpur->Ipoh,0,3.139,101.6869,4.5975,101.0901,4,1,0.1093
2026-08-04T05:00:00,North-South Expressway (KL-Penang),North-South Expressway (KL-Penang) :: Kuala Lumpur->Ipoh,0,3.139,101.6869,4.5975,101.0901,5,1,0.2129
2026-08-04T06:00:00,North-South Expressway (KL-Penang),North-South Expressway (KL-Penang) :: Kuala Lumpur->Ipoh,0,3.139,101.6869,4.5975,101.0901,6,1,0.3022
2026-08-04T07:00:00,North-South Expressway (KL-Penang),North-South Expressway (KL-Penang) :: Kuala Lumpur->Ipoh,0,3.139,101.6869,4.5975,101.0901,7,1,0.4846
2026-08-04T08:00:00,North-South Expressway (KL-Penang),North-South Expressway (KL-Penang) :: Kuala Lumpur->Ipoh,0,3.139,101.6869,4.5975,101.0901,8,1,0.428
2026-08-04T09:00:00,North-South Expressway (KL-Penang),North-South Expressway (KL-Penang) :: Kuala Lumpur->Ipoh,0,3.139,101.6869,4.5975,101.0901,9,1,0.2814
2026-08-04T10:00:00,North-South Expressway (KL-Penang),North-South Expressway (KL-Penang) :: Kuala Lumpur->Ipoh,0,3.139,101.6869,4.5975,101.0901,10,1,0.3239
2026-08-04T11:00:00,North-South Expressway (KL-Penang),North-South Expressway (KL-Penang) :: Kuala Lumpur->Ipoh,0,3.139,101.6869,4.5975,101.0901,11,1,0.1283
2026-08-04T12:00:00,North-South Expressway (KL-Penang),North-South Expressway (KL-Penang) :: Kuala Lumpur->Ipoh,0,3.139,101.6869,4.5975,101.0901,12,1,0.0258
2026-08-04T13:00:00,North-South Expressway (KL-Penang),North-South Expressway (KL-Penang) :: Kuala Lumpur->Ipoh,0,3.139,101.6869,4.5975,101.0901,13,1,0.1521
2026-08-04T14:00:00,North-South Expressway (KL-Penang),North-South Expressway (KL-Penang) :: Kuala Lumpur->Ipoh,0,3.139,101.6869,4.5975,101.0901,14,1,0.2039
2026-08-04T15:00:00,North-South Expressway (KL-Penang),North-South Expressway (KL-Penang) :: Kuala Lumpur->Ipoh,0,3.139,101.6869,4.5975,101.0901,15,1,0.1988
2026-08-04T16:00:00,North-South Expressway (KL-Penang),North-South Expressway (KL-Penang) :: Kuala Lumpur->Ipoh,0,3.139,101.6869,4.5975,101.0901,16,1,0.2923
2026-08-04T17:00:00,North-South Expressway (KL-Penang),North-South Expressway (KL-Penang) :: Kuala Lumpur->Ipoh,0,3.139,101.6869,4.5975,101.0901,17,1,0.4579
2026-08-04T18:00:00,North-South Expressway (KL-Penang),North-South Expressway (KL-Penang) :: Kuala Lumpur->Ipoh,0,3.139,101.6869,4.5975,101.0901,18,1,0.5178
2026-08-04T19:00:00,North-South Expressway (KL-Penang),North-South Expressway (KL-Penang) :: Kuala Lumpur->Ipoh,0,3.139,101.6869,4.5975,101.0901,19,1,0.3866
2026-08-04T20:00:00,North-South Expressway (KL-Penang),North-South Expressway (KL-Penang) :: Kuala Lumpur->Ipoh,0,3.139,101.6869,4.5975,101.0901,20,1,0.2769
2026-08-04T21:00:00,North-South Expressway (KL-Penang),North-South Expressway (KL-Penang) :: Kuala Lumpur->Ipoh,0,3.139,101.6869,4.5975,101.0901,21,1,0.2374
2026-08-04T22:00:00,North-South Expressway (KL-Penang),North-South Expressway (KL-Penang) :: Kuala Lumpur->Ipoh,0,3.139,101.6869,4.5975,101.0901,22,1,0.1756
2026-08-04T23:00:00,North-South Expressway (KL-Penang),North-South Expressway (KL-Penang) :: Kuala Lumpur->Ipoh,0,3.139,101.6869,4.5975,101.0901,23,1,0.1528
2026-08-05T00:00:00,North-South Expressway (KL-Penang),North-South Expressway (KL-Penang) :: Kuala Lumpur->Ipoh,0,3.139,101.6869,4.5975,101.0901,0,2,0.0803
2026-08-05T01:00:00,North-South Expressway (KL-Penang),North-South Expressway (KL-Penang) :: Kuala Lumpur->Ipoh,0,3.139,101.6869,4.5975,101.0901,1,2,0.1291
2026-08-05T02:00:00,North-South Expressway (KL-Penang),North-South Expressway (KL-Penang) :: Kuala Lumpur->Ipoh,0,3.139,101.6869,4.5975,101.0901,2,2,0.0094
2026-08-05T03:00:00,North-South Expressway (KL-Penang),North-South Expressway (KL-Penang) :: Kuala Lumpur->Ipoh,0,3.139,101.6869,4.5975,101.0901,3,2,0.1514
2026-08-05T04:00:00,North-South Expressway (KL-Penang),North-South Expressway (KL-Penang) :: Kuala Lumpur->Ipoh,0,3.139,101.6869,4.5975,101.0901,4,2,0.2323
2026-08-05T05:00:00,North-South Expressway (KL-Penang),North-South Expressway (KL-Penang) :: Kuala Lumpur->Ipoh,0,3.139,101.6869,4.5975,101.0901,5,2,0.0895
2026-08-05T06:00:00,North-South Expressway (KL-Penang),North-South Expressway (KL-Penang) :: Kuala Lumpur->Ipoh,0,3.139,101.6869,4.5975,101.0901,6,2,0.2373
2026-08-05T07:00:00,North-South Expressway (KL-Penang),North-South Expressway (KL-Penang) :: Kuala Lumpur->Ipoh,0,3.139,101.6869,4.5975,101.0901,7,2,0.4401
2026-08-05T08:00:00,North-South Expressway (KL-Penang),North-South Expressway (KL-Penang) :: Kuala Lumpur->Ipoh,0,3.139,101.6869,4.5975,101.0901,8,2,0.5752
2026-08-05T09:00:00,North-South Expressway (KL-Penang),North-South Expressway (KL-Penang) :: Kuala Lumpur->Ipoh,0,3.139,101.6869,4.5975,101.0901,9,2,0.3935
2026-08-05T10:00:00,North-South Expressway (KL-Penang),North-South Expressway (KL-Penang) :: Kuala Lumpur->Ipoh,0,3.139,101.6869,4.5975,101.0901,10,2,0.2309
2026-08-05T11:00:00,North-South Expressway (KL-Penang),North-South Expressway (KL-Penang) :: Kuala Lumpur->Ipoh,0,3.139,101.6869,4.5975,101.0901,11,2,0.0598
2026-08-05T12:00:00,North-South Expressway (KL-Penang),North-South Expressway (KL-Penang) :: Kuala Lumpur->Ipoh,0,3.139,101.6869,4.5975,101.0901,12,2,0.1531
2026-08-05T13:00:00,North-South Expressway (KL-Penang),North-South Expressway (KL-Penang) :: Kuala Lumpur->Ipoh,0,3.139,101.6869,4.5975,101.0901,13,2,0.2659
2026-08-05T14:00:00,North-South Expressway (KL-Penang),North-South Expressway (KL-Penang) :: Kuala Lumpur->Ipoh,0,3.139,101.6869,4.5975,101.0901,14,2,0.173
2026-08-05T15:00:00,North-South Expressway (KL-Penang),North-South Expressway (KL-Penang) :: Kuala Lumpur->Ipoh,0,3.139,101.6869,4.5975,101.0901,15,2,0.2048
2026-08-05T16:00:00,North-South Expressway (KL-Penang),North-South Expressway (KL-Penang) :: Kuala Lumpur->Ipoh,0,3.139,101.6869,4.5975,101.0901,16,2,0.3391
2026-08-05T17:00:00,North-South Expressway (KL-Penang),North-South Expressway (KL-Penang) :: Kuala Lumpur->Ipoh,0,3.139,101.6869,4.5975,101.0901,17,2,0.4668
2026-08-05T18:00:00,North-South Expressway (KL-Penang),North-South Expressway (KL-Penang) :: Kuala Lumpur->Ipoh,0,3.139,101.6869,4.5975,101.0901,18,2,0.4912
2026-08-05T19:00:00,North-South Expressway (KL-Penang),North-South Expressway (KL-Penang) :: Kuala Lumpur->Ipoh,0,3.139,101.6869,4.5975,101.0901,19,2,0.5169
2026-08-05T20:00:00,North-South Expressway (KL-Penang),North-South Expressway (KL-Penang) :: Kuala Lumpur->Ipoh,0,3.139,101.6869,4.5975,101.0901,20,2,0.3333
2026-08-05T21:00:00,North-South Expressway (KL-Penang),North-South Expressway (KL-Penang) :: Kuala Lumpur->Ipoh,0,3.139,101.6869,4.5975,101.0901,21,2,0.2072
2026-08-05T22:00:00,North-South Expressway (KL-Penang),North-South Expressway (KL-Penang) :: Kuala Lumpur->Ipoh,0,3.139,101.6869,4.5975,101.0901,22,2,0.0978
2026-08-05T23:00:00,North-South Expressway (KL-Penang),North-South Expressway (KL-Penang) :: Kuala Lumpur->Ipoh,0,3.139,101.6869,4.5975,101.0901,23,2,0.2209
2026-08-06T00:00:00,North-South Expressway (KL-Penang),North-South Expressway (KL-Penang) :: Kuala Lumpur->Ipoh,0,3.139,101.6869,4.5975,101.0901,0,3,0.1799
2026-08-06T01:00:00,North-South Expressway (KL-Penang),North-South Expressway (KL-Penang) :: Kuala Lumpur->Ipoh,0,3.139,101.6869,4.5975,101.0901,1,3,0.1068
2026-08-06T02:00:00,North-South Expressway (KL-Penang),North-South Expressway (KL-Penang) :: Kuala Lumpur->Ipoh,0,3.139,101.6869,4.5975,101.0901,2,3,0.2002
2026-08-06T03:00:00,North-South Expressway (KL-Penang),North-South Expressway (KL-Penang) :: Kuala Lumpur->Ipoh,0,3.139,101.6869,4.5975,101.0901,3,3,0.1108
2026-08-06T04:00:00,North-South Expressway (KL-Penang),North-South Expressway (KL-Penang) :: Kuala Lumpur->Ipoh,0,3.139,101.6869,4.5975,101.0901,4,3,0.0997
2026-08-06T05:00:00,North-South Expressway (KL-Penang),North-South Expressway (KL-Penang) :: Kuala Lumpur->Ipoh,0,3.139,101.6869,4.5975,101.0901,5,3,0.1324
2026-08-06T06:00:00,North-South Expressway (KL-Penang),North-South Expressway (KL-Penang) :: Kuala Lumpur->Ipoh,0,3.139,101.6869,4.5975,101.0901,6,3,0.1662
2026-08-06T07:00:00,North-South Expressway (KL-Penang),North-South Expressway (KL-Penang) :: Kuala Lumpur->Ipoh,0,3.139,101.6869,4.5975,101.0901,7,3,0.4487
2026-08-06T08:00:00,North-South Expressway (KL-Penang),North-South Expressway (KL-Penang) :: Kuala Lumpur->Ipoh,0,3.139,101.6869,4.5975,101.0901,8,3,0.3901
2026-08-06T09:00:00,North-South Expressway (KL-Penang),North-South Expressway (KL-Penang) :: Kuala Lumpur->Ipoh,0,3.139,101.6869,4.5975,101.0901,9,3,0.3467
2026-08-06T10:00:00,North-South Expressway (KL-Penang),North-South Expressway (KL-Penang) :: Kuala Lumpur->Ipoh,0,3.139,101.6869,4.5975,101.0901,10,3,0.1479
2026-08-06T11:00:00,North-South Expressway (KL-Penang),North-South Expressway (KL-Penang) :: Kuala Lumpur->Ipoh,0,3.139,101.6869,4.5975,101.0901,11,3,0.1728
2026-08-06T12:00:00,North-South Expressway (KL-Penang),North-South Expressway (KL-Penang) :: Kuala Lumpur->Ipoh,0,3.139,101.6869,4.5975,101.0901,12,3,0.1379
2026-08-06T13:00:00,North-South Expressway (KL-Penang),North-South Expressway (KL-Penang) :: Kuala Lumpur->Ipoh,0,3.139,101.6869,4.5975,101.0901,13,3,0.1238
2026-08-06T14:00:00,North-South Expressway (KL-Penang),North-South Expressway (KL-Penang) :: Kuala Lumpur->Ipoh,0,3.139,101.6869,4.5975,101.0901,14,3,0.0938
2026-08-06T15:00:00,North-South Expressway (KL-Penang),North-South Expressway (KL-Penang) :: Kuala Lumpur->Ipoh,0,3.139,101.6869,4.5975,101.0901,15,3,0.1358
2026-08-06T16:00:00,North-South Expressway (KL-Penang),North-South Expressway (KL-Penang) :: Kuala Lumpur->Ipoh,0,3.139,101.6869,4.5975,101.0901,16,3,0.3476
2026-08-06T17:00:00,North-South Expressway (KL-Penang),North-South Expressway (KL-Penang) :: Kuala Lumpur->Ipoh,0,3.139,101.6869,4.5975,101.0901,17,3,0.4345
2026-08-06T18:00:00,North-South Expressway (KL-Penang),North-South Expressway (KL-Penang) :: Kuala Lumpur->Ipoh,0,3.139,101.6869,4.5975,101.0901,18,3,0.559
2026-08-06T19:00:00,North-South Expressway (KL-Penang),North-South Expressway (KL-Penang) :: Kuala Lumpur->Ipoh,0,3.139,101.6869,4.5975,101.0901,19,3,0.4144
2026-08-06T20:00:00,North-South Expressway (KL-Penang),North-South Expressway (KL-Penang) :: Kuala Lumpur->Ipoh,0,3.139,101.6869,4.5975,101.0901,20,3,0.3306
2026-08-06T21:00:00,North-South Expressway (KL-Penang),North-South Expressway (KL-Penang) :: Kuala Lumpur->Ipoh,0,3.139,101.6869,4.5975,101.0901,21,3,0.2843
2026-08-06T22:00:00,North-South Expressway (KL-Penang),North-South Expressway (KL-Penang) :: Kuala Lumpur->Ipoh,0,3.139,101.6869,4.5975,101.0901,22,3,0.1915
2026-08-06T23:00:00,North-South Expressway (KL-Penang),North-South Expressway (KL-Penang) :: Kuala Lumpur->Ipoh,0,3.139,101.6869,4.5975,101.0901,23,3,0.118
2026-08-07T00:00:00,North-South Expressway (KL-Penang),North-South Expressway (KL-Penang) :: Kuala Lumpur->Ipoh,0,3.139,101.6869,4.5975,101.0901,0,4,0.1554
2026-08-07T01:00:00,North-South Expressway (KL-Penang),North-South Expressway (KL-Penang) :: Kuala Lumpur->Ipoh,0,3.139,101.6869,4.5975,101.0901,1,4,0.1256
2026-08-07T02:00:00,North-South Expressway (KL-Penang),North-South Expressway (KL-Penang) :: Kuala Lumpur->Ipoh,0,3.139,101.6869,4.5975,101.0901,2,4,0.1405
2026-08-07T03:00:00,North-South Expressway (KL-Penang),North-South Expressway (KL-Penang) :: Kuala Lumpur->Ipoh,0,3.139,101.6869,4.5975,101.0901,3,4,0.1212
2026-08-07T04:00:00,North-South Expressway (KL-Penang),North-South Expressway (KL-Penang) :: Kuala Lumpur->Ipoh,0,3.139,101.6869,4.5975,101.0901,4,4,0.1367
2026-08-07T05:00:00,North-South Expressway (KL-Penang),North-South Expressway (KL-Penang) :: Kuala Lumpur->Ipoh,0,3.139,101.6869,4.5975,101.0901,5,4,0.1907
2026-08-07T06:00:00,North-South Expressway (KL-Penang),North-South Expressway (KL-Penang) :: Kuala Lumpur->Ipoh,0,3.139,101.6869,4.5975,101.0901,6,4,0.2128
2026-08-07T07:00:00,North-South Expressway (KL-Penang),North-South Expressway (KL-Penang) :: Kuala Lumpur->Ipoh,0,3.139,101.6869,4.5975,101.0901,7,4,0.3594
2026-08-07T08:00:00,North-South Expressway (KL-Penang),North-South Expressway (KL-Penang) :: Kuala Lumpur->Ipoh,0,3.139,101.6869,4.5975,101.0901,8,4,0.4167
2026-08-07T09:00:00,North-South Expressway (KL-Penang),North-South Expressway (KL-Penang) :: Kuala Lumpur->Ipoh,0,3.139,101.6869,4.5975,101.0901,9,4,0.3244
2026-08-07T10:00:00,North-South Expressway (KL-Penang),North-South Expressway (KL-Penang) :: Kuala Lumpur->Ipoh,0,3.139,101.6869,4.5975,101.0901,10,4,0.1994
2026-08-07T11:00:00,North-South Expressway (KL-Penang),North-South Expressway (KL-Penang) :: Kuala Lumpur->Ipoh,0,3.139,101.6869,4.5975,101.0901,11,4,0.1875
2026-08-07T12:00:00,North-South Expressway (KL-Penang),North-South Expressway (KL-Penang) :: Kuala Lumpur->Ipoh,0,3.139,101.6869,4.5975,101.0901,12,4,0.0933
2026-08-07T13:00:00,North-South Expressway (KL-Penang),North-South Expressway (KL-Penang) :: Kuala Lumpur->Ipoh,0,3.139,101.6869,4.5975,101.0901,13,4,0.1742
2026-08-07T14:00:00,North-South Expressway (KL-Penang),North-South Expressway (KL-Penang) :: Kuala Lumpur->Ipoh,0,3.139,101.6869,4.5975,101.0901,14,4,0.1584
2026-08-07T15:00:00,North-South Expressway (KL-Penang),North-South Expressway (KL-Penang) :: Kuala Lumpur->Ipoh,0,3.139,101.6869,4.5975,101.0901,15,4,0.088
2026-08-07T16:00:00,North-South Expressway (KL-Penang),North-South Expressway (KL-Penang) :: Kuala Lumpur->Ipoh,0,3.139,101.6869,4.5975,101.0901,16,4,0.359
2026-08-07T17:00:00,North-South Expressway (KL-Penang),North-South Expressway (KL-Penang) :: Kuala Lumpur->Ipoh,0,3.139,101.6869,4.5975,101.0901,17,4,0.5161
2026-08-07T18:00:00,North-South Expressway (KL-Penang),North-South Expressway (KL-Penang) :: Kuala Lumpur->Ipoh,0,3.139,101.6869,4.5975,101.0901,18,4,0.4804
2026-08-07T19:00:00,North-South Expressway (KL-Penang),North-South Expressway (KL-Penang) :: Kuala Lumpur->Ipoh,0,3.139,101.6869,4.5975,101.0901,19,4,0.4927
2026-08-07T20:00:00,North-South Expressway (KL-Penang),North-South Expressway (KL-Penang) :: Kuala Lumpur->Ipoh,0,3.139,101.6869,4.5975,101.0901,20,4,0.2683
2026-08-07T21:00:00,North-South Expressway (KL-Penang),North-South Expressway (KL-Penang) :: Kuala Lumpur->Ipoh,0,3.139,101.6869,4.5975,101.0901,21,4,0.212
2026-08-07T22:00:00,North-South Expressway (KL-Penang),North-South Expressway (KL-Penang) :: Kuala Lumpur->Ipoh,0,3.139,101.6869,4.5975,101.0901,22,4,0.0804
2026-08-07T23:00:00,North-South Expressway (KL-Penang),North-South Expressway (KL-Penang) :: Kuala Lumpur->Ipoh,0,3.139,101.6869,4.5975,101.0901,23,4,0.0351
2026-08-08T00:00:00,North-South Expressway (KL-Penang),North-South Expressway (KL-Penang) :: Kuala Lumpur->Ipoh,0,3.139,101.6869,4.5975,101.0901,0,5,0.117
2026-08-08T01:00:00,North-South Expressway (KL-Penang),North-South Expressway (KL-Penang) :: Kuala Lumpur->Ipoh,0,3.139,101.6869,4.5975,101.0901,1,5,0.1326
2026-08-08T02:00:00,North-South Expressway (KL-Penang),North-South Expressway (KL-Penang) :: Kuala Lumpur->Ipoh,0,3.139,101.6869,4.5975,101.0901,2,5,0.1162
2026-08-08T03:00:00,North-South Expressway (KL-Penang),North-South Expressway (KL-Penang) :: Kuala Lumpur->Ipoh,0,3.139,101.6869,4.5975,101.0901,3,5,0.0697
2026-08-08T04:00:00,North-South Expressway (KL-Penang),North-South Expressway (KL-Penang) :: Kuala Lumpur->Ipoh,0,3.139,101.6869,4.5975,101.0901,4,5,0.1226
2026-08-08T05:00:00,North-South Expressway (KL-Penang),North-South Expressway (KL-Penang) :: Kuala Lumpur->Ipoh,0,3.139,101.6869,4.5975,101.0901,5,5,0.1941
2026-08-08T06:00:00,North-South Expressway (KL-Penang),North-South Expressway (KL-Penang) :: Kuala Lumpur->Ipoh,0,3.139,101.6869,4.5975,101.0901,6,5,0.2697
2026-08-08T07:00:00,North-South Expressway (KL-Penang),North-South Expressway (KL-Penang) :: Kuala Lumpur->Ipoh,0,3.139,101.6869,4.5975,101.0901,7,5,0.4313
2026-08-08T08:00:00,North-South Expressway (KL-Penang),North-South Expressway (KL-Penang) :: Kuala Lumpur->Ipoh,0,3.139,101.6869,4.5975,101.0901,8,5,0.4598
2026-08-08T09:00:00,North-South Expressway (KL-Penang),North-South Expressway (KL-Penang) :: Kuala Lumpur->Ipoh,0,3.139,101.6869,4.5975,101.0901,9,5,0.4907
2026-08-08T10:00:00,North-South Expressway (KL-Penang),North-South Expressway (KL-Penang) :: Kuala Lumpur->Ipoh,0,3.139,101.6869,4.5975,101.0901,10,5,0.2019
2026-08-08T11:00:00,North-South Expressway (KL-Penang),North-South Expressway (KL-Penang) :: Kuala Lumpur->Ipoh,0,3.139,101.6869,4.5975,101.0901,11,5,0.2072
2026-08-08T12:00:00,North-South Expressway (KL-Penang),North-South Expressway (KL-Penang) :: Kuala Lumpur->Ipoh,0,3.139,101.6869,4.5975,101.0901,12,5,0.2178
2026-08-08T13:00:00,North-South Expressway (KL-Penang),North-South Expressway (KL-Penang) :: Kuala Lumpur->Ipoh,0,3.139,101.6869,4.5975,101.0901,13,5,0.1722
2026-08-08T14:00:00,North-South Expressway (KL-Penang),North-South Expressway (KL-Penang) :: Kuala Lumpur->Ipoh,0,3.139,101.6869,4.5975,101.0901,14,5,0.1442
2026-08-08T15:00:00,North-South Expressway (KL-Penang),North-South Expressway (KL-Penang) :: Kuala Lumpur->Ipoh,0,3.139,101.6869,4.5975,101.0901,15,5,0.1744
2026-08-08T16:00:00,North-South Expressway (KL-Penang),North-South Expressway (KL-Penang) :: Kuala Lumpur->Ipoh,0,3.139,101.6869,4.5975,101.0901,16,5,0.3819
2026-08-08T17:00:00,North-South Expressway (KL-Penang),North-South Expressway (KL-Penang) :: Kuala Lumpur->Ipoh,0,3.139,101.6869,4.5975,101.0901,17,5,0.3821
2026-08-08T18:00:00,North-South Expressway (KL-Penang),North-South Expressway (KL-Penang) :: Kuala Lumpur->Ipoh,0,3.139,101.6869,4.5975,101.0901,18,5,0.4818
2026-08-08T19:00:00,North-South Expressway (KL-Penang),North-South Expressway (KL-Penang) :: Kuala Lumpur->Ipoh,0,3.139,101.6869,4.5975,101.0901,19,5,0.4436
2026-08-08T20:00:00,North-South Expressway (KL-Penang),North-South Expressway (KL-Penang) :: Kuala Lumpur->Ipoh,0,3.139,101.6869,4.5975,101.0901,20,5,0.394
2026-08-08T21:00:00,North-South Expressway (KL-Penang),North-South Expressway (KL-Penang) :: Kuala Lumpur->Ipoh,0,3.139,101.6869,4.5975,101.0901,21,5,0.2289
2026-08-08T22:00:00,North-South Expressway (KL-Penang),North-South Expressway (KL-Penang) :: Kuala Lumpur->Ipoh,0,3.139,101.6869,4.5975,101.0901,22,5,0.0982
2026-08-08T23:00:00,North-South Expressway (KL-Penang),North-South Expressway (KL-Penang) :: Kuala Lumpur->Ipoh,0,3.139,101.6869,4.5975,101.0901,23,5,0.1241
2026-08-09T00:00:00,North-South Expressway (KL-Penang),North-South Expressway (KL-Penang) :: Kuala Lumpur->Ipoh,0,3.139,101.6869,4.5975,101.0901,0,6,0.1031
2026-08-09T01:00:00,North-South Expressway (KL-Penang),North-South Expressway (KL-Penang) :: Kuala Lumpur->Ipoh,0,3.139,101.6869,4.5975,101.0901,1,6,0.0974
2026-08-09T02:00:00,North-South Expressway (KL-Penang),North-South Expressway (KL-Penang) :: Kuala Lumpur->Ipoh,0,3.139,101.6869,4.5975,101.0901,2,6,0.1988
2026-08-09T03:00:00,North-South Expressway (KL-Penang),North-South Expressway (KL-Penang) :: Kuala Lumpur->Ipoh,0,3.139,101.6869,4.5975,101.0901,3,6,0.0584
2026-08-09T04:00:00,North-South Expressway (KL-Penang),North-South Expressway (KL-Penang) :: Kuala Lumpur->Ipoh,0,3.139,101.6869,4.5975,101.0901,4,6,0.2431
2026-08-09T05:00:00,North-South Expressway (KL-Penang),North-South Expressway (KL-Penang) :: Kuala Lumpur->Ipoh,0,3.139,101.6869,4.5975,101.0901,5,6,0.2276
2026-08-09T06:00:00,North-South Expressway (KL-Penang),North-South Expressway (KL-Penang) :: Kuala Lumpur->Ipoh,0,3.139,101.6869,4.5975,101.0901,6,6,0.3379
2026-08-09T07:00:00,North-South Expressway (KL-Penang),North-South Expressway (KL-Penang) :: Kuala Lumpur->Ipoh,0,3.139,101.6869,4.5975,101.0901,7,6,0.3926
2026-08-09T08:00:00,North-South Expressway (KL-Penang),North-South Expressway (KL-Penang) :: Kuala Lumpur->Ipoh,0,3.139,101.6869,4.5975,101.0901,8,6,0.491
2026-08-09T09:00:00,North-South Expressway (KL-Penang),North-South Expressway (KL-Penang) :: Kuala Lumpur->Ipoh,0,3.139,101.6869,4.5975,101.0901,9,6,0.3344
2026-08-09T10:00:00,North-South Expressway (KL-Penang),North-South Expressway (KL-Penang) :: Kuala Lumpur->Ipoh,0,3.139,101.6869,4.5975,101.0901,10,6,0.241
2026-08-09T11:00:00,North-South Expressway (KL-Penang),North-South Expressway (KL-Penang) :: Kuala Lumpur->Ipoh,0,3.139,101.6869,4.5975,101.0901,11,6,0.2076
2026-08-09T12:00:00,North-South Expressway (KL-Penang),North-South Expressway (KL-Penang) :: Kuala Lumpur->Ipoh,0,3.139,101.6869,4.5975,101.0901,12,6,0.2247
2026-08-09T13:00:00,North-South Expressway (KL-Penang),North-South Expressway (KL-Penang) :: Kuala Lumpur->Ipoh,0,3.139,101.6869,4.5975,101.0901,13,6,0.077
2026-08-09T14:00:00,North-South Expressway (KL-Penang),North-South Expressway (KL-Penang) :: Kuala Lumpur->Ipoh,0,3.139,101.6869,4.5975,101.0901,14,6,0.1344
2026-08-09T15:00:00,North-South Expressway (KL-Penang),North-South Expressway (KL-Penang) :: Kuala Lumpur->Ipoh,0,3.139,101.6869,4.5975,101.0901,15,6,0.197
2026-08-09T16:00:00,North-South Expressway (KL-Penang),North-South Expressway (KL-Penang) :: Kuala Lumpur->Ipoh,0,3.139,101.6869,4.5975,101.0901,16,6,0.236
2026-08-09T17:00:00,North-South Expressway (KL-Penang),North-South Expressway (KL-Penang) :: Kuala Lumpur->Ipoh,0,3.139,101.6869,4.5975,101.0901,17,6,0.503
2026-08-09T18:00:00,North-South Expressway (KL-Penang),North-South Expressway (KL-Penang) :: Kuala Lumpur->Ipoh,0,3.139,101.6869,4.5975,101.0901,18,6,0.4966
2026-08-09T19:00:00,North-South Expressway (KL-Penang),North-South Expressway (KL-Penang) :: Kuala Lumpur->Ipoh,0,3.139,101.6869,4.5975,101.0901,19,6,0.4558
2026-08-09T20:00:00,North-South Expressway (KL-Penang),North-South Expressway (KL-Penang) :: Kuala Lumpur->Ipoh,0,3.139,101.6869,4.5975,101.0901,20,6,0.2926
2026-08-09T21:00:00,North-South Expressway (KL-Penang),North-South Expressway (KL-Penang) :: Kuala Lumpur->Ipoh,0,3.139,101.6869,4.5975,101.0901,21,6,0.1588
2026-08-09T22:00:00,North-South Expressway (KL-Penang),North-South Expressway (KL-Penang) :: Kuala Lumpur->Ipoh,0,3.139,101.6869,4.5975,101.0901,22,6,0.1559
2026-08-09T23:00:00,North-South Expressway (KL-Penang),North-South Expressway (KL-Penang) :: Kuala Lumpur->Ipoh,0,3.139,101.6869,4.5975,101.0901,23,6,0.1298
2026-08-10T00:00:00,North-South Expressway (KL-Penang),North-South Expressway (KL-Penang) :: Kuala Lumpur->Ipoh,0,3.139,101.6869,4.5975,101.0901,0,0,0.1177
2026-08-10T01:00:00,North-South Expressway (KL-Penang),North-South Expressway (KL-Penang) :: Kuala Lumpur->Ipoh,0,3.139,101.6869,4.5975,101.0901,1,0,0.0963
2026-08-10T02:00:00,North-South Expressway (KL-Penang),North-South Expressway (KL-Penang) :: Kuala Lumpur->Ipoh,0,3.139,101.6869,4.5975,101.0901,2,0,0.1592
2026-08-10T03:00:00,North-South Expressway (KL-Penang),North-South Expressway (KL-Penang) :: Kuala Lumpur->Ipoh,0,3.139,101.6869,4.5975,101.0901,3,0,0.2399
2026-08-10T04:00:00,North-South Expressway (KL-Penang),North-South Expressway (KL-Penang) :: Kuala Lumpur->Ipoh,0,3.139,101.6869,4.5975,101.0901,4,0,0.155
2026-08-10T05:00:00,North-South Expressway (KL-Penang),North-South Expressway (KL-Penang) :: Kuala Lumpur->Ipoh,0,3.139,101.6869,4.5975,101.0901,5,0,0.2377
2026-08-10T06:00:00,North-South Expressway (KL-Penang),North-South Expressway (KL-Penang) :: Kuala Lumpur->Ipoh,0,3.139,101.6869,4.5975,101.0901,6,0,0.189
2026-08-10T07:00:00,North-South Expressway (KL-Penang),North-South Expressway (KL-Penang) :: Kuala Lumpur->Ipoh,0,3.139,101.6869,4.5975,101.0901,7,0,0.4298
2026-08-10T08:00:00,North-South Expressway (KL-Penang),North-South Expressway (KL-Penang) :: Kuala Lumpur->Ipoh,0,3.139,101.6869,4.5975,101.0901,8,0,0.4342
2026-08-10T09:00:00,North-South Expressway (KL-Penang),North-South Expressway (KL-Penang) :: Kuala Lumpur->Ipoh,0,3.139,101.6869,4.5975,101.0901,9,0,0.3318
2026-08-10T10:00:00,North-South Expressway (KL-Penang),North-South Expressway (KL-Penang) :: Kuala Lumpur->Ipoh,0,3.139,101.6869,4.5975,101.0901,10,0,0.2281
2026-08-10T11:00:00,North-South Expressway (KL-Penang),North-South Expressway (KL-Penang) :: Kuala Lumpur->Ipoh,0,3.139,101.6869,4.5975,101.0901,11,0,0.2495
2026-08-10T12:00:00,North-South Expressway (KL-Penang),North-South Expressway (KL-Penang) :: Kuala Lumpur->Ipoh,0,3.139,101.6869,4.5975,101.0901,12,0,0.2039
2026-08-10T13:00:00,North-South Expressway (KL-Penang),North-South Expressway (KL-Penang) :: Kuala Lumpur->Ipoh,0,3.139,101.6869,4.5975,101.0901,13,0,0.158
2026-08-10T14:00:00,North-South Expressway (KL-Penang),North-South Expressway (KL-Penang) :: Kuala Lumpur->Ipoh,0,3.139,101.6869,4.5975,101.0901,14,0,0.0644
2026-08-10T15:00:00,North-South Expressway (KL-Penang),North-South Expressway (KL-Penang) :: Kuala Lumpur->Ipoh,0,3.139,101.6869,4.5975,101.0901,15,0,0.1943
2026-08-10T16:00:00,North-South Expressway (KL-Penang),North-South Expressway (KL-Penang) :: Kuala Lumpur->Ipoh,0,3.139,101.6869,4.5975,101.0901,16,0,0.3378
2026-08-10T17:00:00,North-South Expressway (KL-Penang),North-South Expressway (KL-Penang) :: Kuala Lumpur->Ipoh,0,3.139,101.6869,4.5975,101.0901,17,0,0.478
2026-08-10T18:00:00,North-South Expressway (KL-Penang),North-South Expressway (KL-Penang) :: Kuala Lumpur->Ipoh,0,3.139,101.6869,4.5975,101.0901,18,0,0.4294
2026-08-10T19:00:00,North-South Expressway (KL-Penang),North-South Expressway (KL-Penang) :: Kuala Lumpur->Ipoh,0,3.139,101.6869,4.5975,101.0901,19,0,0.4141
2026-08-10T20:00:00,North-South Expressway (KL-Penang),North-South Expressway (KL-Penang) :: Kuala Lumpur->Ipoh,0,3.139,101.6869,4.5975,101.0901,20,0,0.3159
2026-08-10T21:00:00,North-South Expressway (KL-Penang),North-South Expressway (KL-Penang) :: Kuala Lumpur->Ipoh,0,3.139,101.6869,4.5975,101.0901,21,0,0.2383
2026-08-10T22:00:00,North-South Expressway (KL-Penang),North-South Expressway (KL-Penang) :: Kuala Lumpur->Ipoh,0,3.139,101.6869,4.5975,101.0901,22,0,0.0245
2026-08-10T23:00:00,North-South Expressway (KL-Penang),North-South Expressway (KL-Penang) :: Kuala Lumpur->Ipoh,0,3.139,101.6869,4.5975,101.0901,23,0,0.133
2026-08-11T00:00:00,North-South Expressway (KL-Penang),North-South Expressway (KL-Penang) :: Kuala Lumpur->Ipoh,0,3.139,101.6869,4.5975,101.0901,0,1,0.1486
2026-08-11T01:00:00,North-South Expressway (KL-Penang),North-South Expressway (KL-Penang) :: Kuala Lumpur->Ipoh,0,3.139,101.6869,4.5975,101.0901,1,1,0.191
2026-08-11T02:00:00,North-South Expressway (KL-Penang),North-South Expressway (KL-Penang) :: Kuala Lumpur->Ipoh,0,3.139,101.6869,4.5975,101.0901,2,1,0.1816
2026-08-11T03:00:00,North-South Expressway (KL-Penang),North-South Expressway (KL-Penang) :: Kuala Lumpur->Ipoh,0,3.139,101.6869,4.5975,101.0901,3,1,0.1756
2026-08-11T04:00:00,North-South Expressway (KL-Penang),North-South Expressway (KL-Penang) :: Kuala Lumpur->Ipoh,0,3.139,101.6869,4.5975,101.0901,4,1,0.0986
2026-08-11T05:00:00,North-South Expressway (KL-Penang),North-South Expressway (KL-Penang) :: Kuala Lumpur->Ipoh,0,3.139,101.6869,4.5975,101.0901,5,1,0.0635
2026-08-11T06:00:00,North-South Expressway (KL-Penang),North-South Expressway (KL-Penang) :: Kuala Lumpur->Ipoh,0,3.139,101.6869,4.5975,101.0901,6,1,0.2489
2026-08-11T07:00:00,North-South Expressway (KL-Penang),North-South Expressway (KL-Penang) :: Kuala Lumpur->Ipoh,0,3.139,101.6869,4.5975,101.0901,7,1,0.4805
2026-08-11T08:00:00,North-South Expressway (KL-Penang),North-South Expressway (KL-Penang) :: Kuala Lumpur->Ipoh,0,3.139,101.6869,4.5975,101.0901,8,1,0.5836
2026-08-11T09:00:00,North-South Expressway (KL-Penang),North-South Expressway (KL-Penang) :: Kuala Lumpur->Ipoh,0,3.139,101.6869,4.5975,101.0901,9,1,0.463
2026-08-11T10:00:00,North-South Expressway (KL-Penang),North-South Expressway (KL-Penang) :: Kuala Lumpur->Ipoh,0,3.139,101.6869,4.5975,101.0901,10,1,0.2982
2026-08-11T11:00:00,North-South Expressway (KL-Penang),North-South Expressway (KL-Penang) :: Kuala Lumpur->Ipoh,0,3.139,101.6869,4.5975,101.0901,11,1,0.2007
2026-08-11T12:00:00,North-South Expressway (KL-Penang),North-South Expressway (KL-Penang) :: Kuala Lumpur->Ipoh,0,3.139,101.6869,4.5975,101.0901,12,1,0.1135
2026-08-11T13:00:00,North-South Expressway (KL-Penang),North-South Expressway (KL-Penang) :: Kuala Lumpur->Ipoh,0,3.139,101.6869,4.5975,101.0901,13,1,0.1356
2026-08-11T14:00:00,North-South Expressway (KL-Penang),North-South Expressway (KL-Penang) :: Kuala Lumpur->Ipoh,0,3.139,101.6869,4.5975,101.0901,14,1,0.2565
2026-08-11T15:00:00,North-South Expressway (KL-Penang),North-South Expressway (KL-Penang) :: Kuala Lumpur->Ipoh,0,3.139,101.6869,4.5975,101.0901,15,1,0.1496
2026-08-11T16:00:00,North-South Expressway (KL-Penang),North-South Expressway (KL-Penang) :: Kuala Lumpur->Ipoh,0,3.139,101.6869,4.5975,101.0901,16,1,0.4166
2026-08-11T17:00:00,North-South Expressway (KL-Penang),North-South Expressway (KL-Penang) :: Kuala Lumpur->Ipoh,0,3.139,101.6869,4.5975,101.0901,17,1,0.4482
2026-08-11T18:00:00,North-South Expressway (KL-Penang),North-South Expressway (KL-Penang) :: Kuala Lumpur->Ipoh,0,3.139,101.6869,4.5975,101.0901,18,1,0.6195
2026-08-11T19:00:00,North-South Expressway (KL-Penang),North-South Expressway (KL-Penang) :: Kuala Lumpur->Ipoh,0,3.139,101.6869,4.5975,101.0901,19,1,0.3831
2026-08-11T20:00:00,North-South Expressway (KL-Penang),North-South Expressway (KL-Penang) :: Kuala Lumpur->Ipoh,0,3.139,101.6869,4.5975,101.0901,20,1,0.3549
2026-08-11T21:00:00,North-South Expressway (KL-Penang),North-South Expressway (KL-Penang) :: Kuala Lumpur->Ipoh,0,3.139,101.6869,4.5975,101.0901,21,1,0.1619
2026-08-11T22:00:00,North-South Expressway (KL-Penang),North-South Expressway (KL-Penang) :: Kuala Lumpur->Ipoh,0,3.139,101.6869,4.5975,101.0901,22,1,0.0714
2026-08-11T23:00:00,North-South Expressway (KL-Penang),North-South Expressway (KL-Penang) :: Kuala Lumpur->Ipoh,0,3.139,101.6869,4.5975,101.0901,23,1,0.1558
2026-08-12T00:00:00,North-South Expressway (KL-Penang),North-South Expressway (KL-Penang) :: Kuala Lumpur->Ipoh,0,3.139,101.6869,4.5975,101.0901,0,2,0.2006
2026-08-12T01:00:00,North-South Expressway (KL-Penang),North-South Expressway (KL-Penang) :: Kuala Lumpur->Ipoh,0,3.139,101.6869,4.5975,101.0901,1,2,0.0893
2026-08-12T02:00:00,North-South Expressway (KL-Penang),North-South Expressway (KL-Penang) :: Kuala Lumpur->Ipoh,0,3.139,101.6869,4.5975,101.0901,2,2,0.0501
2026-08-12T03:00:00,North-South Expressway (KL-Penang),North-South Expressway (KL-Penang) :: Kuala Lumpur->Ipoh,0,3.139,101.6869,4.5975,101.0901,3,2,0.1352
2026-08-12T04:00:00,North-South Expressway (KL-Penang),North-South Expressway (KL-Penang) :: Kuala Lumpur->Ipoh,0,3.139,101.6869,4.5975,101.0901,4,2,0.1413
2026-08-12T05:00:00,North-South Expressway (KL-Penang),North-South Expressway (KL-Penang) :: Kuala Lumpur->Ipoh,0,3.139,101.6869,4.5975,101.0901,5,2,0.2108
2026-08-12T06:00:00,North-South Expressway (KL-Penang),North-South Expressway (KL-Penang) :: Kuala Lumpur->Ipoh,0,3.139,101.6869,4.5975,101.0901,6,2,0.3294
2026-08-12T07:00:00,North-South Expressway (KL-Penang),North-South Expressway (KL-Penang) :: Kuala Lumpur->Ipoh,0,3.139,101.6869,4.5975,101.0901,7,2,0.4168
2026-08-12T08:00:00,North-South Expressway (KL-Penang),North-South Expressway (KL-Penang) :: Kuala Lumpur->Ipoh,0,3.139,101.6869,4.5975,101.0901,8,2,0.6113
2026-08-12T09:00:00,North-South Expressway (KL-Penang),North-South Expressway (KL-Penang) :: Kuala Lumpur->Ipoh,0,3.139,101.6869,4.5975,101.0901,9,2,0.4338
2026-08-12T10:00:00,North-South Expressway (KL-Penang),North-South Expressway (KL-Penang) :: Kuala Lumpur->Ipoh,0,3.139,101.6869,4.5975,101.0901,10,2,0.2517
2026-08-12T11:00:00,North-South Expressway (KL-Penang),North-South Expressway (KL-Penang) :: Kuala Lumpur->Ipoh,0,3.139,101.6869,4.5975,101.0901,11,2,0.0813
2026-08-12T12:00:00,North-South Expressway (KL-Penang),North-South Expressway (KL-Penang) :: Kuala Lumpur->Ipoh,0,3.139,101.6869,4.5975,101.0901,12,2,0.1311
2026-08-12T13:00:00,North-South Expressway (KL-Penang),North-South Expressway (KL-Penang) :: Kuala Lumpur->Ipoh,0,3.139,101.6869,4.5975,101.0901,13,2,0.1232
2026-08-12T14:00:00,North-South Expressway (KL-Penang),North-South Expressway (KL-Penang) :: Kuala Lumpur->Ipoh,0,3.139,101.6869,4.5975,101.0901,14,2,0.214
2026-08-12T15:00:00,North-South Expressway (KL-Penang),North-South Expressway (KL-Penang) :: Kuala Lumpur->Ipoh,0,3.139,101.6869,4.5975,101.0901,15,2,0.2339
2026-08-12T16:00:00,North-South Expressway (KL-Penang),North-South Expressway (KL-Penang) :: Kuala Lumpur->Ipoh,0,3.139,101.6869,4.5975,101.0901,16,2,0.249
2026-08-12T17:00:00,North-South Expressway (KL-Penang),North-South Expressway (KL-Penang) :: Kuala Lumpur->Ipoh,0,3.139,101.6869,4.5975,101.0901,17,2,0.4778
2026-08-12T18:00:00,North-South Expressway (KL-Penang),North-South Expressway (KL-Penang) :: Kuala Lumpur->Ipoh,0,3.139,101.6869,4.5975,101.0901,18,2,0.5803
2026-08-12T19:00:00,North-South Expressway (KL-Penang),North-South Expressway (KL-Penang) :: Kuala Lumpur->Ipoh,0,3.139,101.6869,4.5975,101.0901,19,2,0.5592
2026-08-12T20:00:00,North-South Expressway (KL-Penang),North-South Expressway (KL-Penang) :: Kuala Lumpur->Ipoh,0,3.139,101.6869,4.5975,101.0901,20,2,0.373
2026-08-12T21:00:00,North-South Expressway (KL-Penang),North-South Expressway (KL-Penang) :: Kuala Lumpur->Ipoh,0,3.139,101.6869,4.5975,101.0901,21,2,0.2518
2026-08-12T22:00:00,North-South Expressway (KL-Penang),North-South Expressway (KL-Penang) :: Kuala Lumpur->Ipoh,0,3.139,101.6869,4.5975,101.0901,22,2,0.1599
2026-08-12T23:00:00,North-South Expressway (KL-Penang),North-South Expressway (KL-Penang) :: Kuala Lumpur->Ipoh,0,3.139,101.6869,4.5975,101.0901,23,2,0.166
2026-08-13T00:00:00,North-South Expressway (KL-Penang),North-South Expressway (KL-Penang) :: Kuala Lumpur->Ipoh,0,3.139,101.6869,4.5975,101.0901,0,3,0.215
2026-08-13T01:00:00,North-South Expressway (KL-Penang),North-South Expressway (KL-Penang) :: Kuala Lumpur->Ipoh,0,3.139,101.6869,4.5975,101.0901,1,3,0.06
2026-08-13T02:00:00,North-South Expressway (KL-Penang),North-South Expressway (KL-Penang) :: Kuala Lumpur->Ipoh,0,3.139,101.6869,4.5975,101.0901,2,3,0.1191
2026-08-13T03:00:00,North-South Expressway (KL-Penang),North-South Expressway (KL-Penang) :: Kuala Lumpur->Ipoh,0,3.139,101.6869,4.5975,101.0901,3,3,0.0943
2026-08-13T04:00:00,North-South Expressway (KL-Penang),North-South Expressway (KL-Penang) :: Kuala Lumpur->Ipoh,0,3.139,101.6869,4.5975,101.0901,4,3,0.1693
2026-08-13T05:00:00,North-South Expressway (KL-Penang),North-South Expressway (KL-Penang) :: Kuala Lumpur->Ipoh,0,3.139,101.6869,4.5975,101.0901,5,3,0.2518
2026-08-13T06:00:00,North-South Expressway (KL-Penang),North-South Expressway (KL-Penang) :: Kuala Lumpur->Ipoh,0,3.139,101.6869,4.5975,101.0901,6,3,0.2366
2026-08-13T07:00:00,North-South Expressway (KL-Penang),North-South Expressway (KL-Penang) :: Kuala Lumpur->Ipoh,0,3.139,101.6869,4.5975,101.0901,7,3,0.277
2026-08-13T08:00:00,North-South Expressway (KL-Penang),North-South Expressway (KL-Penang) :: Kuala Lumpur->Ipoh,0,3.139,101.6869,4.5975,101.0901,8,3,0.4753
2026-08-13T09:00:00,North-South Expressway (KL-Penang),North-South Expressway (KL-Penang) :: Kuala Lumpur->Ipoh,0,3.139,101.6869,4.5975,101.0901,9,3,0.4752
2026-08-13T10:00:00,North-South Expressway (KL-Penang),North-South Expressway (KL-Penang) :: Kuala Lumpur->Ipoh,0,3.139,101.6869,4.5975,101.0901,10,3,0.3047
2026-08-13T11:00:00,North-South Expressway (KL-Penang),North-South Expressway (KL-Penang) :: Kuala Lumpur->Ipoh,0,3.139,101.6869,4.5975,101.0901,11,3,0.2037
2026-08-13T12:00:00,North-South Expressway (KL-Penang),North-South Expressway (KL-Penang) :: Kuala Lumpur->Ipoh,0,3.139,101.6869,4.5975,101.0901,12,3,0.1301
2026-08-13T13:00:00,North-South Expressway (KL-Penang),North-South Expressway (KL-Penang) :: Kuala Lumpur->Ipoh,0,3.139,101.6869,4.5975,101.0901,13,3,0.0666
2026-08-13T14:00:00,North-South Expressway (KL-Penang),North-South Expressway (KL-Penang) :: Kuala Lumpur->Ipoh,0,3.139,101.6869,4.5975,101.0901,14,3,0.1873
2026-08-13T15:00:00,North-South Expressway (KL-Penang),North-South Expressway (KL-Penang) :: Kuala Lumpur->Ipoh,0,3.139,101.6869,4.5975,101.0901,15,3,0.1561
2026-08-13T16:00:00,North-South Expressway (KL-Penang),North-South Expressway (KL-Penang) :: Kuala Lumpur->Ipoh,0,3.139,101.6869,4.5975,101.0901,16,3,0.4508
2026-08-13T17:00:00,North-South Expressway (KL-Penang),North-South Expressway (KL-Penang) :: Kuala Lumpur->Ipoh,0,3.139,101.6869,4.5975,101.0901,17,3,0.5017
2026-08-13T18:00:00,North-South Expressway (KL-Penang),North-South Expressway (KL-Penang) :: Kuala Lumpur->Ipoh,0,3.139,101.6869,4.5975,101.0901,18,3,0.5052
2026-08-13T19:00:00,North-South Expressway (KL-Penang),North-South Expressway (KL-Penang) :: Kuala Lumpur->Ipoh,0,3.139,101.6869,4.5975,101.0901,19,3,0.4308
2026-08-13T20:00:00,North-South Expressway (KL-Penang),North-South Expressway (KL-Penang) :: Kuala Lumpur->Ipoh,0,3.139,101.6869,4.5975,101.0901,20,3,0.3142
2026-08-13T21:00:00,North-South Expressway (KL-Penang),North-South Expressway (KL-Penang) :: Kuala Lumpur->Ipoh,0,3.139,101.6869,4.5975,101.0901,21,3,0.1917
2026-08-13T22:00:00,North-South Expressway (KL-Penang),North-South Expressway (KL-Penang) :: Kuala Lumpur->Ipoh,0,3.139,101.6869,4.5975,101.0901,22,3,0.2233
2026-08-13T23:00:00,North-South Expressway (KL-Penang),North-South Expressway (KL-Penang) :: Kuala Lumpur->Ipoh,0,3.139,101.6869,4.5975,101.0901,23,3,0.1539
2026-08-14T00:00:00,North-South Expressway (KL-Penang),North-South Expressway (KL-Penang) :: Kuala Lumpur->Ipoh,0,3.139,101.6869,4.5975,101.0901,0,4,0.0961
2026-08-14T01:00:00,North-South Expressway (KL-Penang),North-South Expressway (KL-Penang) :: Kuala Lumpur->Ipoh,0,3.139,101.6869,4.5975,101.0901,1,4,0.2534
2026-08-14T02:00:00,North-South Expressway (KL-Penang),North-South Expressway (KL-Penang) :: Kuala Lumpur->Ipoh,0,3.139,101.6869,4.5975,101.0901,2,4,0.143
2026-08-14T03:00:00,North-South Expressway (KL-Penang),North-South Expressway (KL-Penang) :: Kuala Lumpur->Ipoh,0,3.139,101.6869,4.5975,101.0901,3,4,0.1868
2026-08-14T04:00:00,North-South Expressway (KL-Penang),North-South Expressway (KL-Penang) :: Kuala Lumpur->Ipoh,0,3.139,101.6869,4.5975,101.0901,4,4,0.1101
2026-08-14T05:00:00,North-South Expressway (KL-Penang),North-South Expressway (KL-Penang) :: Kuala Lumpur->Ipoh,0,3.139,101.6869,4.5975,101.0901,5,4,0.1997
2026-08-14T06:00:00,North-South Expressway (KL-Penang),North-South Expressway (KL-Penang) :: Kuala Lumpur->Ipoh,0,3.139,101.6869,4.5975,101.0901,6,4,0.2911
2026-08-14T07:00:00,North-South Expressway (KL-Penang),North-South Expressway (KL-Penang) :: Kuala Lumpur->Ipoh,0,3.139,101.6869,4.5975,101.0901,7,4,0.307
2026-08-14T08:00:00,North-South Expressway (KL-Penang),North-South Expressway (KL-Penang) :: Kuala Lumpur->Ipoh,0,3.139,101.6869,4.5975,101.0901,8,4,0.6209
2026-08-14T09:00:00,North-South Expressway (KL-Penang),North-South Expressway (KL-Penang) :: Kuala Lumpur->Ipoh,0,3.139,101.6869,4.5975,101.0901,9,4,0.4978
2026-08-14T10:00:00,North-South Expressway (KL-Penang),North-South Expressway (KL-Penang) :: Kuala Lumpur->Ipoh,0,3.139,101.6869,4.5975,101.0901,10,4,0.2486
2026-08-14T11:00:00,North-South Expressway (KL-Penang),North-South Expressway (KL-Penang) :: Kuala Lumpur->Ipoh,0,3.139,101.6869,4.5975,101.0901,11,4,0.1118
2026-08-14T12:00:00,North-South Expressway (KL-Penang),North-South Expressway (KL-Penang) :: Kuala Lumpur->Ipoh,0,3.139,101.6869,4.5975,101.0901,12,4,0.1677
2026-08-14T13:00:00,North-South Expressway (KL-Penang),North-South Expressway (KL-Penang) :: Kuala Lumpur->Ipoh,0,3.139,101.6869,4.5975,101.0901,13,4,0.1486
2026-08-14T14:00:00,North-South Expressway (KL-Penang),North-South Expressway (KL-Penang) :: Kuala Lumpur->Ipoh,0,3.139,101.6869,4.5975,101.0901,14,4,0.1777
2026-08-14T15:00:00,North-South Expressway (KL-Penang),North-South Expressway (KL-Penang) :: Kuala Lumpur->Ipoh,0,3.139,101.6869,4.5975,101.0901,15,4,0.2176
2026-08-14T16:00:00,North-South Expressway (KL-Penang),North-South Expressway (KL-Penang) :: Kuala Lumpur->Ipoh,0,3.139,101.6869,4.5975,101.0901,16,4,0.3501
2026-08-14T17:00:00,North-South Expressway (KL-Penang),North-South Expressway (KL-Penang) :: Kuala Lumpur->Ipoh,0,3.139,101.6869,4.5975,101.0901,17,4,0.5543
2026-08-14T18:00:00,North-South Expressway (KL-Penang),North-South Expressway (KL-Penang) :: Kuala Lumpur->Ipoh,0,3.139,101.6869,4.5975,101.0901,18,4,0.5741
2026-08-14T19:00:00,North-South Expressway (KL-Penang),North-South Expressway (KL-Penang) :: Kuala Lumpur->Ipoh,0,3.139,101.6869,4.5975,101.0901,19,4,0.4045
2026-08-14T20:00:00,North-South Expressway (KL-Penang),North-South Expressway (KL-Penang) :: Kuala Lumpur->Ipoh,0,3.139,101.6869,4.5975,101.0901,20,4,0.4015
2026-08-14T21:00:00,North-South Expressway (KL-Penang),North-South Expressway (KL-Penang) :: Kuala Lumpur->Ipoh,0,3.139,101.6869,4.5975,101.0901,21,4,0.3046
2026-08-14T22:00:00,North-South Expressway (KL-Penang),North-South Expressway (KL-Penang) :: Kuala Lumpur->Ipoh,0,3.139,101.6869,4.5975,101.0901,22,4,0.3454
2026-08-14T23:00:00,North-South Expressway (KL-Penang),North-South Expressway (KL-Penang) :: Kuala Lumpur->Ipoh,0,3.139,101.6869,4.5975,101.0901,23,4,0.0753
2026-08-15T00:00:00,North-South Expressway (KL-Penang),North-South Expressway (KL-Penang) :: Kuala Lumpur->Ipoh,0,3.139,101.6869,4.5975,101.0901,0,5,0.1546
2026-08-15T01:00:00,North-South Expressway (KL-Penang),North-South Expressway (KL-Penang) :: Kuala Lumpur->Ipoh,0,3.139,101.6869,4.5975,101.0901,1,5,0.0151
2026-08-15T02:00:00,North-South Expressway (KL-Penang),North-South Expressway (KL-Penang) :: Kuala Lumpur->Ipoh,0,3.139,101.6869,4.5975,101.0901,2,5,0.1732
2026-08-15T03:00:00,North-South Expressway (KL-Penang),North-South Expressway (KL-Penang) :: Kuala Lumpur->Ipoh,0,3.139,101.6869,4.5975,101.0901,3,5,0.1078
2026-08-15T04:00:00,North-South Expressway (KL-Penang),North-South Expressway (KL-Penang) :: Kuala Lumpur->Ipoh,0,3.139,101.6869,4.5975,101.0901,4,5,0.262
2026-08-15T05:00:00,North-South Expressway (KL-Penang),North-South Expressway (KL-Penang) :: Kuala Lumpur->Ipoh,0,3.139,101.6869,4.5975,101.0901,5,5,0.1315
2026-08-15T06:00:00,North-South Expressway (KL-Penang),North-South Expressway (KL-Penang) :: Kuala Lumpur->Ipoh,0,3.139,101.6869,4.5975,101.0901,6,5,0.1711
2026-08-15T07:00:00,North-South Expressway (KL-Penang),North-South Expressway (KL-Penang) :: Kuala Lumpur->Ipoh,0,3.139,101.6869,4.5975,101.0901,7,5,0.3921
2026-08-15T08:00:00,North-South Expressway (KL-Penang),North-South Expressway (KL-Penang) :: Kuala Lumpur->Ipoh,0,3.139,101.6869,4.5975,101.0901,8,5,0.3815
2026-08-15T09:00:00,North-South Expressway (KL-Penang),North-South Expressway (KL-Penang) :: Kuala Lumpur->Ipoh,0,3.139,101.6869,4.5975,101.0901,9,5,0.4654
2026-08-15T10:00:00,North-South Expressway (KL-Penang),North-South Expressway (KL-Penang) :: Kuala Lumpur->Ipoh,0,3.139,101.6869,4.5975,101.0901,10,5,0.1485
2026-08-15T11:00:00,North-South Expressway (KL-Penang),North-South Expressway (KL-Penang) :: Kuala Lumpur->Ipoh,0,3.139,101.6869,4.5975,101.0901,11,5,0.1797
2026-08-15T12:00:00,North-South Expressway (KL-Penang),North-South Expressway (KL-Penang) :: Kuala Lumpur->Ipoh,0,3.139,101.6869,4.5975,101.0901,12,5,0.0222
2026-08-15T13:00:00,North-South Expressway (KL-Penang),North-South Expressway (KL-Penang) :: Kuala Lumpur->Ipoh,0,3.139,101.6869,4.5975,101.0901,13,5,0.1242
2026-08-15T14:00:00,North-South Expressway (KL-Penang),North-South Expressway (KL-Penang) :: Kuala Lumpur->Ipoh,0,3.139,101.6869,4.5975,101.0901,14,5,0.255
2026-08-15T15:00:00,North-South Expressway (KL-Penang),North-South Expressway (KL-Penang) :: Kuala Lumpur->Ipoh,0,3.139,101.6869,4.5975,101.0901,15,5,0.2278
2026-08-15T16:00:00,North-South Expressway (KL-Penang),North-South Expressway (KL-Penang) :: Kuala Lumpur->Ipoh,0,3.139,101.6869,4.5975,101.0901,16,5,0.2679
2026-08-15T17:00:00,North-South Expressway (KL-Penang),North-South Expressway (KL-Penang) :: Kuala Lumpur->Ipoh,0,3.139,101.6869,4.5975,101.0901,17,5,0.4656
2026-08-15T18:00:00,North-South Expressway (KL-Penang),North-South Expressway (KL-Penang) :: Kuala Lumpur->Ipoh,0,3.139,101.6869,4.5975,101.0901,18,5,0.5411
2026-08-15T19:00:00,North-South Expressway (KL-Penang),North-South Expressway (KL-Penang) :: Kuala Lumpur->Ipoh,0,3.139,101.6869,4.5975,101.0901,19,5,0.4959
2026-08-15T20:00:00,North-South Expressway (KL-Penang),North-South Expressway (KL-Penang) :: Kuala Lumpur->Ipoh,0,3.139,101.6869,4.5975,101.0901,20,5,0.2377
2026-08-15T21:00:00,North-South Expressway (KL-Penang),North-South Expressway (KL-Penang) :: Kuala Lumpur->Ipoh,0,3.139,101.6869,4.5975,101.0901,21,5,0.2417
2026-08-15T22:00:00,North-South Expressway (KL-Penang),North-South Expressway (KL-Penang) :: Kuala Lumpur->Ipoh,0,3.139,101.6869,4.5975,101.0901,22,5,0.0
2026-08-15T23:00:00,North-South Expressway (KL-Penang),North-South Expressway (KL-Penang) :: Kuala Lumpur->Ipoh,0,3.139,101.6869,4.5975,101.0901,23,5,0.1049
2026-08-16T00:00:00,North-South Expressway (KL-Penang),North-South Expressway (KL-Penang) :: Kuala Lumpur->Ipoh,0,3.139,101.6869,4.5975,101.0901,0,6,0.1107
2026-08-16T01:00:00,North-South Expressway (KL-Penang),North-South Expressway (KL-Penang) :: Kuala Lumpur->Ipoh,0,3.139,101.6869,4.5975,101.0901,1,6,0.178
2026-08-16T02:00:00,North-South Expressway (KL-Penang),North-South Expressway (KL-Penang) :: Kuala Lumpur->Ipoh,0,3.139,101.6869,4.5975,101.0901,2,6,0.1414
2026-08-16T03:00:00,North-South Expressway (KL-Penang),North-South Expressway (KL-Penang) :: Kuala Lumpur->Ipoh,0,3.139,101.6869,4.5975,101.0901,3,6,0.0564
2026-08-16T04:00:00,North-South Expressway (KL-Penang),North-South Expressway (KL-Penang) :: Kuala Lumpur->Ipoh,0,3.139,101.6869,4.5975,101.0901,4,6,0.0875
2026-08-16T05:00:00,North-South Expressway (KL-Penang),North-South Expressway (KL-Penang) :: Kuala Lumpur->Ipoh,0,3.139,101.6869,4.5975,101.0901,5,6,0.1899
2026-08-16T06:00:00,North-South Expressway (KL-Penang),North-South Expressway (KL-Penang) :: Kuala Lumpur->Ipoh,0,3.139,101.6869,4.5975,101.0901,6,6,0.2677
2026-08-16T07:00:00,North-South Expressway (KL-Penang),North-South Expressway (KL-Penang) :: Kuala Lumpur->Ipoh,0,3.139,101.6869,4.5975,101.0901,7,6,0.3856
2026-08-16T08:00:00,North-South Expressway (KL-Penang),North-South Expressway (KL-Penang) :: Kuala Lumpur->Ipoh,0,3.139,101.6869,4.5975,101.0901,8,6,0.4711
2026-08-16T09:00:00,North-South Expressway (KL-Penang),North-South Expressway (KL-Penang) :: Kuala Lumpur->Ipoh,0,3.139,101.6869,4.5975,101.0901,9,6,0.4621
2026-08-16T10:00:00,North-South Expressway (KL-Penang),North-South Expressway (KL-Penang) :: Kuala Lumpur->Ipoh,0,3.139,101.6869,4.5975,101.0901,10,6,0.2414
2026-08-16T11:00:00,North-South Expressway (KL-Penang),North-South Expressway (KL-Penang) :: Kuala Lumpur->Ipoh,0,3.139,101.6869,4.5975,101.0901,11,6,0.1727
2026-08-16T12:00:00,North-South Expressway (KL-Penang),North-South Expressway (KL-Penang) :: Kuala Lumpur->Ipoh,0,3.139,101.6869,4.5975,101.0901,12,6,0.2771
2026-08-16T13:00:00,North-South Expressway (KL-Penang),North-South Expressway (KL-Penang) :: Kuala Lumpur->Ipoh,0,3.139,101.6869,4.5975,101.0901,13,6,0.058
2026-08-16T14:00:00,North-South Expressway (KL-Penang),North-South Expressway (KL-Penang) :: Kuala Lumpur->Ipoh,0,3.139,101.6869,4.5975,101.0901,14,6,0.0452
2026-08-16T15:00:00,North-South Expressway (KL-Penang),North-South Expressway (KL-Penang) :: Kuala Lumpur->Ipoh,0,3.139,101.6869,4.5975,101.0901,15,6,0.2531
2026-08-16T16:00:00,North-South Expressway (KL-Penang),North-South Expressway (KL-Penang) :: Kuala Lumpur->Ipoh,0,3.139,101.6869,4.5975,101.0901,16,6,0.279
2026-08-16T17:00:00,North-South Expressway (KL-Penang),North-South Expressway (KL-Penang) :: Kuala Lumpur->Ipoh,0,3.139,101.6869,4.5975,101.0901,17,6,0.4484
2026-08-16T18:00:00,North-South Expressway (KL-Penang),North-South Expressway (KL-Penang) :: Kuala Lumpur->Ipoh,0,3.139,101.6869,4.5975,101.0901,18,6,0.4931
2026-08-16T19:00:00,North-South Expressway (KL-Penang),North-South Expressway (KL-Penang) :: Kuala Lumpur->Ipoh,0,3.139,101.6869,4.5975,101.0901,19,6,0.4519
2026-08-16T20:00:00,North-South Expressway (KL-Penang),North-South Expressway (KL-Penang) :: Kuala Lumpur->Ipoh,0,3.139,101.6869,4.5975,101.0901,20,6,0.4156
2026-08-16T21:00:00,North-South Expressway (KL-Penang),North-South Expressway (KL-Penang) :: Kuala Lumpur->Ipoh,0,3.139,101.6869,4.5975,101.0901,21,6,0.2542
2026-08-16T22:00:00,North-South Expressway (KL-Penang),North-South Expressway (KL-Penang) :: Kuala Lumpur->Ipoh,0,3.139,101.6869,4.5975,101.0901,22,6,0.208
2026-08-16T23:00:00,North-South Expressway (KL-Penang),North-South Expressway (KL-Penang) :: Kuala Lumpur->Ipoh,0,3.139,101.6869,4.5975,101.0901,23,6,0.0577
2026-08-17T00:00:00,North-South Expressway (KL-Penang),North-South Expressway (KL-Penang) :: Kuala Lumpur->Ipoh,0,3.139,101.6869,4.5975,101.0901,0,0,0.0709
2026-08-17T01:00:00,North-South Expressway (KL-Penang),North-South Expressway (KL-Penang) :: Kuala Lumpur->Ipoh,0,3.139,101.6869,4.5975,101.0901,1,0,0.0
2026-08-17T02:00:00,North-South Expressway (KL-Penang),North-South Expressway (KL-Penang) :: Kuala Lumpur->Ipoh,0,3.139,101.6869,4.5975,101.0901,2,0,0.0915
2026-08-17T03:00:00,North-South Expressway (KL-Penang),North-South Expressway (KL-Penang) :: Kuala Lumpur->Ipoh,0,3.139,101.6869,4.5975,101.0901,3,0,0.1981
2026-08-17T04:00:00,North-South Expressway (KL-Penang),North-South Expressway (KL-Penang) :: Kuala Lumpur->Ipoh,0,3.139,101.6869,4.5975,101.0901,4,0,0.1776
2026-08-17T05:00:00,North-South Expressway (KL-Penang),North-South Expressway (KL-Penang) :: Kuala Lumpur->Ipoh,0,3.139,101.6869,4.5975,101.0901,5,0,0.1647
2026-08-17T06:00:00,North-South Expressway (KL-Penang),North-South Expressway (KL-Penang) :: Kuala Lumpur->Ipoh,0,3.139,101.6869,4.5975,101.0901,6,0,0.2711
2026-08-17T07:00:00,North-South Expressway (KL-Penang),North-South Expressway (KL-Penang) :: Kuala Lumpur->Ipoh,0,3.139,101.6869,4.5975,101.0901,7,0,0.379
2026-08-17T08:00:00,North-South Expressway (KL-Penang),North-South Expressway (KL-Penang) :: Kuala Lumpur->Ipoh,0,3.139,101.6869,4.5975,101.0901,8,0,0.5123
2026-08-17T09:00:00,North-South Expressway (KL-Penang),North-South Expressway (KL-Penang) :: Kuala Lumpur->Ipoh,0,3.139,101.6869,4.5975,101.0901,9,0,0.4663
2026-08-17T10:00:00,North-South Expressway (KL-Penang),North-South Expressway (KL-Penang) :: Kuala Lumpur->Ipoh,0,3.139,101.6869,4.5975,101.0901,10,0,0.1755
2026-08-17T11:00:00,North-South Expressway (KL-Penang),North-South Expressway (KL-Penang) :: Kuala Lumpur->Ipoh,0,3.139,101.6869,4.5975,101.0901,11,0,0.1959
2026-08-17T12:00:00,North-South Expressway (KL-Penang),North-South Expressway (KL-Penang) :: Kuala Lumpur->Ipoh,0,3.139,101.6869,4.5975,101.0901,12,0,0.2028
2026-08-17T13:00:00,North-South Expressway (KL-Penang),North-South Expressway (KL-Penang) :: Kuala Lumpur->Ipoh,0,3.139,101.6869,4.5975,101.0901,13,0,0.1185
2026-08-17T14:00:00,North-South Expressway (KL-Penang),North-South Expressway (KL-Penang) :: Kuala Lumpur->Ipoh,0,3.139,101.6869,4.5975,101.0901,14,0,0.1984
2026-08-17T15:00:00,North-South Expressway (KL-Penang),North-South Expressway (KL-Penang) :: Kuala Lumpur->Ipoh,0,3.139,101.6869,4.5975,101.0901,15,0,0.375
2026-08-17T16:00:00,North-South Expressway (KL-Penang),North-South Expressway (KL-Penang) :: Kuala Lumpur->Ipoh,0,3.139,101.6869,4.5975,101.0901,16,0,0.3135
2026-08-17T17:00:00,North-South Expressway (KL-Penang),North-South Expressway (KL-Penang) :: Kuala Lumpur->Ipoh,0,3.139,101.6869,4.5975,101.0901,17,0,0.4911
2026-08-17T18:00:00,North-South Expressway (KL-Penang),North-South Expressway (KL-Penang) :: Kuala Lumpur->Ipoh,0,3.139,101.6869,4.5975,101.0901,18,0,0.4957
2026-08-17T19:00:00,North-South Expressway (KL-Penang),North-South Expressway (KL-Penang) :: Kuala Lumpur->Ipoh,0,3.139,101.6869,4.5975,101.0901,19,0,0.4784
2026-08-17T20:00:00,North-South Expressway (KL-Penang),North-South Expressway (KL-Penang) :: Kuala Lumpur->Ipoh,0,3.139,101.6869,4.5975,101.0901,20,0,0.3473
2026-08-17T21:00:00,North-South Expressway (KL-Penang),North-South Expressway (KL-Penang) :: Kuala Lumpur->Ipoh,0,3.139,101.6869,4.5975,101.0901,21,0,0.2178
2026-08-17T22:00:00,North-South Expressway (KL-Penang),North-South Expressway (KL-Penang) :: Kuala Lumpur->Ipoh,0,3.139,101.6869,4.5975,101.0901,22,0,0.0951
2026-08-17T23:00:00,North-South Expressway (KL-Penang),North-South Expressway (KL-Penang) :: Kuala Lumpur->Ipoh,0,3.139,101.6869,4.5975,101.0901,23,0,0.1551
2026-08-18T00:00:00,North-South Expressway (KL-Penang),North-South Expressway (KL-Penang) :: Kuala Lumpur->Ipoh,0,3.139,101.6869,4.5975,101.0901,0,1,0.2277
2026-08-18T01:00:00,North-South Expressway (KL-Penang),North-South Expressway (KL-Penang) :: Kuala Lumpur->Ipoh,0,3.139,101.6869,4.5975,101.0901,1,1,0.1669
2026-08-18T02:00:00,North-South Expressway (KL-Penang),North-South Expressway (KL-Penang) :: Kuala Lumpur->Ipoh,0,3.139,101.6869,4.5975,101.0901,2,1,0.1978
2026-08-18T03:00:00,North-South Expressway (KL-Penang),North-South Expressway (KL-Penang) :: Kuala Lumpur->Ipoh,0,3.139,101.6869,4.5975,101.0901,3,1,0.1265
2026-08-18T04:00:00,North-South Expressway (KL-Penang),North-South Expressway (KL-Penang) :: Kuala Lumpur->Ipoh,0,3.139,101.6869,4.5975,101.0901,4,1,0.1916
2026-08-18T05:00:00,North-South Expressway (KL-Penang),North-South Expressway (KL-Penang) :: Kuala Lumpur->Ipoh,0,3.139,101.6869,4.5975,101.0901,5,1,0.1947
2026-08-18T06:00:00,North-South Expressway (KL-Penang),North-South Expressway (KL-Penang) :: Kuala Lumpur->Ipoh,0,3.139,101.6869,4.5975,101.0901,6,1,0.2154
2026-08-18T07:00:00,North-South Expressway (KL-Penang),North-South Expressway (KL-Penang) :: Kuala Lumpur->Ipoh,0,3.139,101.6869,4.5975,101.0901,7,1,0.4395
2026-08-18T08:00:00,North-South Expressway (KL-Penang),North-South Expressway (KL-Penang) :: Kuala Lumpur->Ipoh,0,3.139,101.6869,4.5975,101.0901,8,1,0.4405
2026-08-18T09:00:00,North-South Expressway (KL-Penang),North-South Expressway (KL-Penang) :: Kuala Lumpur->Ipoh,0,3.139,101.6869,4.5975,101.0901,9,1,0.3824
2026-08-18T10:00:00,North-South Expressway (KL-Penang),North-South Expressway (KL-Penang) :: Kuala Lumpur->Ipoh,0,3.139,101.6869,4.5975,101.0901,10,1,0.2838
2026-08-18T11:00:00,North-South Expressway (KL-Penang),North-South Expressway (KL-Penang) :: Kuala Lumpur->Ipoh,0,3.139,101.6869,4.5975,101.0901,11,1,0.1958
2026-08-18T12:00:00,North-South Expressway (KL-Penang),North-South Expressway (KL-Penang) :: Kuala Lumpur->Ipoh,0,3.139,101.6869,4.5975,101.0901,12,1,0.0755
2026-08-18T13:00:00,North-South Expressway (KL-Penang),North-South Expressway (KL-Penang) :: Kuala Lumpur->Ipoh,0,3.139,101.6869,4.5975,101.0901,13,1,0.2066
2026-08-18T14:00:00,North-South Expressway (KL-Penang),North-South Expressway (KL-Penang) :: Kuala Lumpur->Ipoh,0,3.139,101.6869,4.5975,101.0901,14,1,0.1907
2026-08-18T15:00:00,North-South Expressway (KL-Penang),North-South Expressway (KL-Penang) :: Kuala Lumpur->Ipoh,0,3.139,101.6869,4.5975,101.0901,15,1,0.1638
2026-08-18T16:00:00,North-South Expressway (KL-Penang),North-South Expressway (KL-Penang) :: Kuala Lumpur->Ipoh,0,3.139,101.6869,4.5975,101.0901,16,1,0.2275
2026-08-18T17:00:00,North-South Expressway (KL-Penang),North-South Expressway (KL-Penang) :: Kuala Lumpur->Ipoh,0,3.139,101.6869,4.5975,101.0901,17,1,0.4588
2026-08-18T18:00:00,North-South Expressway (KL-Penang),North-South Expressway (KL-Penang) :: Kuala Lumpur->Ipoh,0,3.139,101.6869,4.5975,101.0901,18,1,0.5132
2026-08-18T19:00:00,North-South Expressway (KL-Penang),North-South Expressway (KL-Penang) :: Kuala Lumpur->Ipoh,0,3.139,101.6869,4.5975,101.0901,19,1,0.4743
2026-08-18T20:00:00,North-South Expressway (KL-Penang),North-South Expressway (KL-Penang) :: Kuala Lumpur->Ipoh,0,3.139,101.6869,4.5975,101.0901,20,1,0.2979
2026-08-18T21:00:00,North-South Expressway (KL-Penang),North-South Expressway (KL-Penang) :: Kuala Lumpur->Ipoh,0,3.139,101.6869,4.5975,101.0901,21,1,0.0857
2026-08-18T22:00:00,North-South Expressway (KL-Penang),North-South Expressway (KL-Penang) :: Kuala Lumpur->Ipoh,0,3.139,101.6869,4.5975,101.0901,22,1,0.133
2026-08-18T23:00:00,North-South Expressway (KL-Penang),North-South Expressway (KL-Penang) :: Kuala Lumpur->Ipoh,0,3.139,101.6869,4.5975,101.0901,23,1,0.1244
2026-08-19T00:00:00,North-South Expressway (KL-Penang),North-South Expressway (KL-Penang) :: Kuala Lumpur->Ipoh,0,3.139,101.6869,4.5975,101.0901,0,2,0.178
2026-08-19T01:00:00,North-South Expressway (KL-Penang),North-South Expressway (KL-Penang) :: Kuala Lumpur->Ipoh,0,3.139,101.6869,4.5975,101.0901,1,2,0.0981
2026-08-19T02:00:00,North-South Expressway (KL-Penang),North-South Expressway (KL-Penang) :: Kuala Lumpur->Ipoh,0,3.139,101.6869,4.5975,101.0901,2,2,0.2408
2026-08-19T03:00:00,North-South Expressway (KL-Penang),North-South Expressway (KL-Penang) :: Kuala Lumpur->Ipoh,0,3.139,101.6869,4.5975,101.0901,3,2,0.026
2026-08-19T04:00:00,North-South Expressway (KL-Penang),North-South Expressway (KL-Penang) :: Kuala Lumpur->Ipoh,0,3.139,101.6869,4.5975,101.0901,4,2,0.2253
2026-08-19T05:00:00,North-South Expressway (KL-Penang),North-South Expressway (KL-Penang) :: Kuala Lumpur->Ipoh,0,3.139,101.6869,4.5975,101.0901,5,2,0.1645
2026-08-19T06:00:00,North-South Expressway (KL-Penang),North-South Expressway (KL-Penang) :: Kuala Lumpur->Ipoh,0,3.139,101.6869,4.5975,101.0901,6,2,0.324
2026-08-19T07:00:00,North-South Expressway (KL-Penang),North-South Expressway (KL-Penang) :: Kuala Lumpur->Ipoh,0,3.139,101.6869,4.5975,101.0901,7,2,0.4252
2026-08-19T08:00:00,North-South Expressway (KL-Penang),North-South Expressway (KL-Penang) :: Kuala Lumpur->Ipoh,0,3.139,101.6869,4.5975,101.0901,8,2,0.5684
2026-08-19T09:00:00,North-South Expressway (KL-Penang),North-South Expressway (KL-Penang) :: Kuala Lumpur->Ipoh,0,3.139,101.6869,4.5975,101.0901,9,2,0.3971
2026-08-19T10:00:00,North-South Expressway (KL-Penang),North-South Expressway (KL-Penang) :: Kuala Lumpur->Ipoh,0,3.139,101.6869,4.5975,101.0901,10,2,0.2065
2026-08-19T11:00:00,North-South Expressway (KL-Penang),North-South Expressway (KL-Penang) :: Kuala Lumpur->Ipoh,0,3.139,101.6869,4.5975,101.0901,11,2,0.2632
2026-08-19T12:00:00,North-South Expressway (KL-Penang),North-South Expressway (KL-Penang) :: Kuala Lumpur->Ipoh,0,3.139,101.6869,4.5975,101.0901,12,2,0.1401
2026-08-19T13:00:00,North-South Expressway (KL-Penang),North-South Expressway (KL-Penang) :: Kuala Lumpur->Ipoh,0,3.139,101.6869,4.5975,101.0901,13,2,0.1567
2026-08-19T14:00:00,North-South Expressway (KL-Penang),North-South Expressway (KL-Penang) :: Kuala Lumpur->Ipoh,0,3.139,101.6869,4.5975,101.0901,14,2,0.2304
2026-08-19T15:00:00,North-South Expressway (KL-Penang),North-South Expressway (KL-Penang) :: Kuala Lumpur->Ipoh,0,3.139,101.6869,4.5975,101.0901,15,2,0.1442
2026-08-19T16:00:00,North-South Expressway (KL-Penang),North-South Expressway (KL-Penang) :: Kuala Lumpur->Ipoh,0,3.139,101.6869,4.5975,101.0901,16,2,0.3555
2026-08-19T17:00:00,North-South Expressway (KL-Penang),North-South Expressway (KL-Penang) :: Kuala Lumpur->Ipoh,0,3.139,101.6869,4.5975,101.0901,17,2,0.4321
2026-08-19T18:00:00,North-South Expressway (KL-Penang),North-South Expressway (KL-Penang) :: Kuala Lumpur->Ipoh,0,3.139,101.6869,4.5975,101.0901,18,2,0.5321
2026-08-19T19:00:00,North-South Expressway (KL-Penang),North-South Expressway (KL-Penang) :: Kuala Lumpur->Ipoh,0,3.139,101.6869,4.5975,101.0901,19,2,0.4718
2026-08-19T20:00:00,North-South Expressway (KL-Penang),North-South Expressway (KL-Penang) :: Kuala Lumpur->Ipoh,0,3.139,101.6869,4.5975,101.0901,20,2,0.2297
2026-08-19T21:00:00,North-South Expressway (KL-Penang),North-South Expressway (KL-Penang) :: Kuala Lumpur->Ipoh,0,3.139,101.6869,4.5975,101.0901,21,2,0.1594
2026-08-19T22:00:00,North-South Expressway (KL-Penang),North-South Expressway (KL-Penang) :: Kuala Lumpur->Ipoh,0,3.139,101.6869,4.5975,101.0901,22,2,0.2374
2026-08-19T23:00:00,North-South Expressway (KL-Penang),North-South Expressway (KL-Penang) :: Kuala Lumpur->Ipoh,0,3.139,101.6869,4.5975,101.0901,23,2,0.1959
2026-08-20T00:00:00,North-South Expressway (KL-Penang),North-South Expressway (KL-Penang) :: Kuala Lumpur->Ipoh,0,3.139,101.6869,4.5975,101.0901,0,3,0.1362
2026-08-20T01:00:00,North-South Expressway (KL-Penang),North-South Expressway (KL-Penang) :: Kuala Lumpur->Ipoh,0,3.139,101.6869,4.5975,101.0901,1,3,0.1546
2026-08-20T02:00:00,North-South Expressway (KL-Penang),North-South Expressway (KL-Penang) :: Kuala Lumpur->Ipoh,0,3.139,101.6869,4.5975,101.0901,2,3,0.1224
2026-08-20T03:00:00,North-South Expressway (KL-Penang),North-South Expressway (KL-Penang) :: Kuala Lumpur->Ipoh,0,3.139,101.6869,4.5975,101.0901,3,3,0.2221
2026-08-20T04:00:00,North-South Expressway (KL-Penang),North-South Expressway (KL-Penang) :: Kuala Lumpur->Ipoh,0,3.139,101.6869,4.5975,101.0901,4,3,0.1346
2026-08-20T05:00:00,North-South Expressway (KL-Penang),North-South Expressway (KL-Penang) :: Kuala Lumpur->Ipoh,0,3.139,101.6869,4.5975,101.0901,5,3,0.1919
2026-08-20T06:00:00,North-South Expressway (KL-Penang),North-South Expressway (KL-Penang) :: Kuala Lumpur->Ipoh,0,3.139,101.6869,4.5975,101.0901,6,3,0.3412
2026-08-20T07:00:00,North-South Expressway (KL-Penang),North-South Expressway (KL-Penang) :: Kuala Lumpur->Ipoh,0,3.139,101.6869,4.5975,101.0901,7,3,0.3737
2026-08-20T08:00:00,North-South Expressway (KL-Penang),North-South Expressway (KL-Penang) :: Kuala Lumpur->Ipoh,0,3.139,101.6869,4.5975,101.0901,8,3,0.5935
2026-08-20T09:00:00,North-South Expressway (KL-Penang),North-South Expressway (KL-Penang) :: Kuala Lumpur->Ipoh,0,3.139,101.6869,4.5975,101.0901,9,3,0.3285
2026-08-20T10:00:00,North-South Expressway (KL-Penang),North-South Expressway (KL-Penang) :: Kuala Lumpur->Ipoh,0,3.139,101.6869,4.5975,101.0901,10,3,0.3702
2026-08-20T11:00:00,North-South Expressway (KL-Penang),North-South Expressway (KL-Penang) :: Kuala Lumpur->Ipoh,0,3.139,101.6869,4.5975,101.0901,11,3,0.1556
2026-08-20T12:00:00,North-South Expressway (KL-Penang),North-South Expressway (KL-Penang) :: Kuala Lumpur->Ipoh,0,3.139,101.6869,4.5975,101.0901,12,3,0.1323
2026-08-20T13:00:00,North-South Expressway (KL-Penang),North-South Expressway (KL-Penang) :: Kuala Lumpur->Ipoh,0,3.139,101.6869,4.5975,101.0901,13,3,0.03
2026-08-20T14:00:00,North-South Expressway (KL-Penang),North-South Expressway (KL-Penang) :: Kuala Lumpur->Ipoh,0,3.139,101.6869,4.5975,101.0901,14,3,0.1291
2026-08-20T15:00:00,North-South Expressway (KL-Penang),North-South Expressway (KL-Penang) :: Kuala Lumpur->Ipoh,0,3.139,101.6869,4.5975,101.0901,15,3,0.1437
2026-08-20T16:00:00,North-South Expressway (KL-Penang),North-South Expressway (KL-Penang) :: Kuala Lumpur->Ipoh,0,3.139,101.6869,4.5975,101.0901,16,3,0.2833
2026-08-20T17:00:00,North-South Expressway (KL-Penang),North-South Expressway (KL-Penang) :: Kuala Lumpur->Ipoh,0,3.139,101.6869,4.5975,101.0901,17,3,0.4593
2026-08-20T18:00:00,North-South Expressway (KL-Penang),North-South Expressway (KL-Penang) :: Kuala Lumpur->Ipoh,0,3.139,101.6869,4.5975,101.0901,18,3,0.5975
2026-08-20T19:00:00,North-South Expressway (KL-Penang),North-South Expressway (KL-Penang) :: Kuala Lumpur->Ipoh,0,3.139,101.6869,4.5975,101.0901,19,3,0.4799
2026-08-20T20:00:00,North-South Expressway (KL-Penang),North-South Expressway (KL-Penang) :: Kuala Lumpur->Ipoh,0,3.139,101.6869,4.5975,101.0901,20,3,0.3382
2026-08-20T21:00:00,North-South Expressway (KL-Penang),North-South Expressway (KL-Penang) :: Kuala Lumpur->Ipoh,0,3.139,101.6869,4.5975,101.0901,21,3,0.1404
2026-08-20T22:00:00,North-South Expressway (KL-Penang),North-South Expressway (KL-Penang) :: Kuala Lumpur->Ipoh,0,3.139,101.6869,4.5975,101.0901,22,3,0.1035
2026-08-20T23:00:00,North-South Expressway (KL-Penang),North-South Expressway (KL-Penang) :: Kuala Lumpur->Ipoh,0,3.139,101.6869,4.5975,101.0901,23,3,0.2506
2026-08-21T00:00:00,North-South Expressway (KL-Penang),North-South Expressway (KL-Penang) :: Kuala Lumpur->Ipoh,0,3.139,101.6869,4.5975,101.0901,0,4,0.0959
2026-08-21T01:00:00,North-South Expressway (KL-Penang),North-South Expressway (KL-Penang) :: Kuala Lumpur->Ipoh,0,3.139,101.6869,4.5975,101.0901,1,4,0.2394
2026-08-21T02:00:00,North-South Expressway (KL-Penang),North-South Expressway (KL-Penang) :: Kuala Lumpur->Ipoh,0,3.139,101.6869,4.5975,101.0901,2,4,0.1255
2026-08-21T03:00:00,North-South Expressway (KL-Penang),North-South Expressway (KL-Penang) :: Kuala Lumpur->Ipoh,0,3.139,101.6869,4.5975,101.0901,3,4,0.1408
2026-08-21T04:00:00,North-South Expressway (KL-Penang),North-South Expressway (KL-Penang) :: Kuala Lumpur->Ipoh,0,3.139,101.6869,4.5975,101.0901,4,4,0.2108
2026-08-21T05:00:00,North-South Expressway (KL-Penang),North-South Expressway (KL-Penang) :: Kuala Lumpur->Ipoh,0,3.139,101.6869,4.5975,101.0901,5,4,0.2543
2026-08-21T06:00:00,North-South Expressway (KL-Penang),North-South Expressway (KL-Penang) :: Kuala Lumpur->Ipoh,0,3.139,101.6869,4.5975,101.0901,6,4,0.2658
2026-08-21T07:00:00,North-South Expressway (KL-Penang),North-South Expressway (KL-Penang) :: Kuala Lumpur->Ipoh,0,3.139,101.6869,4.5975,101.0901,7,4,0.3971
2026-08-21T08:00:00,North-South Expressway (KL-Penang),North-South Expressway (KL-Penang) :: Kuala Lumpur->Ipoh,0,3.139,101.6869,4.5975,101.0901,8,4,0.4966
2026-08-21T09:00:00,North-South Expressway (KL-Penang),North-South Expressway (KL-Penang) :: Kuala Lumpur->Ipoh,0,3.139,101.6869,4.5975,101.0901,9,4,0.4406
2026-08-21T10:00:00,North-South Expressway (KL-Penang),North-South Expressway (KL-Penang) :: Kuala Lumpur->Ipoh,0,3.139,101.6869,4.5975,101.0901,10,4,0.3259
2026-08-21T11:00:00,North-South Expressway (KL-Penang),North-South Expressway (KL-Penang) :: Kuala Lumpur->Ipoh,0,3.139,101.6869,4.5975,101.0901,11,4,0.1782
2026-08-21T12:00:00,North-South Expressway (KL-Penang),North-South Expressway (KL-Penang) :: Kuala Lumpur->Ipoh,0,3.139,101.6869,4.5975,101.0901,12,4,0.184
2026-08-21T13:00:00,North-South Expressway (KL-Penang),North-South Expressway (KL-Penang) :: Kuala Lumpur->Ipoh,0,3.139,101.6869,4.5975,101.0901,13,4,0.2417
2026-08-21T14:00:00,North-South Expressway (KL-Penang),North-South Expressway (KL-Penang) :: Kuala Lumpur->Ipoh,0,3.139,101.6869,4.5975,101.0901,14,4,0.1792
2026-08-21T15:00:00,North-South Expressway (KL-Penang),North-South Expressway (KL-Penang) :: Kuala Lumpur->Ipoh,0,3.139,101.6869,4.5975,101.0901,15,4,0.2248
2026-08-21T16:00:00,North-South Expressway (KL-Penang),North-South Expressway (KL-Penang) :: Kuala Lumpur->Ipoh,0,3.139,101.6869,4.5975,101.0901,16,4,0.2286
2026-08-21T17:00:00,North-South Expressway (KL-Penang),North-South Expressway (KL-Penang) :: Kuala Lumpur->Ipoh,0,3.139,101.6869,4.5975,101.0901,17,4,0.3096
2026-08-21T18:00:00,North-South Expressway (KL-Penang),North-South Expressway (KL-Penang) :: Kuala Lumpur->Ipoh,0,3.139,101.6869,4.5975,101.0901,18,4,0.5633
2026-08-21T19:00:00,North-South Expressway (KL-Penang),North-South Expressway (KL-Penang) :: Kuala Lumpur->Ipoh,0,3.139,101.6869,4.5975,101.0901,19,4,0.4618
2026-08-21T20:00:00,North-South Expressway (KL-Penang),North-South Expressway (KL-Penang) :: Kuala Lumpur->Ipoh,0,3.139,101.6869,4.5975,101.0901,20,4,0.2888
2026-08-21T21:00:00,North-South Expressway (KL-Penang),North-South Expressway (KL-Penang) :: Kuala Lumpur->Ipoh,0,3.139,101.6869,4.5975,101.0901,21,4,0.2207
2026-08-21T22:00:00,North-South Expressway (KL-Penang),North-South Expressway (KL-Penang) :: Kuala Lumpur->Ipoh,0,3.139,101.6869,4.5975,101.0901,22,4,0.1527
2026-08-21T23:00:00,North-South Expressway (KL-Penang),North-South Expressway (KL-Penang) :: Kuala Lumpur->Ipoh,0,3.139,101.6869,4.5975,101.0901,23,4,0.2104
2026-08-22T00:00:00,North-South Expressway (KL-Penang),North-South Expressway (KL-Penang) :: Kuala Lumpur->Ipoh,0,3.139,101.6869,4.5975,101.0901,0,5,0.1452
2026-08-22T01:00:00,North-South Expressway (KL-Penang),North-South Expressway (KL-Penang) :: Kuala Lumpur->Ipoh,0,3.139,101.6869,4.5975,101.0901,1,5,0.0952
2026-08-22T02:00:00,North-South Expressway (KL-Penang),North-South Expressway (KL-Penang) :: Kuala Lumpur->Ipoh,0,3.139,101.6869,4.5975,101.0901,2,5,0.1995
2026-08-22T03:00:00,North-South Expressway (KL-Penang),North-South Expressway (KL-Penang) :: Kuala Lumpur->Ipoh,0,3.139,101.6869,4.5975,101.0901,3,5,0.1277
2026-08-22T04:00:00,North-South Expressway (KL-Penang),North-South Expressway (KL-Penang) :: Kuala Lumpur->Ipoh,0,3.139,101.6869,4.5975,101.0901,4,5,0.1782
2026-08-22T05:00:00,North-South Expressway (KL-Penang),North-South Expressway (KL-Penang) :: Kuala Lumpur->Ipoh,0,3.139,101.6869,4.5975,101.0901,5,5,0.1493
2026-08-22T06:00:00,North-South Expressway (KL-Penang),North-South Expressway (KL-Penang) :: Kuala Lumpur->Ipoh,0,3.139,101.6869,4.5975,101.0901,6,5,0.2334
2026-08-22T07:00:00,North-South Expressway (KL-Penang),North-South Expressway (KL-Penang) :: Kuala Lumpur->Ipoh,0,3.139,101.6869,4.5975,101.0901,7,5,0.4254
2026-08-22T08:00:00,North-South Expressway (KL-Penang),North-South Expressway (KL-Penang) :: Kuala Lumpur->Ipoh,0,3.139,101.6869,4.5975,101.0901,8,5,0.5008
2026-08-22T09:00:00,North-South Expressway (KL-Penang),North-South Expressway (KL-Penang) :: Kuala Lumpur->Ipoh,0,3.139,101.6869,4.5975,101.0901,9,5,0.4492
2026-08-22T10:00:00,North-South Expressway (KL-Penang),North-South Expressway (KL-Penang) :: Kuala Lumpur->Ipoh,0,3.139,101.6869,4.5975,101.0901,10,5,0.2563
2026-08-22T11:00:00,North-South Expressway (KL-Penang),North-South Expressway (KL-Penang) :: Kuala Lumpur->Ipoh,0,3.139,101.6869,4.5975,101.0901,11,5,0.0678
2026-08-22T12:00:00,North-South Expressway (KL-Penang),North-South Expressway (KL-Penang) :: Kuala Lumpur->Ipoh,0,3.139,101.6869,4.5975,101.0901,12,5,0.1209
2026-08-22T13:00:00,North-South Expressway (KL-Penang),North-South Expressway (KL-Penang) :: Kuala Lumpur->Ipoh,0,3.139,101.6869,4.5975,101.0901,13,5,0.191
2026-08-22T14:00:00,North-South Expressway (KL-Penang),North-South Expressway (KL-Penang) :: Kuala Lumpur->Ipoh,0,3.139,101.6869,4.5975,101.0901,14,5,0.1385
2026-08-22T15:00:00,North-South Expressway (KL-Penang),North-South Expressway (KL-Penang) :: Kuala Lumpur->Ipoh,0,3.139,101.6869,4.5975,101.0901,15,5,0.1913
2026-08-22T16:00:00,North-South Expressway (KL-Penang),North-South Expressway (KL-Penang) :: Kuala Lumpur->Ipoh,0,3.139,101.6869,4.5975,101.0901,16,5,0.3789
2026-08-22T17:00:00,North-South Expressway (KL-Penang),North-South Expressway (KL-Penang) :: Kuala Lumpur->Ipoh,0,3.139,101.6869,4.5975,101.0901,17,5,0.4248
2026-08-22T18:00:00,North-South Expressway (KL-Penang),North-South Expressway (KL-Penang) :: Kuala Lumpur->Ipoh,0,3.139,101.6869,4.5975,101.0901,18,5,0.4474
2026-08-22T19:00:00,North-South Expressway (KL-Penang),North-South Expressway (KL-Penang) :: Kuala Lumpur->Ipoh,0,3.139,101.6869,4.5975,101.0901,19,5,0.4579
2026-08-22T20:00:00,North-South Expressway (KL-Penang),North-South Expressway (KL-Penang) :: Kuala Lumpur->Ipoh,0,3.139,101.6869,4.5975,101.0901,20,5,0.2907
2026-08-22T21:00:00,North-South Expressway (KL-Penang),North-South Expressway (KL-Penang) :: Kuala Lumpur->Ipoh,0,3.139,101.6869,4.5975,101.0901,21,5,0.1481
2026-08-22T22:00:00,North-South Expressway (KL-Penang),North-South Expressway (KL-Penang) :: Kuala Lumpur->Ipoh,0,3.139,101.6869,4.5975,101.0901,22,5,0.1458
2026-08-22T23:00:00,North-South Expressway (KL-Penang),North-South Expressway (KL-Penang) :: Kuala Lumpur->Ipoh,0,3.139,101.6869,4.5975,101.0901,23,5,0.1722
2026-08-23T00:00:00,North-South Expressway (KL-Penang),North-South Expressway (KL-Penang) :: Kuala Lumpur->Ipoh,0,3.139,101.6869,4.5975,101.0901,0,6,0.1394
2026-08-23T01:00:00,North-South Expressway (KL-Penang),North-South Expressway (KL-Penang) :: Kuala Lumpur->Ipoh,0,3.139,101.6869,4.5975,101.0901,1,6,0.1584
2026-08-23T02:00:00,North-South Expressway (KL-Penang),North-South Expressway (KL-Penang) :: Kuala Lumpur->Ipoh,0,3.139,101.6869,4.5975,101.0901,2,6,0.2488
2026-08-23T03:00:00,North-South Expressway (KL-Penang),North-South Expressway (KL-Penang) :: Kuala Lumpur->Ipoh,0,3.139,101.6869,4.5975,101.0901,3,6,0.1201
2026-08-23T04:00:00,North-South Expressway (KL-Penang),North-South Expressway (KL-Penang) :: Kuala Lumpur->Ipoh,0,3.139,101.6869,4.5975,101.0901,4,6,0.1633
2026-08-23T05:00:00,North-South Expressway (KL-Penang),North-South Expressway (KL-Penang) :: Kuala Lumpur->Ipoh,0,3.139,101.6869,4.5975,101.0901,5,6,0.1474
2026-08-23T06:00:00,North-South Expressway (KL-Penang),North-South Expressway (KL-Penang) :: Kuala Lumpur->Ipoh,0,3.139,101.6869,4.5975,101.0901,6,6,0.2217
2026-08-23T07:00:00,North-South Expressway (KL-Penang),North-South Expressway (KL-Penang) :: Kuala Lumpur->Ipoh,0,3.139,101.6869,4.5975,101.0901,7,6,0.3853
2026-08-23T08:00:00,North-South Expressway (KL-Penang),North-South Expressway (KL-Penang) :: Kuala Lumpur->Ipoh,0,3.139,101.6869,4.5975,101.0901,8,6,0.4713
2026-08-23T09:00:00,North-South Expressway (KL-Penang),North-South Expressway (KL-Penang) :: Kuala Lumpur->Ipoh,0,3.139,101.6869,4.5975,101.0901,9,6,0.4419
2026-08-23T10:00:00,North-South Expressway (KL-Penang),North-South Expressway (KL-Penang) :: Kuala Lumpur->Ipoh,0,3.139,101.6869,4.5975,101.0901,10,6,0.4134
2026-08-23T11:00:00,North-South Expressway (KL-Penang),North-South Expressway (KL-Penang) :: Kuala Lumpur->Ipoh,0,3.139,101.6869,4.5975,101.0901,11,6,0.135
2026-08-23T12:00:00,North-South Expressway (KL-Penang),North-South Expressway (KL-Penang) :: Kuala Lumpur->Ipoh,0,3.139,101.6869,4.5975,101.0901,12,6,0.1219
2026-08-23T13:00:00,North-South Expressway (KL-Penang),North-South Expressway (KL-Penang) :: Kuala Lumpur->Ipoh,0,3.139,101.6869,4.5975,101.0901,13,6,0.1396
2026-08-23T14:00:00,North-South Expressway (KL-Penang),North-South Expressway (KL-Penang) :: Kuala Lumpur->Ipoh,0,3.139,101.6869,4.5975,101.0901,14,6,0.1801
2026-08-23T15:00:00,North-South Expressway (KL-Penang),North-South Expressway (KL-Penang) :: Kuala Lumpur->Ipoh,0,3.139,101.6869,4.5975,101.0901,15,6,0.2219
2026-08-23T16:00:00,North-South Expressway (KL-Penang),North-South Expressway (KL-Penang) :: Kuala Lumpur->Ipoh,0,3.139,101.6869,4.5975,101.0901,16,6,0.3968
2026-08-23T17:00:00,North-South Expressway (KL-Penang),North-South Expressway (KL-Penang) :: Kuala Lumpur->Ipoh,0,3.139,101.6869,4.5975,101.0901,17,6,0.3219
2026-08-23T18:00:00,North-South Expressway (KL-Penang),North-South Expressway (KL-Penang) :: Kuala Lumpur->Ipoh,0,3.139,101.6869,4.5975,101.0901,18,6,0.3968
2026-08-23T19:00:00,North-South Expressway (KL-Penang),North-South Expressway (KL-Penang) :: Kuala Lumpur->Ipoh,0,3.139,101.6869,4.5975,101.0901,19,6,0.4377
2026-08-23T20:00:00,North-South Expressway (KL-Penang),North-South Expressway (KL-Penang) :: Kuala Lumpur->Ipoh,0,3.139,101.6869,4.5975,101.0901,20,6,0.3856
2026-08-23T21:00:00,North-South Expressway (KL-Penang),North-South Expressway (KL-Penang) :: Kuala Lumpur->Ipoh,0,3.139,101.6869,4.5975,101.0901,21,6,0.1122
2026-08-23T22:00:00,North-South Expressway (KL-Penang),North-South Expressway (KL-Penang) :: Kuala Lumpur->Ipoh,0,3.139,101.6869,4.5975,101.0901,22,6,0.0
2026-08-23T23:00:00,North-South Expressway (KL-Penang),North-South Expressway (KL-Penang) :: Kuala Lumpur->Ipoh,0,3.139,101.6869,4.5975,101.0901,23,6,0.177
2026-08-24T00:00:00,North-South Expressway (KL-Penang),North-South Expressway (KL-Penang) :: Kuala Lumpur->Ipoh,0,3.139,101.6869,4.5975,101.0901,0,0,0.1546
2026-08-24T01:00:00,North-South Expressway (KL-Penang),North-South Expressway (KL-Penang) :: Kuala Lumpur->Ipoh,0,3.139,101.6869,4.5975,101.0901,1,0,0.0746
2026-08-24T02:00:00,North-South Expressway (KL-Penang),North-South Expressway (KL-Penang) :: Kuala Lumpur->Ipoh,0,3.139,101.6869,4.5975,101.0901,2,0,0.0809
2026-08-24T03:00:00,North-South Expressway (KL-Penang),North-South Expressway (KL-Penang) :: Kuala Lumpur->Ipoh,0,3.139,101.6869,4.5975,101.0901,3,0,0.0825
2026-08-24T04:00:00,North-South Expressway (KL-Penang),North-South Expressway (KL-Penang) :: Kuala Lumpur->Ipoh,0,3.139,101.6869,4.5975,101.0901,4,0,0.1532
2026-08-24T05:00:00,North-South Expressway (KL-Penang),North-South Expressway (KL-Penang) :: Kuala Lumpur->Ipoh,0,3.139,101.6869,4.5975,101.0901,5,0,0.1404
2026-08-24T06:00:00,North-South Expressway (KL-Penang),North-South Expressway (KL-Penang) :: Kuala Lumpur->Ipoh,0,3.139,101.6869,4.5975,101.0901,6,0,0.3021
2026-08-24T07:00:00,North-South Expressway (KL-Penang),North-South Expressway (KL-Penang) :: Kuala Lumpur->Ipoh,0,3.139,101.6869,4.5975,101.0901,7,0,0.2491
2026-08-24T08:00:00,North-South Expressway (KL-Penang),North-South Expressway (KL-Penang) :: Kuala Lumpur->Ipoh,0,3.139,101.6869,4.5975,101.0901,8,0,0.4486
2026-08-24T09:00:00,North-South Expressway (KL-Penang),North-South Expressway (KL-Penang) :: Kuala Lumpur->Ipoh,0,3.139,101.6869,4.5975,101.0901,9,0,0.3528
2026-08-24T10:00:00,North-South Expressway (KL-Penang),North-South Expressway (KL-Penang) :: Kuala Lumpur->Ipoh,0,3.139,101.6869,4.5975,101.0901,10,0,0.2571
2026-08-24T11:00:00,North-South Expressway (KL-Penang),North-South Expressway (KL-Penang) :: Kuala Lumpur->Ipoh,0,3.139,101.6869,4.5975,101.0901,11,0,0.1457
2026-08-24T12:00:00,North-South Expressway (KL-Penang),North-South Expressway (KL-Penang) :: Kuala Lumpur->Ipoh,0,3.139,101.6869,4.5975,101.0901,12,0,0.1948
2026-08-24T13:00:00,North-South Expressway (KL-Penang),North-South Expressway (KL-Penang) :: Kuala Lumpur->Ipoh,0,3.139,101.6869,4.5975,101.0901,13,0,0.0318
2026-08-24T14:00:00,North-South Expressway (KL-Penang),North-South Expressway (KL-Penang) :: Kuala Lumpur->Ipoh,0,3.139,101.6869,4.5975,101.0901,14,0,0.1591
2026-08-24T15:00:00,North-South Expressway (KL-Penang),North-South Expressway (KL-Penang) :: Kuala Lumpur->Ipoh,0,3.139,101.6869,4.5975,101.0901,15,0,0.2396
2026-08-24T16:00:00,North-South Expressway (KL-Penang),North-South Expressway (KL-Penang) :: Kuala Lumpur->Ipoh,0,3.139,101.6869,4.5975,101.0901,16,0,0.4311
2026-08-24T17:00:00,North-South Expressway (KL-Penang),North-South Expressway (KL-Penang) :: Kuala Lumpur->Ipoh,0,3.139,101.6869,4.5975,101.0901,17,0,0.4386
2026-08-24T18:00:00,North-South Expressway (KL-Penang),North-South Expressway (KL-Penang) :: Kuala Lumpur->Ipoh,0,3.139,101.6869,4.5975,101.0901,18,0,0.5595
2026-08-24T19:00:00,North-South Expressway (KL-Penang),North-South Expressway (KL-Penang) :: Kuala Lumpur->Ipoh,0,3.139,101.6869,4.5975,101.0901,19,0,0.3593
2026-08-24T20:00:00,North-South Expressway (KL-Penang),North-South Expressway (KL-Penang) :: Kuala Lumpur->Ipoh,0,3.139,101.6869,4.5975,101.0901,20,0,0.1762
2026-08-24T21:00:00,North-South Expressway (KL-Penang),North-South Expressway (KL-Penang) :: Kuala Lumpur->Ipoh,0,3.139,101.6869,4.5975,101.0901,21,0,0.2568
2026-08-24T22:00:00,North-South Expressway (KL-Penang),North-South Expressway (KL-Penang) :: Kuala Lumpur->Ipoh,0,3.139,101.6869,4.5975,101.0901,22,0,0.156
2026-08-24T23:00:00,North-South Expressway (KL-Penang),North-South Expressway (KL-Penang) :: Kuala Lumpur->Ipoh,0,3.139,101.6869,4.5975,101.0901,23,0,0.2134
2026-08-25T00:00:00,North-South Expressway (KL-Penang),North-South Expressway (KL-Penang) :: Kuala Lumpur->Ipoh,0,3.139,101.6869,4.5975,101.0901,0,1,0.0576
2026-08-25T01:00:00,North-South Expressway (KL-Penang),North-South Expressway (KL-Penang) :: Kuala Lumpur->Ipoh,0,3.139,101.6869,4.5975,101.0901,1,1,0.1712
2026-08-25T02:00:00,North-South Expressway (KL-Penang),North-South Expressway (KL-Penang) :: Kuala Lumpur->Ipoh,0,3.139,101.6869,4.5975,101.0901,2,1,0.2522
2026-08-25T03:00:00,North-South Expressway (KL-Penang),North-South Expressway (KL-Penang) :: Kuala Lumpur->Ipoh,0,3.139,101.6869,4.5975,101.0901,3,1,0.1659
2026-08-25T04:00:00,North-South Expressway (KL-Penang),North-South Expressway (KL-Penang) :: Kuala Lumpur->Ipoh,0,3.139,101.6869,4.5975,101.0901,4,1,0.1632
2026-08-25T05:00:00,North-South Expressway (KL-Penang),North-South Expressway (KL-Penang) :: Kuala Lumpur->Ipoh,0,3.139,101.6869,4.5975,101.0901,5,1,0.1785
2026-08-25T06:00:00,North-South Expressway (KL-Penang),North-South Expressway (KL-Penang) :: Kuala Lumpur->Ipoh,0,3.139,101.6869,4.5975,101.0901,6,1,0.1782
2026-08-25T07:00:00,North-South Expressway (KL-Penang),North-South Expressway (KL-Penang) :: Kuala Lumpur->Ipoh,0,3.139,101.6869,4.5975,101.0901,7,1,0.5017
2026-08-25T08:00:00,North-South Expressway (KL-Penang),North-South Expressway (KL-Penang) :: Kuala Lumpur->Ipoh,0,3.139,101.6869,4.5975,101.0901,8,1,0.4633
2026-08-25T09:00:00,North-South Expressway (KL-Penang),North-South Expressway (KL-Penang) :: Kuala Lumpur->Ipoh,0,3.139,101.6869,4.5975,101.0901,9,1,0.4506
2026-08-25T10:00:00,North-South Expressway (KL-Penang),North-South Expressway (KL-Penang) :: Kuala Lumpur->Ipoh,0,3.139,101.6869,4.5975,101.0901,10,1,0.1787
2026-08-25T11:00:00,North-South Expressway (KL-Penang),North-South Expressway (KL-Penang) :: Kuala Lumpur->Ipoh,0,3.139,101.6869,4.5975,101.0901,11,1,0.1072
2026-08-25T12:00:00,North-South Expressway (KL-Penang),North-South Expressway (KL-Penang) :: Kuala Lumpur->Ipoh,0,3.139,101.6869,4.5975,101.0901,12,1,0.233
2026-08-25T13:00:00,North-South Expressway (KL-Penang),North-South Expressway (KL-Penang) :: Kuala Lumpur->Ipoh,0,3.139,101.6869,4.5975,101.0901,13,1,0.1226
2026-08-25T14:00:00,North-South Expressway (KL-Penang),North-South Expressway (KL-Penang) :: Kuala Lumpur->Ipoh,0,3.139,101.6869,4.5975,101.0901,14,1,0.2435
2026-08-25T15:00:00,North-South Expressway (KL-Penang),North-South Expressway (KL-Penang) :: Kuala Lumpur->Ipoh,0,3.139,101.6869,4.5975,101.0901,15,1,0.2014
2026-08-25T16:00:00,North-South Expressway (KL-Penang),North-South Expressway (KL-Penang) :: Kuala Lumpur->Ipoh,0,3.139,101.6869,4.5975,101.0901,16,1,0.2092
2026-08-25T17:00:00,North-South Expressway (KL-Penang),North-South Expressway (KL-Penang) :: Kuala Lumpur->Ipoh,0,3.139,101.6869,4.5975,101.0901,17,1,0.521
2026-08-25T18:00:00,North-South Expressway (KL-Penang),North-South Expressway (KL-Penang) :: Kuala Lumpur->Ipoh,0,3.139,101.6869,4.5975,101.0901,18,1,0.5046
2026-08-25T19:00:00,North-South Expressway (KL-Penang),North-South Expressway (KL-Penang) :: Kuala Lumpur->Ipoh,0,3.139,101.6869,4.5975,101.0901,19,1,0.5094
2026-08-25T20:00:00,North-South Expressway (KL-Penang),North-South Expressway (KL-Penang) :: Kuala Lumpur->Ipoh,0,3.139,101.6869,4.5975,101.0901,20,1,0.3212
2026-08-25T21:00:00,North-South Expressway (KL-Penang),North-South Expressway (KL-Penang) :: Kuala Lumpur->Ipoh,0,3.139,101.6869,4.5975,101.0901,21,1,0.1135
2026-08-25T22:00:00,North-South Expressway (KL-Penang),North-South Expressway (KL-Penang) :: Kuala Lumpur->Ipoh,0,3.139,101.6869,4.5975,101.0901,22,1,0.1662
2026-08-25T23:00:00,North-South Expressway (KL-Penang),North-South Expressway (KL-Penang) :: Kuala Lumpur->Ipoh,0,3.139,101.6869,4.5975,101.0901,23,1,0.2745
2026-08-26T00:00:00,North-South Expressway (KL-Penang),North-South Expressway (KL-Penang) :: Kuala Lumpur->Ipoh,0,3.139,101.6869,4.5975,101.0901,0,2,0.1696
2026-08-26T01:00:00,North-South Expressway (KL-Penang),North-South Expressway (KL-Penang) :: Kuala Lumpur->Ipoh,0,3.139,101.6869,4.5975,101.0901,1,2,0.1366
2026-08-26T02:00:00,North-South Expressway (KL-Penang),North-South Expressway (KL-Penang) :: Kuala Lumpur->Ipoh,0,3.139,101.6869,4.5975,101.0901,2,2,0.2046
2026-08-26T03:00:00,North-South Expressway (KL-Penang),North-South Expressway (KL-Penang) :: Kuala Lumpur->Ipoh,0,3.139,101.6869,4.5975,101.0901,3,2,0.1533
2026-08-26T04:00:00,North-South Expressway (KL-Penang),North-South Expressway (KL-Penang) :: Kuala Lumpur->Ipoh,0,3.139,101.6869,4.5975,101.0901,4,2,0.1592
2026-08-26T05:00:00,North-South Expressway (KL-Penang),North-South Expressway (KL-Penang) :: Kuala Lumpur->Ipoh,0,3.139,101.6869,4.5975,101.0901,5,2,0.1124
2026-08-26T06:00:00,North-South Expressway (KL-Penang),North-South Expressway (KL-Penang) :: Kuala Lumpur->Ipoh,0,3.139,101.6869,4.5975,101.0901,6,2,0.2865
2026-08-26T07:00:00,North-South Expressway (KL-Penang),North-South Expressway (KL-Penang) :: Kuala Lumpur->Ipoh,0,3.139,101.6869,4.5975,101.0901,7,2,0.4825
2026-08-26T08:00:00,North-South Expressway (KL-Penang),North-South Expressway (KL-Penang) :: Kuala Lumpur->Ipoh,0,3.139,101.6869,4.5975,101.0901,8,2,0.4498
2026-08-26T09:00:00,North-South Expressway (KL-Penang),North-South Expressway (KL-Penang) :: Kuala Lumpur->Ipoh,0,3.139,101.6869,4.5975,101.0901,9,2,0.5058
2026-08-26T10:00:00,North-South Expressway (KL-Penang),North-South Expressway (KL-Penang) :: Kuala Lumpur->Ipoh,0,3.139,101.6869,4.5975,101.0901,10,2,0.2669
2026-08-26T11:00:00,North-South Expressway (KL-Penang),North-South Expressway (KL-Penang) :: Kuala Lumpur->Ipoh,0,3.139,101.6869,4.5975,101.0901,11,2,0.1247
2026-08-26T12:00:00,North-South Expressway (KL-Penang),North-South Expressway (KL-Penang) :: Kuala Lumpur->Ipoh,0,3.139,101.6869,4.5975,101.0901,12,2,0.2068
2026-08-26T13:00:00,North-South Expressway (KL-Penang),North-South Expressway (KL-Penang) :: Kuala Lumpur->Ipoh,0,3.139,101.6869,4.5975,101.0901,13,2,0.1262
2026-08-26T14:00:00,North-South Expressway (KL-Penang),North-South Expressway (KL-Penang) :: Kuala Lumpur->Ipoh,0,3.139,101.6869,4.5975,101.0901,14,2,0.2019
2026-08-26T15:00:00,North-South Expressway (KL-Penang),North-South Expressway (KL-Penang) :: Kuala Lumpur->Ipoh,0,3.139,101.6869,4.5975,101.0901,15,2,0.1886
2026-08-26T16:00:00,North-South Expressway (KL-Penang),North-South Expressway (KL-Penang) :: Kuala Lumpur->Ipoh,0,3.139,101.6869,4.5975,101.0901,16,2,0.3161
2026-08-26T17:00:00,North-South Expressway (KL-Penang),North-South Expressway (KL-Penang) :: Kuala Lumpur->Ipoh,0,3.139,101.6869,4.5975,101.0901,17,2,0.4971
2026-08-26T18:00:00,North-South Expressway (KL-Penang),North-South Expressway (KL-Penang) :: Kuala Lumpur->Ipoh,0,3.139,101.6869,4.5975,101.0901,18,2,0.5575
2026-08-26T19:00:00,North-South Expressway (KL-Penang),North-South Expressway (KL-Penang) :: Kuala Lumpur->Ipoh,0,3.139,101.6869,4.5975,101.0901,19,2,0.3478
2026-08-26T20:00:00,North-South Expressway (KL-Penang),North-South Expressway (KL-Penang) :: Kuala Lumpur->Ipoh,0,3.139,101.6869,4.5975,101.0901,20,2,0.2525
2026-08-26T21:00:00,North-South Expressway (KL-Penang),North-South Expressway (KL-Penang) :: Kuala Lumpur->Ipoh,0,3.139,101.6869,4.5975,101.0901,21,2,0.2619
2026-08-26T22:00:00,North-South Expressway (KL-Penang),North-South Expressway (KL-Penang) :: Kuala Lumpur->Ipoh,0,3.139,101.6869,4.5975,101.0901,22,2,0.1484
2026-08-26T23:00:00,North-South Expressway (KL-Penang),North-South Expressway (KL-Penang) :: Kuala Lumpur->Ipoh,0,3.139,101.6869,4.5975,101.0901,23,2,0.1113
2026-08-27T00:00:00,North-South Expressway (KL-Penang),North-South Expressway (KL-Penang) :: Kuala Lumpur->Ipoh,0,3.139,101.6869,4.5975,101.0901,0,3,0.0585
2026-08-27T01:00:00,North-South Expressway (KL-Penang),North-South Expressway (KL-Penang) :: Kuala Lumpur->Ipoh,0,3.139,101.6869,4.5975,101.0901,1,3,0.0752
2026-08-27T02:00:00,North-South Expressway (KL-Penang),North-South Expressway (KL-Penang) :: Kuala Lumpur->Ipoh,0,3.139,101.6869,4.5975,101.0901,2,3,0.0187
2026-08-27T03:00:00,North-South Expressway (KL-Penang),North-South Expressway (KL-Penang) :: Kuala Lumpur->Ipoh,0,3.139,101.6869,4.5975,101.0901,3,3,0.1346
2026-08-27T04:00:00,North-South Expressway (KL-Penang),North-South Expressway (KL-Penang) :: Kuala Lumpur->Ipoh,0,3.139,101.6869,4.5975,101.0901,4,3,0.1107
2026-08-27T05:00:00,North-South Expressway (KL-Penang),North-South Expressway (KL-Penang) :: Kuala Lumpur->Ipoh,0,3.139,101.6869,4.5975,101.0901,5,3,0.1199
2026-08-27T06:00:00,North-South Expressway (KL-Penang),North-South Expressway (KL-Penang) :: Kuala Lumpur->Ipoh,0,3.139,101.6869,4.5975,101.0901,6,3,0.2683
2026-08-27T07:00:00,North-South Expressway (KL-Penang),North-South Expressway (KL-Penang) :: Kuala Lumpur->Ipoh,0,3.139,101.6869,4.5975,101.0901,7,3,0.4422
2026-08-27T08:00:00,North-South Expressway (KL-Penang),North-South Expressway (KL-Penang) :: Kuala Lumpur->Ipoh,0,3.139,101.6869,4.5975,101.0901,8,3,0.6256
2026-08-27T09:00:00,North-South Expressway (KL-Penang),North-South Expressway (KL-Penang) :: Kuala Lumpur->Ipoh,0,3.139,101.6869,4.5975,101.0901,9,3,0.3297
2026-08-27T10:00:00,North-South Expressway (KL-Penang),North-South Expressway (KL-Penang) :: Kuala Lumpur->Ipoh,0,3.139,101.6869,4.5975,101.0901,10,3,0.342
2026-08-27T11:00:00,North-South Expressway (KL-Penang),North-South Expressway (KL-Penang) :: Kuala Lumpur->Ipoh,0,3.139,101.6869,4.5975,101.0901,11,3,0.2364
2026-08-27T12:00:00,North-South Expressway (KL-Penang),North-South Expressway (KL-Penang) :: Kuala Lumpur->Ipoh,0,3.139,101.6869,4.5975,101.0901,12,3,0.1001
2026-08-27T13:00:00,North-South Expressway (KL-Penang),North-South Expressway (KL-Penang) :: Kuala Lumpur->Ipoh,0,3.139,101.6869,4.5975,101.0901,13,3,0.1556
2026-08-27T14:00:00,North-South Expressway (KL-Penang),North-South Expressway (KL-Penang) :: Kuala Lumpur->Ipoh,0,3.139,101.6869,4.5975,101.0901,14,3,0.1289
2026-08-27T15:00:00,North-South Expressway (KL-Penang),North-South Expressway (KL-Penang) :: Kuala Lumpur->Ipoh,0,3.139,101.6869,4.5975,101.0901,15,3,0.2173
2026-08-27T16:00:00,North-South Expressway (KL-Penang),North-South Expressway (KL-Penang) :: Kuala Lumpur->Ipoh,0,3.139,101.6869,4.5975,101.0901,16,3,0.4103
2026-08-27T17:00:00,North-South Expressway (KL-Penang),North-South Expressway (KL-Penang) :: Kuala Lumpur->Ipoh,0,3.139,101.6869,4.5975,101.0901,17,3,0.5038
2026-08-27T18:00:00,North-South Expressway (KL-Penang),North-South Expressway (KL-Penang) :: Kuala Lumpur->Ipoh,0,3.139,101.6869,4.5975,101.0901,18,3,0.5705
2026-08-27T19:00:00,North-South Expressway (KL-Penang),North-South Expressway (KL-Penang) :: Kuala Lumpur->Ipoh,0,3.139,101.6869,4.5975,101.0901,19,3,0.4417
2026-08-27T20:00:00,North-South Expressway (KL-Penang),North-South Expressway (KL-Penang) :: Kuala Lumpur->Ipoh,0,3.139,101.6869,4.5975,101.0901,20,3,0.2307
2026-08-27T21:00:00,North-South Expressway (KL-Penang),North-South Expressway (KL-Penang) :: Kuala Lumpur->Ipoh,0,3.139,101.6869,4.5975,101.0901,21,3,0.1936
2026-08-27T22:00:00,North-South Expressway (KL-Penang),North-South Expressway (KL-Penang) :: Kuala Lumpur->Ipoh,0,3.139,101.6869,4.5975,101.0901,22,3,0.2287
2026-08-27T23:00:00,North-South Expressway (KL-Penang),North-South Expressway (KL-Penang) :: Kuala Lumpur->Ipoh,0,3.139,101.6869,4.5975,101.0901,23,3,0.0511
2026-08-28T00:00:00,North-South Expressway (KL-Penang),North-South Expressway (KL-Penang) :: Kuala Lumpur->Ipoh,0,3.139,101.6869,4.5975,101.0901,0,4,0.0767
2026-08-28T01:00:00,North-South Expressway (KL-Penang),North-South Expressway (KL-Penang) :: Kuala Lumpur->Ipoh,0,3.139,101.6869,4.5975,101.0901,1,4,0.1476
2026-08-28T02:00:00,North-South Expressway (KL-Penang),North-South Expressway (KL-Penang) :: Kuala Lumpur->Ipoh,0,3.139,101.6869,4.5975,101.0901,2,4,0.081
2026-08-28T03:00:00,North-South Expressway (KL-Penang),North-South Expressway (KL-Penang) :: Kuala Lumpur->Ipoh,0,3.139,101.6869,4.5975,101.0901,3,4,0.0931
2026-08-28T04:00:00,North-South Expressway (KL-Penang),North-South Expressway (KL-Penang) :: Kuala Lumpur->Ipoh,0,3.139,101.6869,4.5975,101.0901,4,4,0.1212
2026-08-28T05:00:00,North-South Expressway (KL-Penang),North-South Expressway (KL-Penang) :: Kuala Lumpur->Ipoh,0,3.139,101.6869,4.5975,101.0901,5,4,0.096
2026-08-28T06:00:00,North-South Expressway (KL-Penang),North-South Expressway (KL-Penang) :: Kuala Lumpur->Ipoh,0,3.139,101.6869,4.5975,101.0901,6,4,0.214
2026-08-28T07:00:00,North-South Expressway (KL-Penang),North-South Expressway (KL-Penang) :: Kuala Lumpur->Ipoh,0,3.139,101.6869,4.5975,101.0901,7,4,0.4626
2026-08-28T08:00:00,North-South Expressway (KL-Penang),North-South Expressway (KL-Penang) :: Kuala Lumpur->Ipoh,0,3.139,101.6869,4.5975,101.0901,8,4,0.4216
2026-08-28T09:00:00,North-South Expressway (KL-Penang),North-South Expressway (KL-Penang) :: Kuala Lumpur->Ipoh,0,3.139,101.6869,4.5975,101.0901,9,4,0.3245
2026-08-28T10:00:00,North-South Expressway (KL-Penang),North-South Expressway (KL-Penang) :: Kuala Lumpur->Ipoh,0,3.139,101.6869,4.5975,101.0901,10,4,0.2346
2026-08-28T11:00:00,North-South Expressway (KL-Penang),North-South Expressway (KL-Penang) :: Kuala Lumpur->Ipoh,0,3.139,101.6869,4.5975,101.0901,11,4,0.2219
2026-08-28T12:00:00,North-South Expressway (KL-Penang),North-South Expressway (KL-Penang) :: Kuala Lumpur->Ipoh,0,3.139,101.6869,4.5975,101.0901,12,4,0.1351
2026-08-28T13:00:00,North-South Expressway (KL-Penang),North-South Expressway (KL-Penang) :: Kuala Lumpur->Ipoh,0,3.139,101.6869,4.5975,101.0901,13,4,0.1155
2026-08-28T14:00:00,North-South Expressway (KL-Penang),North-South Expressway (KL-Penang) :: Kuala Lumpur->Ipoh,0,3.139,101.6869,4.5975,101.0901,14,4,0.159
2026-08-28T15:00:00,North-South Expressway (KL-Penang),North-South Expressway (KL-Penang) :: Kuala Lumpur->Ipoh,0,3.139,101.6869,4.5975,101.0901,15,4,0.1014
2026-08-28T16:00:00,North-South Expressway (KL-Penang),North-South Expressway (KL-Penang) :: Kuala Lumpur->Ipoh,0,3.139,101.6869,4.5975,101.0901,16,4,0.3494
2026-08-28T17:00:00,North-South Expressway (KL-Penang),North-South Expressway (KL-Penang) :: Kuala Lumpur->Ipoh,0,3.139,101.6869,4.5975,101.0901,17,4,0.4905
2026-08-28T18:00:00,North-South Expressway (KL-Penang),North-South Expressway (KL-Penang) :: Kuala Lumpur->Ipoh,0,3.139,101.6869,4.5975,101.0901,18,4,0.5154
2026-08-28T19:00:00,North-South Expressway (KL-Penang),North-South Expressway (KL-Penang) :: Kuala Lumpur->Ipoh,0,3.139,101.6869,4.5975,101.0901,19,4,0.5278
2026-08-28T20:00:00,North-South Expressway (KL-Penang),North-South Expressway (KL-Penang) :: Kuala Lumpur->Ipoh,0,3.139,101.6869,4.5975,101.0901,20,4,0.2521
2026-08-28T21:00:00,North-South Expressway (KL-Penang),North-South Expressway (KL-Penang) :: Kuala Lumpur->Ipoh,0,3.139,101.6869,4.5975,101.0901,21,4,0.2738
2026-08-28T22:00:00,North-South Expressway (KL-Penang),North-South Expressway (KL-Penang) :: Kuala Lumpur->Ipoh,0,3.139,101.6869,4.5975,101.0901,22,4,0.1656
2026-08-28T23:00:00,North-South Expressway (KL-Penang),North-South Expressway (KL-Penang) :: Kuala Lumpur->Ipoh,0,3.139,101.6869,4.5975,101.0901,23,4,0.1225
2026-07-30T00:00:00,North-South Expressway (KL-Penang),North-South Expressway (KL-Penang) :: Ipoh->Penang (Butterworth),1,4.5975,101.0901,5.3991,100.3639,0,3,0.1388
2026-07-30T01:00:00,North-South Expressway (KL-Penang),North-South Expressway (KL-Penang) :: Ipoh->Penang (Butterworth),1,4.5975,101.0901,5.3991,100.3639,1,3,0.1336
2026-07-30T02:00:00,North-South Expressway (KL-Penang),North-South Expressway (KL-Penang) :: Ipoh->Penang (Butterworth),1,4.5975,101.0901,5.3991,100.3639,2,3,0.2133
2026-07-30T03:00:00,North-South Expressway (KL-Penang),North-South Expressway (KL-Penang) :: Ipoh->Penang (Butterworth),1,4.5975,101.0901,5.3991,100.3639,3,3,0.0761
2026-07-30T04:00:00,North-South Expressway (KL-Penang),North-South Expressway (KL-Penang) :: Ipoh->Penang (Butterworth),1,4.5975,101.0901,5.3991,100.3639,4,3,0.1008
2026-07-30T05:00:00,North-South Expressway (KL-Penang),North-South Expressway (KL-Penang) :: Ipoh->Penang (Butterworth),1,4.5975,101.0901,5.3991,100.3639,5,3,0.2401
2026-07-30T06:00:00,North-South Expressway (KL-Penang),North-South Expressway (KL-Penang) :: Ipoh->Penang (Butterworth),1,4.5975,101.0901,5.3991,100.3639,6,3,0.2367
2026-07-30T07:00:00,North-South Expressway (KL-Penang),North-South Expressway (KL-Penang) :: Ipoh->Penang (Butterworth),1,4.5975,101.0901,5.3991,100.3639,7,3,0.4744
2026-07-30T08:00:00,North-South Expressway (KL-Penang),North-South Expressway (KL-Penang) :: Ipoh->Penang (Butterworth),1,4.5975,101.0901,5.3991,100.3639,8,3,0.602
2026-07-30T09:00:00,North-South Expressway (KL-Penang),North-South Expressway (KL-Penang) :: Ipoh->Penang (Butterworth),1,4.5975,101.0901,5.3991,100.3639,9,3,0.3963
2026-07-30T10:00:00,North-South Expressway (KL-Penang),North-South Expressway (KL-Penang) :: Ipoh->Penang (Butterworth),1,4.5975,101.0901,5.3991,100.3639,10,3,0.3133
2026-07-30T11:00:00,North-South Expressway (KL-Penang),North-South Expressway (KL-Penang) :: Ipoh->Penang (Butterworth),1,4.5975,101.0901,5.3991,100.3639,11,3,0.1087
2026-07-30T12:00:00,North-South Expressway (KL-Penang),North-South Expressway (KL-Penang) :: Ipoh->Penang (Butterworth),1,4.5975,101.0901,5.3991,100.3639,12,3,0.1922
2026-07-30T13:00:00,North-South Expressway (KL-Penang),North-South Expressway (KL-Penang) :: Ipoh->Penang (Butterworth),1,4.5975,101.0901,5.3991,100.3639,13,3,0.1554
2026-07-30T14:00:00,North-South Expressway (KL-Penang),North-South Expressway (KL-Penang) :: Ipoh->Penang (Butterworth),1,4.5975,101.0901,5.3991,100.3639,14,3,0.1847
2026-07-30T15:00:00,North-South Expressway (KL-Penang),North-South Expressway (KL-Penang) :: Ipoh->Penang (Butterworth),1,4.5975,101.0901,5.3991,100.3639,15,3,0.1674
2026-07-30T16:00:00,North-South Expressway (KL-Penang),North-South Expressway (KL-Penang) :: Ipoh->Penang (Butterworth),1,4.5975,101.0901,5.3991,100.3639,16,3,0.2201
2026-07-30T17:00:00,North-South Expressway (KL-Penang),North-South Expressway (KL-Penang) :: Ipoh->Penang (Butterworth),1,4.5975,101.0901,5.3991,100.3639,17,3,0.4977
2026-07-30T18:00:00,North-South Expressway (KL-Penang),North-South Expressway (KL-Penang) :: Ipoh->Penang (Butterworth),1,4.5975,101.0901,5.3991,100.3639,18,3,0.4162
2026-07-30T19:00:00,North-South Expressway (KL-Penang),North-South Expressway (KL-Penang) :: Ipoh->Penang (Butterworth),1,4.5975,101.0901,5.3991,100.3639,19,3,0.4485
2026-07-30T20:00:00,North-South Expressway (KL-Penang),North-South Expressway (KL-Penang) :: Ipoh->Penang (Butterworth),1,4.5975,101.0901,5.3991,100.3639,20,3,0.3762
2026-07-30T21:00:00,North-South Expressway (KL-Penang),North-South Expressway (KL-Penang) :: Ipoh->Penang (Butterworth),1,4.5975,101.0901,5.3991,100.3639,21,3,0.2176
2026-07-30T22:00:00,North-South Expressway (KL-Penang),North-South Expressway (KL-Penang) :: Ipoh->Penang (Butterworth),1,4.5975,101.0901,5.3991,100.3639,22,3,0.2732
2026-07-30T23:00:00,North-South Expressway (KL-Penang),North-South Expressway (KL-Penang) :: Ipoh->Penang (Butterworth),1,4.5975,101.0901,5.3991,100.3639,23,3,0.2042
2026-07-31T00:00:00,North-South Expressway (KL-Penang),North-South Expressway (KL-Penang) :: Ipoh->Penang (Butterworth),1,4.5975,101.0901,5.3991,100.3639,0,4,0.1008
2026-07-31T01:00:00,North-South Expressway (KL-Penang),North-South Expressway (KL-Penang) :: Ipoh->Penang (Butterworth),1,4.5975,101.0901,5.3991,100.3639,1,4,0.1416
2026-07-31T02:00:00,North-South Expressway (KL-Penang),North-South Expressway (KL-Penang) :: Ipoh->Penang (Butterworth),1,4.5975,101.0901,5.3991,100.3639,2,4,0.1372
2026-07-31T03:00:00,North-South Expressway (KL-Penang),North-South Expressway (KL-Penang) :: Ipoh->Penang (Butterworth),1,4.5975,101.0901,5.3991,100.3639,3,4,0.0458
2026-07-31T04:00:00,North-South Expressway (KL-Penang),North-South Expressway (KL-Penang) :: Ipoh->Penang (Butterworth),1,4.5975,101.0901,5.3991,100.3639,4,4,0.0902
2026-07-31T05:00:00,North-South Expressway (KL-Penang),North-South Expressway (KL-Penang) :: Ipoh->Penang (Butterworth),1,4.5975,101.0901,5.3991,100.3639,5,4,0.1443
2026-07-31T06:00:00,North-South Expressway (KL-Penang),North-South Expressway (KL-Penang) :: Ipoh->Penang (Butterworth),1,4.5975,101.0901,5.3991,100.3639,6,4,0.1503
2026-07-31T07:00:00,North-South Expressway (KL-Penang),North-South Expressway (KL-Penang) :: Ipoh->Penang (Butterworth),1,4.5975,101.0901,5.3991,100.3639,7,4,0.4232
2026-07-31T08:00:00,North-South Expressway (KL-Penang),North-South Expressway (KL-Penang) :: Ipoh->Penang (Butterworth),1,4.5975,101.0901,5.3991,100.3639,8,4,0.4851
2026-07-31T09:00:00,North-South Expressway (KL-Penang),North-South Expressway (KL-Penang) :: Ipoh->Penang (Butterworth),1,4.5975,101.0901,5.3991,100.3639,9,4,0.32
2026-07-31T10:00:00,North-South Expressway (KL-Penang),North-South Expressway (KL-Penang) :: Ipoh->Penang (Butterworth),1,4.5975,101.0901,5.3991,100.3639,10,4,0.2967
2026-07-31T11:00:00,North-South Expressway (KL-Penang),North-South Expressway (KL-Penang) :: Ipoh->Penang (Butterworth),1,4.5975,101.0901,5.3991,100.3639,11,4,0.2209
2026-07-31T12:00:00,North-South Expressway (KL-Penang),North-South Expressway (KL-Penang) :: Ipoh->Penang (Butterworth),1,4.5975,101.0901,5.3991,100.3639,12,4,0.1605
2026-07-31T13:00:00,North-South Expressway (KL-Penang),North-South Expressway (KL-Penang) :: Ipoh->Penang (Butterworth),1,4.5975,101.0901,5.3991,100.3639,13,4,0.1239
2026-07-31T14:00:00,North-South Expressway (KL-Penang),North-South Expressway (KL-Penang) :: Ipoh->Penang (Butterworth),1,4.5975,101.0901,5.3991,100.3639,14,4,0.1918
2026-07-31T15:00:00,North-South Expressway (KL-Penang),North-South Expressway (KL-Penang) :: Ipoh->Penang (Butterworth),1,4.5975,101.0901,5.3991,100.3639,15,4,0.2469
2026-07-31T16:00:00,North-South Expressway (KL-Penang),North-South Expressway (KL-Penang) :: Ipoh->Penang (Butterworth),1,4.5975,101.0901,5.3991,100.3639,16,4,0.3382
2026-07-31T17:00:00,North-South Expressway (KL-Penang),North-South Expressway (KL-Penang) :: Ipoh->Penang (Butterworth),1,4.5975,101.0901,5.3991,100.3639,17,4,0.418
2026-07-31T18:00:00,North-South Expressway (KL-Penang),North-South Expressway (KL-Penang) :: Ipoh->Penang (Butterworth),1,4.5975,101.0901,5.3991,100.3639,18,4,0.5566
2026-07-31T19:00:00,North-South Expressway (KL-Penang),North-South Expressway (KL-Penang) :: Ipoh->Penang (Butterworth),1,4.5975,101.0901,5.3991,100.3639,19,4,0.5392
2026-07-31T20:00:00,North-South Expressway (KL-Penang),North-South Expressway (KL-Penang) :: Ipoh->Penang (Butterworth),1,4.5975,101.0901,5.3991,100.3639,20,4,0.2839
2026-07-31T21:00:00,North-South Expressway (KL-Penang),North-South Expressway (KL-Penang) :: Ipoh->Penang (Butterworth),1,4.5975,101.0901,5.3991,100.3639,21,4,0.332
2026-07-31T22:00:00,North-South Expressway (KL-Penang),North-South Expressway (KL-Penang) :: Ipoh->Penang (Butterworth),1,4.5975,101.0901,5.3991,100.3639,22,4,0.1248
2026-07-31T23:00:00,North-South Expressway (KL-Penang),North-South Expressway (KL-Penang) :: Ipoh->Penang (Butterworth),1,4.5975,101.0901,5.3991,100.3639,23,4,0.1446
2026-08-01T00:00:00,North-South Expressway (KL-Penang),North-South Expressway (KL-Penang) :: Ipoh->Penang (Butterworth),1,4.5975,101.0901,5.3991,100.3639,0,5,0.0997
2026-08-01T01:00:00,North-South Expressway (KL-Penang),North-South Expressway (KL-Penang) :: Ipoh->Penang (Butterworth),1,4.5975,101.0901,5.3991,100.3639,1,5,0.1534
2026-08-01T02:00:00,North-South Expressway (KL-Penang),North-South Expressway (KL-Penang) :: Ipoh->Penang (Butterworth),1,4.5975,101.0901,5.3991,100.3639,2,5,0.0355
2026-08-01T03:00:00,North-South Expressway (KL-Penang),North-South Expressway (KL-Penang) :: Ipoh->Penang (Butterworth),1,4.5975,101.0901,5.3991,100.3639,3,5,0.1079
2026-08-01T04:00:00,North-South Expressway (KL-Penang),North-South Expressway (KL-Penang) :: Ipoh->Penang (Butterworth),1,4.5975,101.0901,5.3991,100.3639,4,5,0.0811
2026-08-01T05:00:00,North-South Expressway (KL-Penang),North-South Expressway (KL-Penang) :: Ipoh->Penang (Butterworth),1,4.5975,101.0901,5.3991,100.3639,5,5,0.1861
2026-08-01T06:00:00,North-South Expressway (KL-Penang),North-South Expressway (KL-Penang) :: Ipoh->Penang (Butterworth),1,4.5975,101.0901,5.3991,100.3639,6,5,0.3321
2026-08-01T07:00:00,North-South Expressway (KL-Penang),North-South Expressway (KL-Penang) :: Ipoh->Penang (Butterworth),1,4.5975,101.0901,5.3991,100.3639,7,5,0.4591
2026-08-01T08:00:00,North-South Expressway (KL-Penang),North-South Expressway (KL-Penang) :: Ipoh->Penang (Butterworth),1,4.5975,101.0901,5.3991,100.3639,8,5,0.3577
2026-08-01T09:00:00,North-South Expressway (KL-Penang),North-South Expressway (KL-Penang) :: Ipoh->Penang (Butterworth),1,4.5975,101.0901,5.3991,100.3639,9,5,0.5429
2026-08-01T10:00:00,North-South Expressway (KL-Penang),North-South Expressway (KL-Penang) :: Ipoh->Penang (Butterworth),1,4.5975,101.0901,5.3991,100.3639,10,5,0.2902
2026-08-01T11:00:00,North-South Expressway (KL-Penang),North-South Expressway (KL-Penang) :: Ipoh->Penang (Butterworth),1,4.5975,101.0901,5.3991,100.3639,11,5,0.1314
2026-08-01T12:00:00,North-South Expressway (KL-Penang),North-South Expressway (KL-Penang) :: Ipoh->Penang (Butterworth),1,4.5975,101.0901,5.3991,100.3639,12,5,0.1563
2026-08-01T13:00:00,North-South Expressway (KL-Penang),North-South Expressway (KL-Penang) :: Ipoh->Penang (Butterworth),1,4.5975,101.0901,5.3991,100.3639,13,5,0.154
2026-08-01T14:00:00,North-South Expressway (KL-Penang),North-South Expressway (KL-Penang) :: Ipoh->Penang (Butterworth),1,4.5975,101.0901,5.3991,100.3639,14,5,0.1163
2026-08-01T15:00:00,North-South Expressway (KL-Penang),North-South Expressway (KL-Penang) :: Ipoh->Penang (Butterworth),1,4.5975,101.0901,5.3991,100.3639,15,5,0.218
2026-08-01T16:00:00,North-South Expressway (KL-Penang),North-South Expressway (KL-Penang) :: Ipoh->Penang (Butterworth),1,4.5975,101.0901,5.3991,100.3639,16,5,0.2833
2026-08-01T17:00:00,North-South Expressway (KL-Penang),North-South Expressway (KL-Penang) :: Ipoh->Penang (Butterworth),1,4.5975,101.0901,5.3991,100.3639,17,5,0.4432
2026-08-01T18:00:00,North-South Expressway (KL-Penang),North-South Expressway (KL-Penang) :: Ipoh->Penang (Butterworth),1,4.5975,101.0901,5.3991,100.3639,18,5,0.4988
2026-08-01T19:00:00,North-South Expressway (KL-Penang),North-South Expressway (KL-Penang) :: Ipoh->Penang (Butterworth),1,4.5975,101.0901,5.3991,100.3639,19,5,0.3815
2026-08-01T20:00:00,North-South Expressway (KL-Penang),North-South Expressway (KL-Penang) :: Ipoh->Penang (Butterworth),1,4.5975,101.0901,5.3991,100.3639,20,5,0.3285
2026-08-01T21:00:00,North-South Expressway (KL-Penang),North-South Expressway (KL-Penang) :: Ipoh->Penang (Butterworth),1,4.5975,101.0901,5.3991,100.3639,21,5,0.2412
2026-08-01T22:00:00,North-South Expressway (KL-Penang),North-South Expressway (KL-Penang) :: Ipoh->Penang (Butterworth),1,4.5975,101.0901,5.3991,100.3639,22,5,0.1872
2026-08-01T23:00:00,North-South Expressway (KL-Penang),North-South Expressway (KL-Penang) :: Ipoh->Penang (Butterworth),1,4.5975,101.0901,5.3991,100.3639,23,5,0.1919
2026-08-02T00:00:00,North-South Expressway (KL-Penang),North-South Expressway (KL-Penang) :: Ipoh->Penang (Butterworth),1,4.5975,101.0901,5.3991,100.3639,0,6,0.1595
2026-08-02T01:00:00,North-South Expressway (KL-Penang),North-South Expressway (KL-Penang) :: Ipoh->Penang (Butterworth),1,4.5975,101.0901,5.3991,100.3639,1,6,0.108
2026-08-02T02:00:00,North-South Expressway (KL-Penang),North-South Expressway (KL-Penang) :: Ipoh->Penang (Butterworth),1,4.5975,101.0901,5.3991,100.3639,2,6,0.1904
2026-08-02T03:00:00,North-South Expressway (KL-Penang),North-South Expressway (KL-Penang) :: Ipoh->Penang (Butterworth),1,4.5975,101.0901,5.3991,100.3639,3,6,0.0592
2026-08-02T04:00:00,North-South Expressway (KL-Penang),North-South Expressway (KL-Penang) :: Ipoh->Penang (Butterworth),1,4.5975,101.0901,5.3991,100.3639,4,6,0.0926
2026-08-02T05:00:00,North-South Expressway (KL-Penang),North-South Expressway (KL-Penang) :: Ipoh->Penang (Butterworth),1,4.5975,101.0901,5.3991,100.3639,5,6,0.1201
2026-08-02T06:00:00,North-South Expressway (KL-Penang),North-South Expressway (KL-Penang) :: Ipoh->Penang (Butterworth),1,4.5975,101.0901,5.3991,100.3639,6,6,0.3372
2026-08-02T07:00:00,North-South Expressway (KL-Penang),North-South Expressway (KL-Penang) :: Ipoh->Penang (Butterworth),1,4.5975,101.0901,5.3991,100.3639,7,6,0.4769
2026-08-02T08:00:00,North-South Expressway (KL-Penang),North-South Expressway (KL-Penang) :: Ipoh->Penang (Butterworth),1,4.5975,101.0901,5.3991,100.3639,8,6,0.5292
2026-08-02T09:00:00,North-South Expressway (KL-Penang),North-South Expressway (KL-Penang) :: Ipoh->Penang (Butterworth),1,4.5975,101.0901,5.3991,100.3639,9,6,0.4847
2026-08-02T10:00:00,North-South Expressway (KL-Penang),North-South Expressway (KL-Penang) :: Ipoh->Penang (Butterworth),1,4.5975,101.0901,5.3991,100.3639,10,6,0.2197
2026-08-02T11:00:00,North-South Expressway (KL-Penang),North-South Expressway (KL-Penang) :: Ipoh->Penang (Butterworth),1,4.5975,101.0901,5.3991,100.3639,11,6,0.1989
2026-08-02T12:00:00,North-South Expressway (KL-Penang),North-South Expressway (KL-Penang) :: Ipoh->Penang (Butterworth),1,4.5975,101.0901,5.3991,100.3639,12,6,0.1394
2026-08-02T13:00:00,North-South Expressway (KL-Penang),North-South Expressway (KL-Penang) :: Ipoh->Penang (Butterworth),1,4.5975,101.0901,5.3991,100.3639,13,6,0.1942
2026-08-02T14:00:00,North-South Expressway (KL-Penang),North-South Expressway (KL-Penang) :: Ipoh->Penang (Butterworth),1,4.5975,101.0901,5.3991,100.3639,14,6,0.1494
2026-08-02T15:00:00,North-South Expressway (KL-Penang),North-South Expressway (KL-Penang) :: Ipoh->Penang (Butterworth),1,4.5975,101.0901,5.3991,100.3639,15,6,0.183
2026-08-02T16:00:00,North-South Expressway (KL-Penang),North-South Expressway (KL-Penang) :: Ipoh->Penang (Butterworth),1,4.5975,101.0901,5.3991,100.3639,16,6,0.3522
2026-08-02T17:00:00,North-South Expressway (KL-Penang),North-South Expressway (KL-Penang) :: Ipoh->Penang (Butterworth),1,4.5975,101.0901,5.3991,100.3639,17,6,0.5201
2026-08-02T18:00:00,North-South Expressway (KL-Penang),North-South Expressway (KL-Penang) :: Ipoh->Penang (Butterworth),1,4.5975,101.0901,5.3991,100.3639,18,6,0.4999
2026-08-02T19:00:00,North-South Expressway (KL-Penang),North-South Expressway (KL-Penang) :: Ipoh->Penang (Butterworth),1,4.5975,101.0901,5.3991,100.3639,19,6,0.4638
2026-08-02T20:00:00,North-South Expressway (KL-Penang),North-South Expressway (KL-Penang) :: Ipoh->Penang (Butterworth),1,4.5975,101.0901,5.3991,100.3639,20,6,0.2562
2026-08-02T21:00:00,North-South Expressway (KL-Penang),North-South Expressway (KL-Penang) :: Ipoh->Penang (Butterworth),1,4.5975,101.0901,5.3991,100.3639,21,6,0.0562
2026-08-02T22:00:00,North-South Expressway (KL-Penang),North-South Expressway (KL-Penang) :: Ipoh->Penang (Butterworth),1,4.5975,101.0901,5.3991,100.3639,22,6,0.1683
2026-08-02T23:00:00,North-South Expressway (KL-Penang),North-South Expressway (KL-Penang) :: Ipoh->Penang (Butterworth),1,4.5975,101.0901,5.3991,100.3639,23,6,0.1792
2026-08-03T00:00:00,North-South Expressway (KL-Penang),North-South Expressway (KL-Penang) :: Ipoh->Penang (Butterworth),1,4.5975,101.0901,5.3991,100.3639,0,0,0.1557
2026-08-03T01:00:00,North-South Expressway (KL-Penang),North-South Expressway (KL-Penang) :: Ipoh->Penang (Butterworth),1,4.5975,101.0901,5.3991,100.3639,1,0,0.023
2026-08-03T02:00:00,North-South Expressway (KL-Penang),North-South Expressway (KL-Penang) :: Ipoh->Penang (Butterworth),1,4.5975,101.0901,5.3991,100.3639,2,0,0.119
2026-08-03T03:00:00,North-South Expressway (KL-Penang),North-South Expressway (KL-Penang) :: Ipoh->Penang (Butterworth),1,4.5975,101.0901,5.3991,100.3639,3,0,0.0076
2026-08-03T04:00:00,North-South Expressway (KL-Penang),North-South Expressway (KL-Penang) :: Ipoh->Penang (Butterworth),1,4.5975,101.0901,5.3991,100.3639,4,0,0.2288
2026-08-03T05:00:00,North-South Expressway (KL-Penang),North-South Expressway (KL-Penang) :: Ipoh->Penang (Butterworth),1,4.5975,101.0901,5.3991,100.3639,5,0,0.1128
2026-08-03T06:00:00,North-South Expressway (KL-Penang),North-South Expressway (KL-Penang) :: Ipoh->Penang (Butterworth),1,4.5975,101.0901,5.3991,100.3639,6,0,0.3478
2026-08-03T07:00:00,North-South Expressway (KL-Penang),North-South Expressway (KL-Penang) :: Ipoh->Penang (Butterworth),1,4.5975,101.0901,5.3991,100.3639,7,0,0.4771
2026-08-03T08:00:00,North-South Expressway (KL-Penang),North-South Expressway (KL-Penang) :: Ipoh->Penang (Butterworth),1,4.5975,101.0901,5.3991,100.3639,8,0,0.446
2026-08-03T09:00:00,North-South Expressway (KL-Penang),North-South Expressway (KL-Penang) :: Ipoh->Penang (Butterworth),1,4.5975,101.0901,5.3991,100.3639,9,0,0.3524
2026-08-03T10:00:00,North-South Expressway (KL-Penang),North-South Expressway (KL-Penang) :: Ipoh->Penang (Butterworth),1,4.5975,101.0901,5.3991,100.3639,10,0,0.2935
2026-08-03T11:00:00,North-South Expressway (KL-Penang),North-South Expressway (KL-Penang) :: Ipoh->Penang (Butterworth),1,4.5975,101.0901,5.3991,100.3639,11,0,0.1273
2026-08-03T12:00:00,North-South Expressway (KL-Penang),North-South Expressway (KL-Penang) :: Ipoh->Penang (Butterworth),1,4.5975,101.0901,5.3991,100.3639,12,0,0.153
2026-08-03T13:00:00,North-South Expressway (KL-Penang),North-South Expressway (KL-Penang) :: Ipoh->Penang (Butterworth),1,4.5975,101.0901,5.3991,100.3639,13,0,0.1144
2026-08-03T14:00:00,North-South Expressway (KL-Penang),North-South Expressway (KL-Penang) :: Ipoh->Penang (Butterworth),1,4.5975,101.0901,5.3991,100.3639,14,0,0.0495
2026-08-03T15:00:00,North-South Expressway (KL-Penang),North-South Expressway (KL-Penang) :: Ipoh->Penang (Butterworth),1,4.5975,101.0901,5.3991,100.3639,15,0,0.0723
2026-08-03T16:00:00,North-South Expressway (KL-Penang),North-South Expressway (KL-Penang) :: Ipoh->Penang (Butterworth),1,4.5975,101.0901,5.3991,100.3639,16,0,0.3333
2026-08-03T17:00:00,North-South Expressway (KL-Penang),North-South Expressway (KL-Penang) :: Ipoh->Penang (Butterworth),1,4.5975,101.0901,5.3991,100.3639,17,0,0.4338
2026-08-03T18:00:00,North-South Expressway (KL-Penang),North-South Expressway (KL-Penang) :: Ipoh->Penang (Butterworth),1,4.5975,101.0901,5.3991,100.3639,18,0,0.5068
2026-08-03T19:00:00,North-South Expressway (KL-Penang),North-South Expressway (KL-Penang) :: Ipoh->Penang (Butterworth),1,4.5975,101.0901,5.3991,100.3639,19,0,0.5092
2026-08-03T20:00:00,North-South Expressway (KL-Penang),North-South Expressway (KL-Penang) :: Ipoh->Penang (Butterworth),1,4.5975,101.0901,5.3991,100.3639,20,0,0.3901
2026-08-03T21:00:00,North-South Expressway (KL-Penang),North-South Expressway (KL-Penang) :: Ipoh->Penang (Butterworth),1,4.5975,101.0901,5.3991,100.3639,21,0,0.1898
2026-08-03T22:00:00,North-South Expressway (KL-Penang),North-South Expressway (KL-Penang) :: Ipoh->Penang (Butterworth),1,4.5975,101.0901,5.3991,100.3639,22,0,0.1359
2026-08-03T23:00:00,North-South Expressway (KL-Penang),North-South Expressway (KL-Penang) :: Ipoh->Penang (Butterworth),1,4.5975,101.0901,5.3991,100.3639,23,0,0.1727
2026-08-04T00:00:00,North-South Expressway (KL-Penang),North-South Expressway (KL-Penang) :: Ipoh->Penang (Butterworth),1,4.5975,101.0901,5.3991,100.3639,0,1,0.0586
2026-08-04T01:00:00,North-South Expressway (KL-Penang),North-South Expressway (KL-Penang) :: Ipoh->Penang (Butterworth),1,4.5975,101.0901,5.3991,100.3639,1,1,0.1534
2026-08-04T02:00:00,North-South Expressway (KL-Penang),North-South Expressway (KL-Penang) :: Ipoh->Penang (Butterworth),1,4.5975,101.0901,5.3991,100.3639,2,1,0.1732
2026-08-04T03:00:00,North-South Expressway (KL-Penang),North-South Expressway (KL-Penang) :: Ipoh->Penang (Butterworth),1,4.5975,101.0901,5.3991,100.3639,3,1,0.1815
2026-08-04T04:00:00,North-South Expressway (KL-Penang),North-South Expressway (KL-Penang) :: Ipoh->Penang (Butterworth),1,4.5975,101.0901,5.3991,100.3639,4,1,0.0304
2026-08-04T05:00:00,North-South Expressway (KL-Penang),North-South Expressway (KL-Penang) :: Ipoh->Penang (Butterworth),1,4.5975,101.0901,5.3991,100.3639,5,1,0.1323
2026-08-04T06:00:00,North-South Expressway (KL-Penang),North-South Expressway (KL-Penang) :: Ipoh->Penang (Butterworth),1,4.5975,101.0901,5.3991,100.3639,6,1,0.2197
2026-08-04T07:00:00,North-South Expressway (KL-Penang),North-South Expressway (KL-Penang) :: Ipoh->Penang (Butterworth),1,4.5975,101.0901,5.3991,100.3639,7,1,0.4264
2026-08-04T08:00:00,North-South Expressway (KL-Penang),North-South Expressway (KL-Penang) :: Ipoh->Penang (Butterworth),1,4.5975,101.0901,5.3991,100.3639,8,1,0.5288
2026-08-04T09:00:00,North-South Expressway (KL-Penang),North-South Expressway (KL-Penang) :: Ipoh->Penang (Butterworth),1,4.5975,101.0901,5.3991,100.3639,9,1,0.5102
2026-08-04T10:00:00,North-South Expressway (KL-Penang),North-South Expressway (KL-Penang) :: Ipoh->Penang (Butterworth),1,4.5975,101.0901,5.3991,100.3639,10,1,0.2427
2026-08-04T11:00:00,North-South Expressway (KL-Penang),North-South Expressway (KL-Penang) :: Ipoh->Penang (Butterworth),1,4.5975,101.0901,5.3991,100.3639,11,1,0.1481
2026-08-04T12:00:00,North-South Expressway (KL-Penang),North-South Expressway (KL-Penang) :: Ipoh->Penang (Butterworth),1,4.5975,101.0901,5.3991,100.3639,12,1,0.2159
2026-08-04T13:00:00,North-South Expressway (KL-Penang),North-South Expressway (KL-Penang) :: Ipoh->Penang (Butterworth),1,4.5975,101.0901,5.3991,100.3639,13,1,0.1612
2026-08-04T14:00:00,North-South Expressway (KL-Penang),North-South Expressway (KL-Penang) :: Ipoh->Penang (Butterworth),1,4.5975,101.0901,5.3991,100.3639,14,1,0.2324
2026-08-04T15:00:00,North-South Expressway (KL-Penang),North-South Expressway (KL-Penang) :: Ipoh->Penang (Butterworth),1,4.5975,101.0901,5.3991,100.3639,15,1,0.2234
2026-08-04T16:00:00,North-South Expressway (KL-Penang),North-South Expressway (KL-Penang) :: Ipoh->Penang (Butterworth),1,4.5975,101.0901,5.3991,100.3639,16,1,0.2503
2026-08-04T17:00:00,North-South Expressway (KL-Penang),North-South Expressway (KL-Penang) :: Ipoh->Penang (Butterworth),1,4.5975,101.0901,5.3991,100.3639,17,1,0.3875
2026-08-04T18:00:00,North-South Expressway (KL-Penang),North-South Expressway (KL-Penang) :: Ipoh->Penang (Butterworth),1,4.5975,101.0901,5.3991,100.3639,18,1,0.4469
2026-08-04T19:00:00,North-South Expressway (KL-Penang),North-South Expressway (KL-Penang) :: Ipoh->Penang (Butterworth),1,4.5975,101.0901,5.3991,100.3639,19,1,0.5072
2026-08-04T20:00:00,North-South Expressway (KL-Penang),North-South Expressway (KL-Penang) :: Ipoh->Penang (Butterworth),1,4.5975,101.0901,5.3991,100.3639,20,1,0.391
2026-08-04T21:00:00,North-South Expressway (KL-Penang),North-South Expressway (KL-Penang) :: Ipoh->Penang (Butterworth),1,4.5975,101.0901,5.3991,100.3639,21,1,0.3171
2026-08-04T22:00:00,North-South Expressway (KL-Penang),North-South Expressway (KL-Penang) :: Ipoh->Penang (Butterworth),1,4.5975,101.0901,5.3991,100.3639,22,1,0.2069
2026-08-04T23:00:00,North-South Expressway (KL-Penang),North-South Expressway (KL-Penang) :: Ipoh->Penang (Butterworth),1,4.5975,101.0901,5.3991,100.3639,23,1,0.2125
2026-08-05T00:00:00,North-South Expressway (KL-Penang),North-South Expressway (KL-Penang) :: Ipoh->Penang (Butterworth),1,4.5975,101.0901,5.3991,100.3639,0,2,0.1052
2026-08-05T01:00:00,North-South Expressway (KL-Penang),North-South Expressway (KL-Penang) :: Ipoh->Penang (Butterworth),1,4.5975,101.0901,5.3991,100.3639,1,2,0.0706
2026-08-05T02:00:00,North-South Expressway (KL-Penang),North-South Expressway (KL-Penang) :: Ipoh->Penang (Butterworth),1,4.5975,101.0901,5.3991,100.3639,2,2,0.191
2026-08-05T03:00:00,North-South Expressway (KL-Penang),North-South Expressway (KL-Penang) :: Ipoh->Penang (Butterworth),1,4.5975,101.0901,5.3991,100.3639,3,2,0.1658
2026-08-05T04:00:00,North-South Expressway (KL-Penang),North-South Expressway (KL-Penang) :: Ipoh->Penang (Butterworth),1,4.5975,101.0901,5.3991,100.3639,4,2,0.153
2026-08-05T05:00:00,North-South Expressway (KL-Penang),North-South Expressway (KL-Penang) :: Ipoh->Penang (Butterworth),1,4.5975,101.0901,5.3991,100.3639,5,2,0.2012
2026-08-05T06:00:00,North-South Expressway (KL-Penang),North-South Expressway (KL-Penang) :: Ipoh->Penang (Butterworth),1,4.5975,101.0901,5.3991,100.3639,6,2,0.2918
2026-08-05T07:00:00,North-South Expressway (KL-Penang),North-South Expressway (KL-Penang) :: Ipoh->Penang (Butterworth),1,4.5975,101.0901,5.3991,100.3639,7,2,0.4974
2026-08-05T08:00:00,North-South Expressway (KL-Penang),North-South Expressway (KL-Penang) :: Ipoh->Penang (Butterworth),1,4.5975,101.0901,5.3991,100.3639,8,2,0.5777
2026-08-05T09:00:00,North-South Expressway (KL-Penang),North-South Expressway (KL-Penang) :: Ipoh->Penang (Butterworth),1,4.5975,101.0901,5.3991,100.3639,9,2,0.453
2026-08-05T10:00:00,North-South Expressway (KL-Penang),North-South Expressway (KL-Penang) :: Ipoh->Penang (Butterworth),1,4.5975,101.0901,5.3991,100.3639,10,2,0.3232
2026-08-05T11:00:00,North-South Expressway (KL-Penang),North-South Expressway (KL-Penang) :: Ipoh->Penang (Butterworth),1,4.5975,101.0901,5.3991,100.3639,11,2,0.2088
2026-08-05T12:00:00,North-South Expressway (KL-Penang),North-South Expressway (KL-Penang) :: Ipoh->Penang (Butterworth),1,4.5975,101.0901,5.3991,100.3639,12,2,0.1192
2026-08-05T13:00:00,North-South Expressway (KL-Penang),North-South Expressway (KL-Penang) :: Ipoh->Penang (Butterworth),1,4.5975,101.0901,5.3991,100.3639,13,2,0.1888
2026-08-05T14:00:00,North-South Expressway (KL-Penang),North-South Expressway (KL-Penang) :: Ipoh->Penang (Butterworth),1,4.5975,101.0901,5.3991,100.3639,14,2,0.0727
2026-08-05T15:00:00,North-South Expressway (KL-Penang),North-South Expressway (KL-Penang) :: Ipoh->Penang (Butterworth),1,4.5975,101.0901,5.3991,100.3639,15,2,0.2694
2026-08-05T16:00:00,North-South Expressway (KL-Penang),North-South Expressway (KL-Penang) :: Ipoh->Penang (Butterworth),1,4.5975,101.0901,5.3991,100.3639,16,2,0.2481
2026-08-05T17:00:00,North-South Expressway (KL-Penang),North-South Expressway (KL-Penang) :: Ipoh->Penang (Butterworth),1,4.5975,101.0901,5.3991,100.3639,17,2,0.4846
2026-08-05T18:00:00,North-South Expressway (KL-Penang),North-South Expressway (KL-Penang) :: Ipoh->Penang (Butterworth),1,4.5975,101.0901,5.3991,100.3639,18,2,0.4893
2026-08-05T19:00:00,North-South Expressway (KL-Penang),North-South Expressway (KL-Penang) :: Ipoh->Penang (Butterworth),1,4.5975,101.0901,5.3991,100.3639,19,2,0.5007
2026-08-05T20:00:00,North-South Expressway (KL-Penang),North-South Expressway (KL-Penang) :: Ipoh->Penang (Butterworth),1,4.5975,101.0901,5.3991,100.3639,20,2,0.3177
2026-08-05T21:00:00,North-South Expressway (KL-Penang),North-South Expressway (KL-Penang) :: Ipoh->Penang (Butterworth),1,4.5975,101.0901,5.3991,100.3639,21,2,0.1104
2026-08-05T22:00:00,North-South Expressway (KL-Penang),North-South Expressway (KL-Penang) :: Ipoh->Penang (Butterworth),1,4.5975,101.0901,5.3991,100.3639,22,2,0.1815
2026-08-05T23:00:00,North-South Expressway (KL-Penang),North-South Expressway (KL-Penang) :: Ipoh->Penang (Butterworth),1,4.5975,101.0901,5.3991,100.3639,23,2,0.108
2026-08-06T00:00:00,North-South Expressway (KL-Penang),North-South Expressway (KL-Penang) :: Ipoh->Penang (Butterworth),1,4.5975,101.0901,5.3991,100.3639,0,3,0.1929
2026-08-06T01:00:00,North-South Expressway (KL-Penang),North-South Expressway (KL-Penang) :: Ipoh->Penang (Butterworth),1,4.5975,101.0901,5.3991,100.3639,1,3,0.1401
2026-08-06T02:00:00,North-South Expressway (KL-Penang),North-South Expressway (KL-Penang) :: Ipoh->Penang (Butterworth),1,4.5975,101.0901,5.3991,100.3639,2,3,0.1638
2026-08-06T03:00:00,North-South Expressway (KL-Penang),North-South Expressway (KL-Penang) :: Ipoh->Penang (Butterworth),1,4.5975,101.0901,5.3991,100.3639,3,3,0.0832
2026-08-06T04:00:00,North-South Expressway (KL-Penang),North-South Expressway (KL-Penang) :: Ipoh->Penang (Butterworth),1,4.5975,101.0901,5.3991,100.3639,4,3,0.1112
2026-08-06T05:00:00,North-South Expressway (KL-Penang),North-South Expressway (KL-Penang) :: Ipoh->Penang (Butterworth),1,4.5975,101.0901,5.3991,100.3639,5,3,0.1504
2026-08-06T06:00:00,North-South Expressway (KL-Penang),North-South Expressway (KL-Penang) :: Ipoh->Penang (Butterworth),1,4.5975,101.0901,5.3991,100.3639,6,3,0.3238
2026-08-06T07:00:00,North-South Expressway (KL-Penang),North-South Expressway (KL-Penang) :: Ipoh->Penang (Butterworth),1,4.5975,101.0901,5.3991,100.3639,7,3,0.521
2026-08-06T08:00:00,North-South Expressway (KL-Penang),North-South Expressway (KL-Penang) :: Ipoh->Penang (Butterworth),1,4.5975,101.0901,5.3991,100.3639,8,3,0.4517
2026-08-06T09:00:00,North-South Expressway (KL-Penang),North-South Expressway (KL-Penang) :: Ipoh->Penang (Butterworth),1,4.5975,101.0901,5.3991,100.3639,9,3,0.485
2026-08-06T10:00:00,North-South Expressway (KL-Penang),North-South Expressway (KL-Penang) :: Ipoh->Penang (Butterworth),1,4.5975,101.0901,5.3991,100.3639,10,3,0.1423
2026-08-06T11:00:00,North-South Expressway (KL-Penang),North-South Expressway (KL-Penang) :: Ipoh->Penang (Butterworth),1,4.5975,101.0901,5.3991,100.3639,11,3,0.1063
2026-08-06T12:00:00,North-South Expressway (KL-Penang),North-South Expressway (KL-Penang) :: Ipoh->Penang (Butterworth),1,4.5975,101.0901,5.3991,100.3639,12,3,0.0894
2026-08-06T13:00:00,North-South Expressway (KL-Penang),North-South Expressway (KL-Penang) :: Ipoh->Penang (Butterworth),1,4.5975,101.0901,5.3991,100.3639,13,3,0.0622
2026-08-06T14:00:00,North-South Expressway (KL-Penang),North-South Expressway (KL-Penang) :: Ipoh->Penang (Butterworth),1,4.5975,101.0901,5.3991,100.3639,14,3,0.0613
2026-08-06T15:00:00,North-South Expressway (KL-Penang),North-South Expressway (KL-Penang) :: Ipoh->Penang (Butterworth),1,4.5975,101.0901,5.3991,100.3639,15,3,0.2309
2026-08-06T16:00:00,North-South Expressway (KL-Penang),North-South Expressway (KL-Penang) :: Ipoh->Penang (Butterworth),1,4.5975,101.0901,5.3991,100.3639,16,3,0.3069
2026-08-06T17:00:00,North-South Expressway (KL-Penang),North-South Expressway (KL-Penang) :: Ipoh->Penang (Butterworth),1,4.5975,101.0901,5.3991,100.3639,17,3,0.4903
2026-08-06T18:00:00,North-South Expressway (KL-Penang),North-South Expressway (KL-Penang) :: Ipoh->Penang (Butterworth),1,4.5975,101.0901,5.3991,100.3639,18,3,0.5814
2026-08-06T19:00:00,North-South Expressway (KL-Penang),North-South Expressway (KL-Penang) :: Ipoh->Penang (Butterworth),1,4.5975,101.0901,5.3991,100.3639,19,3,0.4834
2026-08-06T20:00:00,North-South Expressway (KL-Penang),North-South Expressway (KL-Penang) :: Ipoh->Penang (Butterworth),1,4.5975,101.0901,5.3991,100.3639,20,3,0.3592
2026-08-06T21:00:00,North-South Expressway (KL-Penang),North-South Expressway (KL-Penang) :: Ipoh->Penang (Butterworth),1,4.5975,101.0901,5.3991,100.3639,21,3,0.2019
2026-08-06T22:00:00,North-South Expressway (KL-Penang),North-South Expressway (KL-Penang) :: Ipoh->Penang (Butterworth),1,4.5975,101.0901,5.3991,100.3639,22,3,0.0851
2026-08-06T23:00:00,North-South Expressway (KL-Penang),North-South Expressway (KL-Penang) :: Ipoh->Penang (Butterworth),1,4.5975,101.0901,5.3991,100.3639,23,3,0.2062
2026-08-07T00:00:00,North-South Expressway (KL-Penang),North-South Expressway (KL-Penang) :: Ipoh->Penang (Butterworth),1,4.5975,101.0901,5.3991,100.3639,0,4,0.1047
2026-08-07T01:00:00,North-South Expressway (KL-Penang),North-South Expressway (KL-Penang) :: Ipoh->Penang (Butterworth),1,4.5975,101.0901,5.3991,100.3639,1,4,0.0839
2026-08-07T02:00:00,North-South Expressway (KL-Penang),North-South Expressway (KL-Penang) :: Ipoh->Penang (Butterworth),1,4.5975,101.0901,5.3991,100.3639,2,4,0.1294
2026-08-07T03:00:00,North-South Expressway (KL-Penang),North-South Expressway (KL-Penang) :: Ipoh->Penang (Butterworth),1,4.5975,101.0901,5.3991,100.3639,3,4,0.0859
2026-08-07T04:00:00,North-South Expressway (KL-Penang),North-South Expressway (KL-Penang) :: Ipoh->Penang (Butterworth),1,4.5975,101.0901,5.3991,100.3639,4,4,0.1215
2026-08-07T05:00:00,North-South Expressway (KL-Penang),North-South Expressway (KL-Penang) :: Ipoh->Penang (Butterworth),1,4.5975,101.0901,5.3991,100.3639,5,4,0.1986
2026-08-07T06:00:00,North-South Expressway (KL-Penang),North-South Expressway (KL-Penang) :: Ipoh->Penang (Butterworth),1,4.5975,101.0901,5.3991,100.3639,6,4,0.2933
2026-08-07T07:00:00,North-South Expressway (KL-Penang),North-South Expressway (KL-Penang) :: Ipoh->Penang (Butterworth),1,4.5975,101.0901,5.3991,100.3639,7,4,0.3665
2026-08-07T08:00:00,North-South Expressway (KL-Penang),North-South Expressway (KL-Penang) :: Ipoh->Penang (Butterworth),1,4.5975,101.0901,5.3991,100.3639,8,4,0.4707
2026-08-07T09:00:00,North-South Expressway (KL-Penang),North-South Expressway (KL-Penang) :: Ipoh->Penang (Butterworth),1,4.5975,101.0901,5.3991,100.3639,9,4,0.4848
2026-08-07T10:00:00,North-South Expressway (KL-Penang),North-South Expressway (KL-Penang) :: Ipoh->Penang (Butterworth),1,4.5975,101.0901,5.3991,100.3639,10,4,0.3022
2026-08-07T11:00:00,North-South Expressway (KL-Penang),North-South Expressway (KL-Penang) :: Ipoh->Penang (Butterworth),1,4.5975,101.0901,5.3991,100.3639,11,4,0.3025
2026-08-07T12:00:00,North-South Expressway (KL-Penang),North-South Expressway (KL-Penang) :: Ipoh->Penang (Butterworth),1,4.5975,101.0901,5.3991,100.3639,12,4,0.2177
2026-08-07T13:00:00,North-South Expressway (KL-Penang),North-South Expressway (KL-Penang) :: Ipoh->Penang (Butterworth),1,4.5975,101.0901,5.3991,100.3639,13,4,0.212
2026-08-07T14:00:00,North-South Expressway (KL-Penang),North-South Expressway (KL-Penang) :: Ipoh->Penang (Butterworth),1,4.5975,101.0901,5.3991,100.3639,14,4,0.0731
2026-08-07T15:00:00,North-South Expressway (KL-Penang),North-South Expressway (KL-Penang) :: Ipoh->Penang (Butterworth),1,4.5975,101.0901,5.3991,100.3639,15,4,0.252
2026-08-07T16:00:00,North-South Expressway (KL-Penang),North-South Expressway (KL-Penang) :: Ipoh->Penang (Butterworth),1,4.5975,101.0901,5.3991,100.3639,16,4,0.3165
2026-08-07T17:00:00,North-South Expressway (KL-Penang),North-South Expressway (KL-Penang) :: Ipoh->Penang (Butterworth),1,4.5975,101.0901,5.3991,100.3639,17,4,0.4344
2026-08-07T18:00:00,North-South Expressway (KL-Penang),North-South Expressway (KL-Penang) :: Ipoh->Penang (Butterworth),1,4.5975,101.0901,5.3991,100.3639,18,4,0.5501
2026-08-07T19:00:00,North-South Expressway (KL-Penang),North-South Expressway (KL-Penang) :: Ipoh->Penang (Butterworth),1,4.5975,101.0901,5.3991,100.3639,19,4,0.5242
2026-08-07T20:00:00,North-South Expressway (KL-Penang),North-South Expressway (KL-Penang) :: Ipoh->Penang (Butterworth),1,4.5975,101.0901,5.3991,100.3639,20,4,0.3498
2026-08-07T21:00:00,North-South Expressway (KL-Penang),North-South Expressway (KL-Penang) :: Ipoh->Penang (Butterworth),1,4.5975,101.0901,5.3991,100.3639,21,4,0.1534
2026-08-07T22:00:00,North-South Expressway (KL-Penang),North-South Expressway (KL-Penang) :: Ipoh->Penang (Butterworth),1,4.5975,101.0901,5.3991,100.3639,22,4,0.2009
2026-08-07T23:00:00,North-South Expressway (KL-Penang),North-South Expressway (KL-Penang) :: Ipoh->Penang (Butterworth),1,4.5975,101.0901,5.3991,100.3639,23,4,0.1044
2026-08-08T00:00:00,North-South Expressway (KL-Penang),North-South Expressway (KL-Penang) :: Ipoh->Penang (Butterworth),1,4.5975,101.0901,5.3991,100.3639,0,5,0.153
2026-08-08T01:00:00,North-South Expressway (KL-Penang),North-South Expressway (KL-Penang) :: Ipoh->Penang (Butterworth),1,4.5975,101.0901,5.3991,100.3639,1,5,0.1218
2026-08-08T02:00:00,North-South Expressway (KL-Penang),North-South Expressway (KL-Penang) :: Ipoh->Penang (Butterworth),1,4.5975,101.0901,5.3991,100.3639,2,5,0.1269
2026-08-08T03:00:00,North-South Expressway (KL-Penang),North-South Expressway (KL-Penang) :: Ipoh->Penang (Butterworth),1,4.5975,101.0901,5.3991,100.3639,3,5,0.1867
2026-08-08T04:00:00,North-South Expressway (KL-Penang),North-South Expressway (KL-Penang) :: Ipoh->Penang (Butterworth),1,4.5975,101.0901,5.3991,100.3639,4,5,0.0842
2026-08-08T05:00:00,North-South Expressway (KL-Penang),North-South Expressway (KL-Penang) :: Ipoh->Penang (Butterworth),1,4.5975,101.0901,5.3991,100.3639,5,5,0.2947
2026-08-08T06:00:00,North-South Expressway (KL-Penang),North-South Expressway (KL-Penang) :: Ipoh->Penang (Butterworth),1,4.5975,101.0901,5.3991,100.3639,6,5,0.1632
2026-08-08T07:00:00,North-South Expressway (KL-Penang),North-South Expressway (KL-Penang) :: Ipoh->Penang (Butterworth),1,4.5975,101.0901,5.3991,100.3639,7,5,0.3845
2026-08-08T08:00:00,North-South Expressway (KL-Penang),North-South Expressway (KL-Penang) :: Ipoh->Penang (Butterworth),1,4.5975,101.0901,5.3991,100.3639,8,5,0.5222
2026-08-08T09:00:00,North-South Expressway (KL-Penang),North-South Expressway (KL-Penang) :: Ipoh->Penang (Butterworth),1,4.5975,101.0901,5.3991,100.3639,9,5,0.4554
2026-08-08T10:00:00,North-South Expressway (KL-Penang),North-South Expressway (KL-Penang) :: Ipoh->Penang (Butterworth),1,4.5975,101.0901,5.3991,100.3639,10,5,0.2664
2026-08-08T11:00:00,North-South Expressway (KL-Penang),North-South Expressway (KL-Penang) :: Ipoh->Penang (Butterworth),1,4.5975,101.0901,5.3991,100.3639,11,5,0.1745
2026-08-08T12:00:00,North-South Expressway (KL-Penang),North-South Expressway (KL-Penang) :: Ipoh->Penang (Butterworth),1,4.5975,101.0901,5.3991,100.3639,12,5,0.1715
2026-08-08T13:00:00,North-South Expressway (KL-Penang),North-South Expressway (KL-Penang) :: Ipoh->Penang (Butterworth),1,4.5975,101.0901,5.3991,100.3639,13,5,0.1295
2026-08-08T14:00:00,North-South Expressway (KL-Penang),North-South Expressway (KL-Penang) :: Ipoh->Penang (Butterworth),1,4.5975,101.0901,5.3991,100.3639,14,5,0.2399
2026-08-08T15:00:00,North-South Expressway (KL-Penang),North-South Expressway (KL-Penang) :: Ipoh->Penang (Butterworth),1,4.5975,101.0901,5.3991,100.3639,15,5,0.2565
2026-08-08T16:00:00,North-South Expressway (KL-Penang),North-South Expressway (KL-Penang) :: Ipoh->Penang (Butterworth),1,4.5975,101.0901,5.3991,100.3639,16,5,0.3721
2026-08-08T17:00:00,North-South Expressway (KL-Penang),North-South Expressway (KL-Penang) :: Ipoh->Penang (Butterworth),1,4.5975,101.0901,5.3991,100.3639,17,5,0.4095
2026-08-08T18:00:00,North-South Expressway (KL-Penang),North-South Expressway (KL-Penang) :: Ipoh->Penang (Butterworth),1,4.5975,101.0901,5.3991,100.3639,18,5,0.5352
2026-08-08T19:00:00,North-South Expressway (KL-Penang),North-South Expressway (KL-Penang) :: Ipoh->Penang (Butterworth),1,4.5975,101.0901,5.3991,100.3639,19,5,0.4495
2026-08-08T20:00:00,North-South Expressway (KL-Penang),North-South Expressway (KL-Penang) :: Ipoh->Penang (Butterworth),1,4.5975,101.0901,5.3991,100.3639,20,5,0.2594
2026-08-08T21:00:00,North-South Expressway (KL-Penang),North-South Expressway (KL-Penang) :: Ipoh->Penang (Butterworth),1,4.5975,101.0901,5.3991,100.3639,21,5,0.2277
2026-08-08T22:00:00,North-South Expressway (KL-Penang),North-South Expressway (KL-Penang) :: Ipoh->Penang (Butterworth),1,4.5975,101.0901,5.3991,100.3639,22,5,0.124
2026-08-08T23:00:00,North-South Expressway (KL-Penang),North-South Expressway (KL-Penang) :: Ipoh->Penang (Butterworth),1,4.5975,101.0901,5.3991,100.3639,23,5,0.182
2026-08-09T00:00:00,North-South Expressway (KL-Penang),North-South Expressway (KL-Penang) :: Ipoh->Penang (Butterworth),1,4.5975,101.0901,5.3991,100.3639,0,6,0.0758
2026-08-09T01:00:00,North-South Expressway (KL-Penang),North-South Expressway (KL-Penang) :: Ipoh->Penang (Butterworth),1,4.5975,101.0901,5.3991,100.3639,1,6,0.2431
2026-08-09T02:00:00,North-South Expressway (KL-Penang),North-South Expressway (KL-Penang) :: Ipoh->Penang (Butterworth),1,4.5975,101.0901,5.3991,100.3639,2,6,0.0863
2026-08-09T03:00:00,North-South Expressway (KL-Penang),North-South Expressway (KL-Penang) :: Ipoh->Penang (Butterworth),1,4.5975,101.0901,5.3991,100.3639,3,6,0.1539
2026-08-09T04:00:00,North-South Expressway (KL-Penang),North-South Expressway (KL-Penang) :: Ipoh->Penang (Butterworth),1,4.5975,101.0901,5.3991,100.3639,4,6,0.1941
2026-08-09T05:00:00,North-South Expressway (KL-Penang),North-South Expressway (KL-Penang) :: Ipoh->Penang (Butterworth),1,4.5975,101.0901,5.3991,100.3639,5,6,0.1437
2026-08-09T06:00:00,North-South Expressway (KL-Penang),North-South Expressway (KL-Penang) :: Ipoh->Penang (Butterworth),1,4.5975,101.0901,5.3991,100.3639,6,6,0.3236
2026-08-09T07:00:00,North-South Expressway (KL-Penang),North-South Expressway (KL-Penang) :: Ipoh->Penang (Butterworth),1,4.5975,101.0901,5.3991,100.3639,7,6,0.3466
2026-08-09T08:00:00,North-South Expressway (KL-Penang),North-South Expressway (KL-Penang) :: Ipoh->Penang (Butterworth),1,4.5975,101.0901,5.3991,100.3639,8,6,0.5871
2026-08-09T09:00:00,North-South Expressway (KL-Penang),North-South Expressway (KL-Penang) :: Ipoh->Penang (Butterworth),1,4.5975,101.0901,5.3991,100.3639,9,6,0.4212
2026-08-09T10:00:00,North-South Expressway (KL-Penang),North-South Expressway (KL-Penang) :: Ipoh->Penang (Butterworth),1,4.5975,101.0901,5.3991,100.3639,10,6,0.2367
2026-08-09T11:00:00,North-South Expressway (KL-Penang),North-South Expressway (KL-Penang) :: Ipoh->Penang (Butterworth),1,4.5975,101.0901,5.3991,100.3639,11,6,0.16
2026-08-09T12:00:00,North-South Expressway (KL-Penang),North-South Expressway (KL-Penang) :: Ipoh->Penang (Butterworth),1,4.5975,101.0901,5.3991,100.3639,12,6,0.1954
2026-08-09T13:00:00,North-South Expressway (KL-Penang),North-South Expressway (KL-Penang) :: Ipoh->Penang (Butterworth),1,4.5975,101.0901,5.3991,100.3639,13,6,0.1083
2026-08-09T14:00:00,North-South Expressway (KL-Penang),North-South Expressway (KL-Penang) :: Ipoh->Penang (Butterworth),1,4.5975,101.0901,5.3991,100.3639,14,6,0.1114
2026-08-09T15:00:00,North-South Expressway (KL-Penang),North-South Expressway (KL-Penang) :: Ipoh->Penang (Butterworth),1,4.5975,101.0901,5.3991,100.3639,15,6,0.1928
2026-08-09T16:00:00,North-South Expressway (KL-Penang),North-South Expressway (KL-Penang) :: Ipoh->Penang (Butterworth),1,4.5975,101.0901,5.3991,100.3639,16,6,0.2491
2026-08-09T17:00:00,North-South Expressway (KL-Penang),North-South Expressway (KL-Penang) :: Ipoh->Penang (Butterworth),1,4.5975,101.0901,5.3991,100.3639,17,6,0.5767
2026-08-09T18:00:00,North-South Expressway (KL-Penang),North-South Expressway (KL-Penang) :: Ipoh->Penang (Butterworth),1,4.5975,101.0901,5.3991,100.3639,18,6,0.506
2026-08-09T19:00:00,North-South Expressway (KL-Penang),North-South Expressway (KL-Penang) :: Ipoh->Penang (Butterworth),1,4.5975,101.0901,5.3991,100.3639,19,6,0.5174
2026-08-09T20:00:00,North-South Expressway (KL-Penang),North-South Expressway (KL-Penang) :: Ipoh->Penang (Butterworth),1,4.5975,101.0901,5.3991,100.3639,20,6,0.3323
2026-08-09T21:00:00,North-South Expressway (KL-Penang),North-South Expressway (KL-Penang) :: Ipoh->Penang (Butterworth),1,4.5975,101.0901,5.3991,100.3639,21,6,0.147
2026-08-09T22:00:00,North-South Expressway (KL-Penang),North-South Expressway (KL-Penang) :: Ipoh->Penang (Butterworth),1,4.5975,101.0901,5.3991,100.3639,22,6,0.1559
2026-08-09T23:00:00,North-South Expressway (KL-Penang),North-South Expressway (KL-Penang) :: Ipoh->Penang (Butterworth),1,4.5975,101.0901,5.3991,100.3639,23,6,0.1897
2026-08-10T00:00:00,North-South Expressway (KL-Penang),North-South Expressway (KL-Penang) :: Ipoh->Penang (Butterworth),1,4.5975,101.0901,5.3991,100.3639,0,0,0.1287
2026-08-10T01:00:00,North-South Expressway (KL-Penang),North-South Expressway (KL-Penang) :: Ipoh->Penang (Butterworth),1,4.5975,101.0901,5.3991,100.3639,1,0,0.2116
2026-08-10T02:00:00,North-South Expressway (KL-Penang),North-South Expressway (KL-Penang) :: Ipoh->Penang (Butterworth),1,4.5975,101.0901,5.3991,100.3639,2,0,0.2013
2026-08-10T03:00:00,North-South Expressway (KL-Penang),North-South Expressway (KL-Penang) :: Ipoh->Penang (Butterworth),1,4.5975,101.0901,5.3991,100.3639,3,0,0.1958
2026-08-10T04:00:00,North-South Expressway (KL-Penang),North-South Expressway (KL-Penang) :: Ipoh->Penang (Butterworth),1,4.5975,101.0901,5.3991,100.3639,4,0,0.119
2026-08-10T05:00:00,North-South Expressway (KL-Penang),North-South Expressway (KL-Penang) :: Ipoh->Penang (Butterworth),1,4.5975,101.0901,5.3991,100.3639,5,0,0.1132
2026-08-10T06:00:00,North-South Expressway (KL-Penang),North-South Expressway (KL-Penang) :: Ipoh->Penang (Butterworth),1,4.5975,101.0901,5.3991,100.3639,6,0,0.2356
2026-08-10T07:00:00,North-South Expressway (KL-Penang),North-South Expressway (KL-Penang) :: Ipoh->Penang (Butterworth),1,4.5975,101.0901,5.3991,100.3639,7,0,0.4321
2026-08-10T08:00:00,North-South Expressway (KL-Penang),North-South Expressway (KL-Penang) :: Ipoh->Penang (Butterworth),1,4.5975,101.0901,5.3991,100.3639,8,0,0.5327
2026-08-10T09:00:00,North-South Expressway (KL-Penang),North-South Expressway (KL-Penang) :: Ipoh->Penang (Butterworth),1,4.5975,101.0901,5.3991,100.3639,9,0,0.2901
2026-08-10T10:00:00,North-South Expressway (KL-Penang),North-South Expressway (KL-Penang) :: Ipoh->Penang (Butterworth),1,4.5975,101.0901,5.3991,100.3639,10,0,0.272
2026-08-10T11:00:00,North-South Expressway (KL-Penang),North-South Expressway (KL-Penang) :: Ipoh->Penang (Butterworth),1,4.5975,101.0901,5.3991,100.3639,11,0,0.1875
2026-08-10T12:00:00,North-South Expressway (KL-Penang),North-South Expressway (KL-Penang) :: Ipoh->Penang (Butterworth),1,4.5975,101.0901,5.3991,100.3639,12,0,0.1302
2026-08-10T13:00:00,North-South Expressway (KL-Penang),North-South Expressway (KL-Penang) :: Ipoh->Penang (Butterworth),1,4.5975,101.0901,5.3991,100.3639,13,0,0.2209
2026-08-10T14:00:00,North-South Expressway (KL-Penang),North-South Expressway (KL-Penang) :: Ipoh->Penang (Butterworth),1,4.5975,101.0901,5.3991,100.3639,14,0,0.1817
2026-08-10T15:00:00,North-South Expressway (KL-Penang),North-South Expressway (KL-Penang) :: Ipoh->Penang (Butterworth),1,4.5975,101.0901,5.3991,100.3639,15,0,0.2847
2026-08-10T16:00:00,North-South Expressway (KL-Penang),North-South Expressway (KL-Penang) :: Ipoh->Penang (Butterworth),1,4.5975,101.0901,5.3991,100.3639,16,0,0.3068
2026-08-10T17:00:00,North-South Expressway (KL-Penang),North-South Expressway (KL-Penang) :: Ipoh->Penang (Butterworth),1,4.5975,101.0901,5.3991,100.3639,17,0,0.5237
2026-08-10T18:00:00,North-South Expressway (KL-Penang),North-South Expressway (KL-Penang) :: Ipoh->Penang (Butterworth),1,4.5975,101.0901,5.3991,100.3639,18,0,0.6381
2026-08-10T19:00:00,North-South Expressway (KL-Penang),North-South Expressway (KL-Penang) :: Ipoh->Penang (Butterworth),1,4.5975,101.0901,5.3991,100.3639,19,0,0.5462
2026-08-10T20:00:00,North-South Expressway (KL-Penang),North-South Expressway (KL-Penang) :: Ipoh->Penang (Butterworth),1,4.5975,101.0901,5.3991,100.3639,20,0,0.2542
2026-08-10T21:00:00,North-South Expressway (KL-Penang),North-South Expressway (KL-Penang) :: Ipoh->Penang (Butterworth),1,4.5975,101.0901,5.3991,100.3639,21,0,0.1909
2026-08-10T22:00:00,North-South Expressway (KL-Penang),North-South Expressway (KL-Penang) :: Ipoh->Penang (Butterworth),1,4.5975,101.0901,5.3991,100.3639,22,0,0.1356
2026-08-10T23:00:00,North-South Expressway (KL-Penang),North-South Expressway (KL-Penang) :: Ipoh->Penang (Butterworth),1,4.5975,101.0901,5.3991,100.3639,23,0,0.1721
2026-08-11T00:00:00,North-South Expressway (KL-Penang),North-South Expressway (KL-Penang) :: Ipoh->Penang (Butterworth),1,4.5975,101.0901,5.3991,100.3639,0,1,0.1812
2026-08-11T01:00:00,North-South Expressway (KL-Penang),North-South Expressway (KL-Penang) :: Ipoh->Penang (Butterworth),1,4.5975,101.0901,5.3991,100.3639,1,1,0.0897
2026-08-11T02:00:00,North-South Expressway (KL-Penang),North-South Expressway (KL-Penang) :: Ipoh->Penang (Butterworth),1,4.5975,101.0901,5.3991,100.3639,2,1,0.1441
2026-08-11T03:00:00,North-South Expressway (KL-Penang),North-South Expressway (KL-Penang) :: Ipoh->Penang (Butterworth),1,4.5975,101.0901,5.3991,100.3639,3,1,0.0195
2026-08-11T04:00:00,North-South Expressway (KL-Penang),North-South Expressway (KL-Penang) :: Ipoh->Penang (Butterworth),1,4.5975,101.0901,5.3991,100.3639,4,1,0.2331
2026-08-11T05:00:00,North-South Expressway (KL-Penang),North-South Expressway (KL-Penang) :: Ipoh->Penang (Butterworth),1,4.5975,101.0901,5.3991,100.3639,5,1,0.1472
2026-08-11T06:00:00,North-South Expressway (KL-Penang),North-South Expressway (KL-Penang) :: Ipoh->Penang (Butterworth),1,4.5975,101.0901,5.3991,100.3639,6,1,0.2758
2026-08-11T07:00:00,North-South Expressway (KL-Penang),North-South Expressway (KL-Penang) :: Ipoh->Penang (Butterworth),1,4.5975,101.0901,5.3991,100.3639,7,1,0.4018
2026-08-11T08:00:00,North-South Expressway (KL-Penang),North-South Expressway (KL-Penang) :: Ipoh->Penang (Butterworth),1,4.5975,101.0901,5.3991,100.3639,8,1,0.5688
2026-08-11T09:00:00,North-South Expressway (KL-Penang),North-South Expressway (KL-Penang) :: Ipoh->Penang (Butterworth),1,4.5975,101.0901,5.3991,100.3639,9,1,0.2501
2026-08-11T10:00:00,North-South Expressway (KL-Penang),North-South Expressway (KL-Penang) :: Ipoh->Penang (Butterworth),1,4.5975,101.0901,5.3991,100.3639,10,1,0.2714
2026-08-11T11:00:00,North-South Expressway (KL-Penang),North-South Expressway (KL-Penang) :: Ipoh->Penang (Butterworth),1,4.5975,101.0901,5.3991,100.3639,11,1,0.1716
2026-08-11T12:00:00,North-South Expressway (KL-Penang),North-South Expressway (KL-Penang) :: Ipoh->Penang (Butterworth),1,4.5975,101.0901,5.3991,100.3639,12,1,0.1197
2026-08-11T13:00:00,North-South Expressway (KL-Penang),North-South Expressway (KL-Penang) :: Ipoh->Penang (Butterworth),1,4.5975,101.0901,5.3991,100.3639,13,1,0.247
2026-08-11T14:00:00,North-South Expressway (KL-Penang),North-South Expressway (KL-Penang) :: Ipoh->Penang (Butterworth),1,4.5975,101.0901,5.3991,100.3639,14,1,0.1031
2026-08-11T15:00:00,North-South Expressway (KL-Penang),North-South Expressway (KL-Penang) :: Ipoh->Penang (Butterworth),1,4.5975,101.0901,5.3991,100.3639,15,1,0.2524
2026-08-11T16:00:00,North-South Expressway (KL-Penang),North-South Expressway (KL-Penang) :: Ipoh->Penang (Butterworth),1,4.5975,101.0901,5.3991,100.3639,16,1,0.3411
2026-08-11T17:00:00,North-South Expressway (KL-Penang),North-South Expressway (KL-Penang) :: Ipoh->Penang (Butterworth),1,4.5975,101.0901,5.3991,100.3639,17,1,0.5432
2026-08-11T18:00:00,North-South Expressway (KL-Penang),North-South Expressway (KL-Penang) :: Ipoh->Penang (Butterworth),1,4.5975,101.0901,5.3991,100.3639,18,1,0.5
2026-08-11T19:00:00,North-South Expressway (KL-Penang),North-South Expressway (KL-Penang) :: Ipoh->Penang (Butterworth),1,4.5975,101.0901,5.3991,100.3639,19,1,0.4235
2026-08-11T20:00:00,North-South Expressway (KL-Penang),North-South Expressway (KL-Penang) :: Ipoh->Penang (Butterworth),1,4.5975,101.0901,5.3991,100.3639,20,1,0.3855
2026-08-11T21:00:00,North-South Expressway (KL-Penang),North-South Expressway (KL-Penang) :: Ipoh->Penang (Butterworth),1,4.5975,101.0901,5.3991,100.3639,21,1,0.2316
2026-08-11T22:00:00,North-South Expressway (KL-Penang),North-South Expressway (KL-Penang) :: Ipoh->Penang (Butterworth),1,4.5975,101.0901,5.3991,100.3639,22,1,0.0636
2026-08-11T23:00:00,North-South Expressway (KL-Penang),North-South Expressway (KL-Penang) :: Ipoh->Penang (Butterworth),1,4.5975,101.0901,5.3991,100.3639,23,1,0.1103
2026-08-12T00:00:00,North-South Expressway (KL-Penang),North-South Expressway (KL-Penang) :: Ipoh->Penang (Butterworth),1,4.5975,101.0901,5.3991,100.3639,0,2,0.1632
2026-08-12T01:00:00,North-South Expressway (KL-Penang),North-South Expressway (KL-Penang) :: Ipoh->Penang (Butterworth),1,4.5975,101.0901,5.3991,100.3639,1,2,0.1903
2026-08-12T02:00:00,North-South Expressway (KL-Penang),North-South Expressway (KL-Penang) :: Ipoh->Penang (Butterworth),1,4.5975,101.0901,5.3991,100.3639,2,2,0.0993
2026-08-12T03:00:00,North-South Expressway (KL-Penang),North-South Expressway (KL-Penang) :: Ipoh->Penang (Butterworth),1,4.5975,101.0901,5.3991,100.3639,3,2,0.0
2026-08-12T04:00:00,North-South Expressway (KL-Penang),North-South Expressway (KL-Penang) :: Ipoh->Penang (Butterworth),1,4.5975,101.0901,5.3991,100.3639,4,2,0.178
2026-08-12T05:00:00,North-South Expressway (KL-Penang),North-South Expressway (KL-Penang) :: Ipoh->Penang (Butterworth),1,4.5975,101.0901,5.3991,100.3639,5,2,0.1047
2026-08-12T06:00:00,North-South Expressway (KL-Penang),North-South Expressway (KL-Penang) :: Ipoh->Penang (Butterworth),1,4.5975,101.0901,5.3991,100.3639,6,2,0.1514
2026-08-12T07:00:00,North-South Expressway (KL-Penang),North-South Expressway (KL-Penang) :: Ipoh->Penang (Butterworth),1,4.5975,101.0901,5.3991,100.3639,7,2,0.2504
2026-08-12T08:00:00,North-South Expressway (KL-Penang),North-South Expressway (KL-Penang) :: Ipoh->Penang (Butterworth),1,4.5975,101.0901,5.3991,100.3639,8,2,0.5488
2026-08-12T09:00:00,North-South Expressway (KL-Penang),North-South Expressway (KL-Penang) :: Ipoh->Penang (Butterworth),1,4.5975,101.0901,5.3991,100.3639,9,2,0.4281
2026-08-12T10:00:00,North-South Expressway (KL-Penang),North-South Expressway (KL-Penang) :: Ipoh->Penang (Butterworth),1,4.5975,101.0901,5.3991,100.3639,10,2,0.2589
2026-08-12T11:00:00,North-South Expressway (KL-Penang),North-South Expressway (KL-Penang) :: Ipoh->Penang (Butterworth),1,4.5975,101.0901,5.3991,100.3639,11,2,0.2613
2026-08-12T12:00:00,North-South Expressway (KL-Penang),North-South Expressway (KL-Penang) :: Ipoh->Penang (Butterworth),1,4.5975,101.0901,5.3991,100.3639,12,2,0.1851
2026-08-12T13:00:00,North-South Expressway (KL-Penang),North-South Expressway (KL-Penang) :: Ipoh->Penang (Butterworth),1,4.5975,101.0901,5.3991,100.3639,13,2,0.2404
2026-08-12T14:00:00,North-South Expressway (KL-Penang),North-South Expressway (KL-Penang) :: Ipoh->Penang (Butterworth),1,4.5975,101.0901,5.3991,100.3639,14,2,0.0728
2026-08-12T15:00:00,North-South Expressway (KL-Penang),North-South Expressway (KL-Penang) :: Ipoh->Penang (Butterworth),1,4.5975,101.0901,5.3991,100.3639,15,2,0.204
2026-08-12T16:00:00,North-South Expressway (KL-Penang),North-South Expressway (KL-Penang) :: Ipoh->Penang (Butterworth),1,4.5975,101.0901,5.3991,100.3639,16,2,0.2227
2026-08-12T17:00:00,North-South Expressway (KL-Penang),North-South Expressway (KL-Penang) :: Ipoh->Penang (Butterworth),1,4.5975,101.0901,5.3991,100.3639,17,2,0.4537
2026-08-12T18:00:00,North-South Expressway (KL-Penang),North-South Expressway (KL-Penang) :: Ipoh->Penang (Butterworth),1,4.5975,101.0901,5.3991,100.3639,18,2,0.5251
2026-08-12T19:00:00,North-South Expressway (KL-Penang),North-South Expressway (KL-Penang) :: Ipoh->Penang (Butterworth),1,4.5975,101.0901,5.3991,100.3639,19,2,0.5051
2026-08-12T20:00:00,North-South Expressway (KL-Penang),North-South Expressway (KL-Penang) :: Ipoh->Penang (Butterworth),1,4.5975,101.0901,5.3991,100.3639,20,2,0.3225
2026-08-12T21:00:00,North-South Expressway (KL-Penang),North-South Expressway (KL-Penang) :: Ipoh->Penang (Butterworth),1,4.5975,101.0901,5.3991,100.3639,21,2,0.2435
2026-08-12T22:00:00,North-South Expressway (KL-Penang),North-South Expressway (KL-Penang) :: Ipoh->Penang (Butterworth),1,4.5975,101.0901,5.3991,100.3639,22,2,0.1985
2026-08-12T23:00:00,North-South Expressway (KL-Penang),North-South Expressway (KL-Penang) :: Ipoh->Penang (Butterworth),1,4.5975,101.0901,5.3991,100.3639,23,2,0.272
2026-08-13T00:00:00,North-South Expressway (KL-Penang),North-South Expressway (KL-Penang) :: Ipoh->Penang (Butterworth),1,4.5975,101.0901,5.3991,100.3639,0,3,0.1211
2026-08-13T01:00:00,North-South Expressway (KL-Penang),North-South Expressway (KL-Penang) :: Ipoh->Penang (Butterworth),1,4.5975,101.0901,5.3991,100.3639,1,3,0.0835
2026-08-13T02:00:00,North-South Expressway (KL-Penang),North-South Expressway (KL-Penang) :: Ipoh->Penang (Butterworth),1,4.5975,101.0901,5.3991,100.3639,2,3,0.1548
2026-08-13T03:00:00,North-South Expressway (KL-Penang),North-South Expressway (KL-Penang) :: Ipoh->Penang (Butterworth),1,4.5975,101.0901,5.3991,100.3639,3,3,0.0926
2026-08-13T04:00:00,North-South Expressway (KL-Penang),North-South Expressway (KL-Penang) :: Ipoh->Penang (Butterworth),1,4.5975,101.0901,5.3991,100.3639,4,3,0.2355
2026-08-13T05:00:00,North-South Expressway (KL-Penang),North-South Expressway (KL-Penang) :: Ipoh->Penang (Butterworth),1,4.5975,101.0901,5.3991,100.3639,5,3,0.161
2026-08-13T06:00:00,North-South Expressway (KL-Penang),North-South Expressway (KL-Penang) :: Ipoh->Penang (Butterworth),1,4.5975,101.0901,5.3991,100.3639,6,3,0.2385
2026-08-13T07:00:00,North-South Expressway (KL-Penang),North-South Expressway (KL-Penang) :: Ipoh->Penang (Butterworth),1,4.5975,101.0901,5.3991,100.3639,7,3,0.3921
2026-08-13T08:00:00,North-South Expressway (KL-Penang),North-South Expressway (KL-Penang) :: Ipoh->Penang (Butterworth),1,4.5975,101.0901,5.3991,100.3639,8,3,0.5431
2026-08-13T09:00:00,North-South Expressway (KL-Penang),North-South Expressway (KL-Penang) :: Ipoh->Penang (Butterworth),1,4.5975,101.0901,5.3991,100.3639,9,3,0.4109
2026-08-13T10:00:00,North-South Expressway (KL-Penang),North-South Expressway (KL-Penang) :: Ipoh->Penang (Butterworth),1,4.5975,101.0901,5.3991,100.3639,10,3,0.2339
2026-08-13T11:00:00,North-South Expressway (KL-Penang),North-South Expressway (KL-Penang) :: Ipoh->Penang (Butterworth),1,4.5975,101.0901,5.3991,100.3639,11,3,0.2779
2026-08-13T12:00:00,North-South Expressway (KL-Penang),North-South Expressway (KL-Penang) :: Ipoh->Penang (Butterworth),1,4.5975,101.0901,5.3991,100.3639,12,3,0.0955
2026-08-13T13:00:00,North-South Expressway (KL-Penang),North-South Expressway (KL-Penang) :: Ipoh->Penang (Butterworth),1,4.5975,101.0901,5.3991,100.3639,13,3,0.1455
2026-08-13T14:00:00,North-South Expressway (KL-Penang),North-South Expressway (KL-Penang) :: Ipoh->Penang (Butterworth),1,4.5975,101.0901,5.3991,100.3639,14,3,0.1955
2026-08-13T15:00:00,North-South Expressway (KL-Penang),North-South Expressway (KL-Penang) :: Ipoh->Penang (Butterworth),1,4.5975,101.0901,5.3991,100.3639,15,3,0.1082
2026-08-13T16:00:00,North-South Expressway (KL-Penang),North-South Expressway (KL-Penang) :: Ipoh->Penang (Butterworth),1,4.5975,101.0901,5.3991,100.3639,16,3,0.3485
2026-08-13T17:00:00,North-South Expressway (KL-Penang),North-South Expressway (KL-Penang) :: Ipoh->Penang (Butterworth),1,4.5975,101.0901,5.3991,100.3639,17,3,0.4042
2026-08-13T18:00:00,North-South Expressway (KL-Penang),North-South Expressway (KL-Penang) :: Ipoh->Penang (Butterworth),1,4.5975,101.0901,5.3991,100.3639,18,3,0.5894
2026-08-13T19:00:00,North-South Expressway (KL-Penang),North-South Expressway (KL-Penang) :: Ipoh->Penang (Butterworth),1,4.5975,101.0901,5.3991,100.3639,19,3,0.4097
2026-08-13T20:00:00,North-South Expressway (KL-Penang),North-South Expressway (KL-Penang) :: Ipoh->Penang (Butterworth),1,4.5975,101.0901,5.3991,100.3639,20,3,0.3613
2026-08-13T21:00:00,North-South Expressway (KL-Penang),North-South Expressway (KL-Penang) :: Ipoh->Penang (Butterworth),1,4.5975,101.0901,5.3991,100.3639,21,3,0.2725
2026-08-13T22:00:00,North-South Expressway (KL-Penang),North-South Expressway (KL-Penang) :: Ipoh->Penang (Butterworth),1,4.5975,101.0901,5.3991,100.3639,22,3,0.208
2026-08-13T23:00:00,North-South Expressway (KL-Penang),North-South Expressway (KL-Penang) :: Ipoh->Penang (Butterworth),1,4.5975,101.0901,5.3991,100.3639,23,3,0.1578
2026-08-14T00:00:00,North-South Expressway (KL-Penang),North-South Expressway (KL-Penang) :: Ipoh->Penang (Butterworth),1,4.5975,101.0901,5.3991,100.3639,0,4,0.1261
2026-08-14T01:00:00,North-South Expressway (KL-Penang),North-South Expressway (KL-Penang) :: Ipoh->Penang (Butterworth),1,4.5975,101.0901,5.3991,100.3639,1,4,0.1054
2026-08-14T02:00:00,North-South Expressway (KL-Penang),North-South Expressway (KL-Penang) :: Ipoh->Penang (Butterworth),1,4.5975,101.0901,5.3991,100.3639,2,4,0.2283
2026-08-14T03:00:00,North-South Expressway (KL-Penang),North-South Expressway (KL-Penang) :: Ipoh->Penang (Butterworth),1,4.5975,101.0901,5.3991,100.3639,3,4,0.0987
2026-08-14T04:00:00,North-South Expressway (KL-Penang),North-South Expressway (KL-Penang) :: Ipoh->Penang (Butterworth),1,4.5975,101.0901,5.3991,100.3639,4,4,0.0844
2026-08-14T05:00:00,North-South Expressway (KL-Penang),North-South Expressway (KL-Penang) :: Ipoh->Penang (Butterworth),1,4.5975,101.0901,5.3991,100.3639,5,4,0.2179
2026-08-14T06:00:00,North-South Expressway (KL-Penang),North-South Expressway (KL-Penang) :: Ipoh->Penang (Butterworth),1,4.5975,101.0901,5.3991,100.3639,6,4,0.2247
2026-08-14T07:00:00,North-South Expressway (KL-Penang),North-South Expressway (KL-Penang) :: Ipoh->Penang (Butterworth),1,4.5975,101.0901,5.3991,100.3639,7,4,0.3634
2026-08-14T08:00:00,North-South Expressway (KL-Penang),North-South Expressway (KL-Penang) :: Ipoh->Penang (Butterworth),1,4.5975,101.0901,5.3991,100.3639,8,4,0.4134
2026-08-14T09:00:00,North-South Expressway (KL-Penang),North-South Expressway (KL-Penang) :: Ipoh->Penang (Butterworth),1,4.5975,101.0901,5.3991,100.3639,9,4,0.3914
2026-08-14T10:00:00,North-South Expressway (KL-Penang),North-South Expressway (KL-Penang) :: Ipoh->Penang (Butterworth),1,4.5975,101.0901,5.3991,100.3639,10,4,0.2675
2026-08-14T11:00:00,North-South Expressway (KL-Penang),North-South Expressway (KL-Penang) :: Ipoh->Penang (Butterworth),1,4.5975,101.0901,5.3991,100.3639,11,4,0.1926
2026-08-14T12:00:00,North-South Expressway (KL-Penang),North-South Expressway (KL-Penang) :: Ipoh->Penang (Butterworth),1,4.5975,101.0901,5.3991,100.3639,12,4,0.204
2026-08-14T13:00:00,North-South Expressway (KL-Penang),North-South Expressway (KL-Penang) :: Ipoh->Penang (Butterworth),1,4.5975,101.0901,5.3991,100.3639,13,4,0.175
2026-08-14T14:00:00,North-South Expressway (KL-Penang),North-South Expressway (KL-Penang) :: Ipoh->Penang (Butterworth),1,4.5975,101.0901,5.3991,100.3639,14,4,0.1449
2026-08-14T15:00:00,North-South Expressway (KL-Penang),North-South Expressway (KL-Penang) :: Ipoh->Penang (Butterworth),1,4.5975,101.0901,5.3991,100.3639,15,4,0.1942
2026-08-14T16:00:00,North-South Expressway (KL-Penang),North-South Expressway (KL-Penang) :: Ipoh->Penang (Butterworth),1,4.5975,101.0901,5.3991,100.3639,16,4,0.3503
2026-08-14T17:00:00,North-South Expressway (KL-Penang),North-South Expressway (KL-Penang) :: Ipoh->Penang (Butterworth),1,4.5975,101.0901,5.3991,100.3639,17,4,0.5438
2026-08-14T18:00:00,North-South Expressway (KL-Penang),North-South Expressway (KL-Penang) :: Ipoh->Penang (Butterworth),1,4.5975,101.0901,5.3991,100.3639,18,4,0.5476
2026-08-14T19:00:00,North-South Expressway (KL-Penang),North-South Expressway (KL-Penang) :: Ipoh->Penang (Butterworth),1,4.5975,101.0901,5.3991,100.3639,19,4,0.4393
2026-08-14T20:00:00,North-South Expressway (KL-Penang),North-South Expressway (KL-Penang) :: Ipoh->Penang (Butterworth),1,4.5975,101.0901,5.3991,100.3639,20,4,0.2602
2026-08-14T21:00:00,North-South Expressway (KL-Penang),North-South Expressway (KL-Penang) :: Ipoh->Penang (Butterworth),1,4.5975,101.0901,5.3991,100.3639,21,4,0.1194
2026-08-14T22:00:00,North-South Expressway (KL-Penang),North-South Expressway (KL-Penang) :: Ipoh->Penang (Butterworth),1,4.5975,101.0901,5.3991,100.3639,22,4,0.1963
2026-08-14T23:00:00,North-South Expressway (KL-Penang),North-South Expressway (KL-Penang) :: Ipoh->Penang (Butterworth),1,4.5975,101.0901,5.3991,100.3639,23,4,0.1774
2026-08-15T00:00:00,North-South Expressway (KL-Penang),North-South Expressway (KL-Penang) :: Ipoh->Penang (Butterworth),1,4.5975,101.0901,5.3991,100.3639,0,5,0.1746
2026-08-15T01:00:00,North-South Expressway (KL-Penang),North-South Expressway (KL-Penang) :: Ipoh->Penang (Butterworth),1,4.5975,101.0901,5.3991,100.3639,1,5,0.1323
2026-08-15T02:00:00,North-South Expressway (KL-Penang),North-South Expressway (KL-Penang) :: Ipoh->Penang (Butterworth),1,4.5975,101.0901,5.3991,100.3639,2,5,0.2245
2026-08-15T03:00:00,North-South Expressway (KL-Penang),North-South Expressway (KL-Penang) :: Ipoh->Penang (Butterworth),1,4.5975,101.0901,5.3991,100.3639,3,5,0.1116
2026-08-15T04:00:00,North-South Expressway (KL-Penang),North-South Expressway (KL-Penang) :: Ipoh->Penang (Butterworth),1,4.5975,101.0901,5.3991,100.3639,4,5,0.2039
2026-08-15T05:00:00,North-South Expressway (KL-Penang),North-South Expressway (KL-Penang) :: Ipoh->Penang (Butterworth),1,4.5975,101.0901,5.3991,100.3639,5,5,0.1756
2026-08-15T06:00:00,North-South Expressway (KL-Penang),North-South Expressway (KL-Penang) :: Ipoh->Penang (Butterworth),1,4.5975,101.0901,5.3991,100.3639,6,5,0.2359
2026-08-15T07:00:00,North-South Expressway (KL-Penang),North-South Expressway (KL-Penang) :: Ipoh->Penang (Butterworth),1,4.5975,101.0901,5.3991,100.3639,7,5,0.4559
2026-08-15T08:00:00,North-South Expressway (KL-Penang),North-South Expressway (KL-Penang) :: Ipoh->Penang (Butterworth),1,4.5975,101.0901,5.3991,100.3639,8,5,0.5246
2026-08-15T09:00:00,North-South Expressway (KL-Penang),North-South Expressway (KL-Penang) :: Ipoh->Penang (Butterworth),1,4.5975,101.0901,5.3991,100.3639,9,5,0.4418
2026-08-15T10:00:00,North-South Expressway (KL-Penang),North-South Expressway (KL-Penang) :: Ipoh->Penang (Butterworth),1,4.5975,101.0901,5.3991,100.3639,10,5,0.2773
2026-08-15T11:00:00,North-South Expressway (KL-Penang),North-South Expressway (KL-Penang) :: Ipoh->Penang (Butterworth),1,4.5975,101.0901,5.3991,100.3639,11,5,0.1757
2026-08-15T12:00:00,North-South Expressway (KL-Penang),North-South Expressway (KL-Penang) :: Ipoh->Penang (Butterworth),1,4.5975,101.0901,5.3991,100.3639,12,5,0.2902
2026-08-15T13:00:00,North-South Expressway (KL-Penang),North-South Expressway (KL-Penang) :: Ipoh->Penang (Butterworth),1,4.5975,101.0901,5.3991,100.3639,13,5,0.2144
2026-08-15T14:00:00,North-South Expressway (KL-Penang),North-South Expressway (KL-Penang) :: Ipoh->Penang (Butterworth),1,4.5975,101.0901,5.3991,100.3639,14,5,0.1997
2026-08-15T15:00:00,North-South Expressway (KL-Penang),North-South Expressway (KL-Penang) :: Ipoh->Penang (Butterworth),1,4.5975,101.0901,5.3991,100.3639,15,5,0.2128
2026-08-15T16:00:00,North-South Expressway (KL-Penang),North-South Expressway (KL-Penang) :: Ipoh->Penang (Butterworth),1,4.5975,101.0901,5.3991,100.3639,16,5,0.3802
2026-08-15T17:00:00,North-South Expressway (KL-Penang),North-South Expressway (KL-Penang) :: Ipoh->Penang (Butterworth),1,4.5975,101.0901,5.3991,100.3639,17,5,0.4986
2026-08-15T18:00:00,North-South Expressway (KL-Penang),North-South Expressway (KL-Penang) :: Ipoh->Penang (Butterworth),1,4.5975,101.0901,5.3991,100.3639,18,5,0.5416
2026-08-15T19:00:00,North-South Expressway (KL-Penang),North-South Expressway (KL-Penang) :: Ipoh->Penang (Butterworth),1,4.5975,101.0901,5.3991,100.3639,19,5,0.4493
2026-08-15T20:00:00,North-South Expressway (KL-Penang),North-South Expressway (KL-Penang) :: Ipoh->Penang (Butterworth),1,4.5975,101.0901,5.3991,100.3639,20,5,0.3149
2026-08-15T21:00:00,North-South Expressway (KL-Penang),North-South Expressway (KL-Penang) :: Ipoh->Penang (Butterworth),1,4.5975,101.0901,5.3991,100.3639,21,5,0.0159
2026-08-15T22:00:00,North-South Expressway (KL-Penang),North-South Expressway (KL-Penang) :: Ipoh->Penang (Butterworth),1,4.5975,101.0901,5.3991,100.3639,22,5,0.1689
2026-08-15T23:00:00,North-South Expressway (KL-Penang),North-South Expressway (KL-Penang) :: Ipoh->Penang (Butterworth),1,4.5975,101.0901,5.3991,100.3639,23,5,0.1134
2026-08-16T00:00:00,North-South Expressway (KL-Penang),North-South Expressway (KL-Penang) :: Ipoh->Penang (Butterworth),1,4.5975,101.0901,5.3991,100.3639,0,6,0.2356
2026-08-16T01:00:00,North-South Expressway (KL-Penang),North-South Expressway (KL-Penang) :: Ipoh->Penang (Butterworth),1,4.5975,101.0901,5.3991,100.3639,1,6,0.1412
2026-08-16T02:00:00,North-South Expressway (KL-Penang),North-South Expressway (KL-Penang) :: Ipoh->Penang (Butterworth),1,4.5975,101.0901,5.3991,100.3639,2,6,0.0687
2026-08-16T03:00:00,North-South Expressway (KL-Penang),North-South Expressway (KL-Penang) :: Ipoh->Penang (Butterworth),1,4.5975,101.0901,5.3991,100.3639,3,6,0.1377
2026-08-16T04:00:00,North-South Expressway (KL-Penang),North-South Expressway (KL-Penang) :: Ipoh->Penang (Butterworth),1,4.5975,101.0901,5.3991,100.3639,4,6,0.0838
2026-08-16T05:00:00,North-South Expressway (KL-Penang),North-South Expressway (KL-Penang) :: Ipoh->Penang (Butterworth),1,4.5975,101.0901,5.3991,100.3639,5,6,0.2063
2026-08-16T06:00:00,North-South Expressway (KL-Penang),North-South Expressway (KL-Penang) :: Ipoh->Penang (Butterworth),1,4.5975,101.0901,5.3991,100.3639,6,6,0.2899
2026-08-16T07:00:00,North-South Expressway (KL-Penang),North-South Expressway (KL-Penang) :: Ipoh->Penang (Butterworth),1,4.5975,101.0901,5.3991,100.3639,7,6,0.4778
2026-08-16T08:00:00,North-South Expressway (KL-Penang),North-South Expressway (KL-Penang) :: Ipoh->Penang (Butterworth),1,4.5975,101.0901,5.3991,100.3639,8,6,0.4525
2026-08-16T09:00:00,North-South Expressway (KL-Penang),North-South Expressway (KL-Penang) :: Ipoh->Penang (Butterworth),1,4.5975,101.0901,5.3991,100.3639,9,6,0.4224
2026-08-16T10:00:00,North-South Expressway (KL-Penang),North-South Expressway (KL-Penang) :: Ipoh->Penang (Butterworth),1,4.5975,101.0901,5.3991,100.3639,10,6,0.1905
2026-08-16T11:00:00,North-South Expressway (KL-Penang),North-South Expressway (KL-Penang) :: Ipoh->Penang (Butterworth),1,4.5975,101.0901,5.3991,100.3639,11,6,0.2201
2026-08-16T12:00:00,North-South Expressway (KL-Penang),North-South Expressway (KL-Penang) :: Ipoh->Penang (Butterworth),1,4.5975,101.0901,5.3991,100.3639,12,6,0.178
2026-08-16T13:00:00,North-South Expressway (KL-Penang),North-South Expressway (KL-Penang) :: Ipoh->Penang (Butterworth),1,4.5975,101.0901,5.3991,100.3639,13,6,0.1731
2026-08-16T14:00:00,North-South Expressway (KL-Penang),North-South Expressway (KL-Penang) :: Ipoh->Penang (Butterworth),1,4.5975,101.0901,5.3991,100.3639,14,6,0.1564
2026-08-16T15:00:00,North-South Expressway (KL-Penang),North-South Expressway (KL-Penang) :: Ipoh->Penang (Butterworth),1,4.5975,101.0901,5.3991,100.3639,15,6,0.231
2026-08-16T16:00:00,North-South Expressway (KL-Penang),North-South Expressway (KL-Penang) :: Ipoh->Penang (Butterworth),1,4.5975,101.0901,5.3991,100.3639,16,6,0.416
2026-08-16T17:00:00,North-South Expressway (KL-Penang),North-South Expressway (KL-Penang) :: Ipoh->Penang (Butterworth),1,4.5975,101.0901,5.3991,100.3639,17,6,0.4504
2026-08-16T18:00:00,North-South Expressway (KL-Penang),North-South Expressway (KL-Penang) :: Ipoh->Penang (Butterworth),1,4.5975,101.0901,5.3991,100.3639,18,6,0.5483
2026-08-16T19:00:00,North-South Expressway (KL-Penang),North-South Expressway (KL-Penang) :: Ipoh->Penang (Butterworth),1,4.5975,101.0901,5.3991,100.3639,19,6,0.4023
2026-08-16T20:00:00,North-South Expressway (KL-Penang),North-South Expressway (KL-Penang) :: Ipoh->Penang (Butterworth),1,4.5975,101.0901,5.3991,100.3639,20,6,0.2676
2026-08-16T21:00:00,North-South Expressway (KL-Penang),North-South Expressway (KL-Penang) :: Ipoh->Penang (Butterworth),1,4.5975,101.0901,5.3991,100.3639,21,6,0.212
2026-08-16T22:00:00,North-South Expressway (KL-Penang),North-South Expressway (KL-Penang) :: Ipoh->Penang (Butterworth),1,4.5975,101.0901,5.3991,100.3639,22,6,0.2225
2026-08-16T23:00:00,North-South Expressway (KL-Penang),North-South Expressway (KL-Penang) :: Ipoh->Penang (Butterworth),1,4.5975,101.0901,5.3991,100.3639,23,6,0.1273
2026-08-17T00:00:00,North-South Expressway (KL-Penang),North-South Expressway (KL-Penang) :: Ipoh->Penang (Butterworth),1,4.5975,101.0901,5.3991,100.3639,0,0,0.1258
2026-08-17T01:00:00,North-South Expressway (KL-Penang),North-South Expressway (KL-Penang) :: Ipoh->Penang (Butterworth),1,4.5975,101.0901,5.3991,100.3639,1,0,0.1156
2026-08-17T02:00:00,North-South Expressway (KL-Penang),North-South Expressway (KL-Penang) :: Ipoh->Penang (Butterworth),1,4.5975,101.0901,5.3991,100.3639,2,0,0.108
2026-08-17T03:00:00,North-South Expressway (KL-Penang),North-South Expressway (KL-Penang) :: Ipoh->Penang (Butterworth),1,4.5975,101.0901,5.3991,100.3639,3,0,0.1584
2026-08-17T04:00:00,North-South Expressway (KL-Penang),North-South Expressway (KL-Penang) :: Ipoh->Penang (Butterworth),1,4.5975,101.0901,5.3991,100.3639,4,0,0.0568
2026-08-17T05:00:00,North-South Expressway (KL-Penang),North-South Expressway (KL-Penang) :: Ipoh->Penang (Butterworth),1,4.5975,101.0901,5.3991,100.3639,5,0,0.2548
2026-08-17T06:00:00,North-South Expressway (KL-Penang),North-South Expressway (KL-Penang) :: Ipoh->Penang (Butterworth),1,4.5975,101.0901,5.3991,100.3639,6,0,0.2325
2026-08-17T07:00:00,North-South Expressway (KL-Penang),North-South Expressway (KL-Penang) :: Ipoh->Penang (Butterworth),1,4.5975,101.0901,5.3991,100.3639,7,0,0.4637
2026-08-17T08:00:00,North-South Expressway (KL-Penang),North-South Expressway (KL-Penang) :: Ipoh->Penang (Butterworth),1,4.5975,101.0901,5.3991,100.3639,8,0,0.4238
2026-08-17T09:00:00,North-South Expressway (KL-Penang),North-South Expressway (KL-Penang) :: Ipoh->Penang (Butterworth),1,4.5975,101.0901,5.3991,100.3639,9,0,0.4605
2026-08-17T10:00:00,North-South Expressway (KL-Penang),North-South Expressway (KL-Penang) :: Ipoh->Penang (Butterworth),1,4.5975,101.0901,5.3991,100.3639,10,0,0.3128
2026-08-17T11:00:00,North-South Expressway (KL-Penang),North-South Expressway (KL-Penang) :: Ipoh->Penang (Butterworth),1,4.5975,101.0901,5.3991,100.3639,11,0,0.201
2026-08-17T12:00:00,North-South Expressway (KL-Penang),North-South Expressway (KL-Penang) :: Ipoh->Penang (Butterworth),1,4.5975,101.0901,5.3991,100.3639,12,0,0.0872
2026-08-17T13:00:00,North-South Expressway (KL-Penang),North-South Expressway (KL-Penang) :: Ipoh->Penang (Butterworth),1,4.5975,101.0901,5.3991,100.3639,13,0,0.1584
2026-08-17T14:00:00,North-South Expressway (KL-Penang),North-South Expressway (KL-Penang) :: Ipoh->Penang (Butterworth),1,4.5975,101.0901,5.3991,100.3639,14,0,0.0854
2026-08-17T15:00:00,North-South Expressway (KL-Penang),North-South Expressway (KL-Penang) :: Ipoh->Penang (Butterworth),1,4.5975,101.0901,5.3991,100.3639,15,0,0.191
2026-08-17T16:00:00,North-South Expressway (KL-Penang),North-South Expressway (KL-Penang) :: Ipoh->Penang (Butterworth),1,4.5975,101.0901,5.3991,100.3639,16,0,0.3815
2026-08-17T17:00:00,North-South Expressway (KL-Penang),North-South Expressway (KL-Penang) :: Ipoh->Penang (Butterworth),1,4.5975,101.0901,5.3991,100.3639,17,0,0.5153
2026-08-17T18:00:00,North-South Expressway (KL-Penang),North-South Expressway (KL-Penang) :: Ipoh->Penang (Butterworth),1,4.5975,101.0901,5.3991,100.3639,18,0,0.5409
2026-08-17T19:00:00,North-South Expressway (KL-Penang),North-South Expressway (KL-Penang) :: Ipoh->Penang (Butterworth),1,4.5975,101.0901,5.3991,100.3639,19,0,0.409
2026-08-17T20:00:00,North-South Expressway (KL-Penang),North-South Expressway (KL-Penang) :: Ipoh->Penang (Butterworth),1,4.5975,101.0901,5.3991,100.3639,20,0,0.3585
2026-08-17T21:00:00,North-South Expressway (KL-Penang),North-South Expressway (KL-Penang) :: Ipoh->Penang (Butterworth),1,4.5975,101.0901,5.3991,100.3639,21,0,0.2073
2026-08-17T22:00:00,North-South Expressway (KL-Penang),North-South Expressway (KL-Penang) :: Ipoh->Penang (Butterworth),1,4.5975,101.0901,5.3991,100.3639,22,0,0.0171
2026-08-17T23:00:00,North-South Expressway (KL-Penang),North-South Expressway (KL-Penang) :: Ipoh->Penang (Butterworth),1,4.5975,101.0901,5.3991,100.3639,23,0,0.1897
2026-08-18T00:00:00,North-South Expressway (KL-Penang),North-South Expressway (KL-Penang) :: Ipoh->Penang (Butterworth),1,4.5975,101.0901,5.3991,100.3639,0,1,0.1385
2026-08-18T01:00:00,North-South Expressway (KL-Penang),North-South Expressway (KL-Penang) :: Ipoh->Penang (Butterworth),1,4.5975,101.0901,5.3991,100.3639,1,1,0.2121
2026-08-18T02:00:00,North-South Expressway (KL-Penang),North-South Expressway (KL-Penang) :: Ipoh->Penang (Butterworth),1,4.5975,101.0901,5.3991,100.3639,2,1,0.0743
2026-08-18T03:00:00,North-South Expressway (KL-Penang),North-South Expressway (KL-Penang) :: Ipoh->Penang (Butterworth),1,4.5975,101.0901,5.3991,100.3639,3,1,0.0
2026-08-18T04:00:00,North-South Expressway (KL-Penang),North-South Expressway (KL-Penang) :: Ipoh->Penang (Butterworth),1,4.5975,101.0901,5.3991,100.3639,4,1,0.1633
2026-08-18T05:00:00,North-South Expressway (KL-Penang),North-South Expressway (KL-Penang) :: Ipoh->Penang (Butterworth),1,4.5975,101.0901,5.3991,100.3639,5,1,0.1954
2026-08-18T06:00:00,North-South Expressway (KL-Penang),North-South Expressway (KL-Penang) :: Ipoh->Penang (Butterworth),1,4.5975,101.0901,5.3991,100.3639,6,1,0.171
2026-08-18T07:00:00,North-South Expressway (KL-Penang),North-South Expressway (KL-Penang) :: Ipoh->Penang (Butterworth),1,4.5975,101.0901,5.3991,100.3639,7,1,0.3617
2026-08-18T08:00:00,North-South Expressway (KL-Penang),North-South Expressway (KL-Penang) :: Ipoh->Penang (Butterworth),1,4.5975,101.0901,5.3991,100.3639,8,1,0.6653
2026-08-18T09:00:00,North-South Expressway (KL-Penang),North-South Expressway (KL-Penang) :: Ipoh->Penang (Butterworth),1,4.5975,101.0901,5.3991,100.3639,9,1,0.402
2026-08-18T10:00:00,North-South Expressway (KL-Penang),North-South Expressway (KL-Penang) :: Ipoh->Penang (Butterworth),1,4.5975,101.0901,5.3991,100.3639,10,1,0.3163
2026-08-18T11:00:00,North-South Expressway (KL-Penang),North-South Expressway (KL-Penang) :: Ipoh->Penang (Butterworth),1,4.5975,101.0901,5.3991,100.3639,11,1,0.1389
2026-08-18T12:00:00,North-South Expressway (KL-Penang),North-South Expressway (KL-Penang) :: Ipoh->Penang (Butterworth),1,4.5975,101.0901,5.3991,100.3639,12,1,0.0215
2026-08-18T13:00:00,North-South Expressway (KL-Penang),North-South Expressway (KL-Penang) :: Ipoh->Penang (Butterworth),1,4.5975,101.0901,5.3991,100.3639,13,1,0.1332
2026-08-18T14:00:00,North-South Expressway (KL-Penang),North-South Expressway (KL-Penang) :: Ipoh->Penang (Butterworth),1,4.5975,101.0901,5.3991,100.3639,14,1,0.1404
2026-08-18T15:00:00,North-South Expressway (KL-Penang),North-South Expressway (KL-Penang) :: Ipoh->Penang (Butterworth),1,4.5975,101.0901,5.3991,100.3639,15,1,0.1821
2026-08-18T16:00:00,North-South Expressway (KL-Penang),North-South Expressway (KL-Penang) :: Ipoh->Penang (Butterworth),1,4.5975,101.0901,5.3991,100.3639,16,1,0.3129
2026-08-18T17:00:00,North-South Expressway (KL-Penang),North-South Expressway (KL-Penang) :: Ipoh->Penang (Butterworth),1,4.5975,101.0901,5.3991,100.3639,17,1,0.4833
2026-08-18T18:00:00,North-South Expressway (KL-Penang),North-South Expressway (KL-Penang) :: Ipoh->Penang (Butterworth),1,4.5975,101.0901,5.3991,100.3639,18,1,0.531
2026-08-18T19:00:00,North-South Expressway (KL-Penang),North-South Expressway (KL-Penang) :: Ipoh->Penang (Butterworth),1,4.5975,101.0901,5.3991,100.3639,19,1,0.3917
2026-08-18T20:00:00,North-South Expressway (KL-Penang),North-South Expressway (KL-Penang) :: Ipoh->Penang (Butterworth),1,4.5975,101.0901,5.3991,100.3639,20,1,0.3489
2026-08-18T21:00:00,North-South Expressway (KL-Penang),North-South Expressway (KL-Penang) :: Ipoh->Penang (Butterworth),1,4.5975,101.0901,5.3991,100.3639,21,1,0.0892
2026-08-18T22:00:00,North-South Expressway (KL-Penang),North-South Expressway (KL-Penang) :: Ipoh->Penang (Butterworth),1,4.5975,101.0901,5.3991,100.3639,22,1,0.0333
2026-08-18T23:00:00,North-South Expressway (KL-Penang),North-South Expressway (KL-Penang) :: Ipoh->Penang (Butterworth),1,4.5975,101.0901,5.3991,100.3639,23,1,0.187
2026-08-19T00:00:00,North-South Expressway (KL-Penang),North-South Expressway (KL-Penang) :: Ipoh->Penang (Butterworth),1,4.5975,101.0901,5.3991,100.3639,0,2,0.1704
2026-08-19T01:00:00,North-South Expressway (KL-Penang),North-South Expressway (KL-Penang) :: Ipoh->Penang (Butterworth),1,4.5975,101.0901,5.3991,100.3639,1,2,0.1366
2026-08-19T02:00:00,North-South Expressway (KL-Penang),North-South Expressway (KL-Penang) :: Ipoh->Penang (Butterworth),1,4.5975,101.0901,5.3991,100.3639,2,2,0.0563
2026-08-19T03:00:00,North-South Expressway (KL-Penang),North-South Expressway (KL-Penang) :: Ipoh->Penang (Butterworth),1,4.5975,101.0901,5.3991,100.3639,3,2,0.0982
2026-08-19T04:00:00,North-South Expressway (KL-Penang),North-South Expressway (KL-Penang) :: Ipoh->Penang (Butterworth),1,4.5975,101.0901,5.3991,100.3639,4,2,0.1308
2026-08-19T05:00:00,North-South Expressway (KL-Penang),North-South Expressway (KL-Penang) :: Ipoh->Penang (Butterworth),1,4.5975,101.0901,5.3991,100.3639,5,2,0.0822
2026-08-19T06:00:00,North-South Expressway (KL-Penang),North-South Expressway (KL-Penang) :: Ipoh->Penang (Butterworth),1,4.5975,101.0901,5.3991,100.3639,6,2,0.2281
2026-08-19T07:00:00,North-South Expressway (KL-Penang),North-South Expressway (KL-Penang) :: Ipoh->Penang (Butterworth),1,4.5975,101.0901,5.3991,100.3639,7,2,0.4595
2026-08-19T08:00:00,North-South Expressway (KL-Penang),North-South Expressway (KL-Penang) :: Ipoh->Penang (Butterworth),1,4.5975,101.0901,5.3991,100.3639,8,2,0.5856
2026-08-19T09:00:00,North-South Expressway (KL-Penang),North-South Expressway (KL-Penang) :: Ipoh->Penang (Butterworth),1,4.5975,101.0901,5.3991,100.3639,9,2,0.3952
2026-08-19T10:00:00,North-South Expressway (KL-Penang),North-South Expressway (KL-Penang) :: Ipoh->Penang (Butterworth),1,4.5975,101.0901,5.3991,100.3639,10,2,0.3178
2026-08-19T11:00:00,North-South Expressway (KL-Penang),North-South Expressway (KL-Penang) :: Ipoh->Penang (Butterworth),1,4.5975,101.0901,5.3991,100.3639,11,2,0.0631
2026-08-19T12:00:00,North-South Expressway (KL-Penang),North-South Expressway (KL-Penang) :: Ipoh->Penang (Butterworth),1,4.5975,101.0901,5.3991,100.3639,12,2,0.1865
2026-08-19T13:00:00,North-South Expressway (KL-Penang),North-South Expressway (KL-Penang) :: Ipoh->Penang (Butterworth),1,4.5975,101.0901,5.3991,100.3639,13,2,0.0952
2026-08-19T14:00:00,North-South Expressway (KL-Penang),North-South Expressway (KL-Penang) :: Ipoh->Penang (Butterworth),1,4.5975,101.0901,5.3991,100.3639,14,2,0.1748
2026-08-19T15:00:00,North-South Expressway (KL-Penang),North-South Expressway (KL-Penang) :: Ipoh->Penang (Butterworth),1,4.5975,101.0901,5.3991,100.3639,15,2,0.1913
2026-08-19T16:00:00,North-South Expressway (KL-Penang),North-South Expressway (KL-Penang) :: Ipoh->Penang (Butterworth),1,4.5975,101.0901,5.3991,100.3639,16,2,0.399
2026-08-19T17:00:00,North-South Expressway (KL-Penang),North-South Expressway (KL-Penang) :: Ipoh->Penang (Butterworth),1,4.5975,101.0901,5.3991,100.3639,17,2,0.415
2026-08-19T18:00:00,North-South Expressway (KL-Penang),North-South Expressway (KL-Penang) :: Ipoh->Penang (Butterworth),1,4.5975,101.0901,5.3991,100.3639,18,2,0.5777
2026-08-19T19:00:00,North-South Expressway (KL-Penang),North-South Expressway (KL-Penang) :: Ipoh->Penang (Butterworth),1,4.5975,101.0901,5.3991,100.3639,19,2,0.4507
2026-08-19T20:00:00,North-South Expressway (KL-Penang),North-South Expressway (KL-Penang) :: Ipoh->Penang (Butterworth),1,4.5975,101.0901,5.3991,100.3639,20,2,0.3102
2026-08-19T21:00:00,North-South Expressway (KL-Penang),North-South Expressway (KL-Penang) :: Ipoh->Penang (Butterworth),1,4.5975,101.0901,5.3991,100.3639,21,2,0.1951
2026-08-19T22:00:00,North-South Expressway (KL-Penang),North-South Expressway (KL-Penang) :: Ipoh->Penang (Butterworth),1,4.5975,101.0901,5.3991,100.3639,22,2,0.1056
2026-08-19T23:00:00,North-South Expressway (KL-Penang),North-South Expressway (KL-Penang) :: Ipoh->Penang (Butterworth),1,4.5975,101.0901,5.3991,100.3639,23,2,0.1418
2026-08-20T00:00:00,North-South Expressway (KL-Penang),North-South Expressway (KL-Penang) :: Ipoh->Penang (Butterworth),1,4.5975,101.0901,5.3991,100.3639,0,3,0.1362
2026-08-20T01:00:00,North-South Expressway (KL-Penang),North-South Expressway (KL-Penang) :: Ipoh->Penang (Butterworth),1,4.5975,101.0901,5.3991,100.3639,1,3,0.1545
2026-08-20T02:00:00,North-South Expressway (KL-Penang),North-South Expressway (KL-Penang) :: Ipoh->Penang (Butterworth),1,4.5975,101.0901,5.3991,100.3639,2,3,0.1451
2026-08-20T03:00:00,North-South Expressway (KL-Penang),North-South Expressway (KL-Penang) :: Ipoh->Penang (Butterworth),1,4.5975,101.0901,5.3991,100.3639,3,3,0.1886
2026-08-20T04:00:00,North-South Expressway (KL-Penang),North-South Expressway (KL-Penang) :: Ipoh->Penang (Butterworth),1,4.5975,101.0901,5.3991,100.3639,4,3,0.202
2026-08-20T05:00:00,North-South Expressway (KL-Penang),North-South Expressway (KL-Penang) :: Ipoh->Penang (Butterworth),1,4.5975,101.0901,5.3991,100.3639,5,3,0.1149
2026-08-20T06:00:00,North-South Expressway (KL-Penang),North-South Expressway (KL-Penang) :: Ipoh->Penang (Butterworth),1,4.5975,101.0901,5.3991,100.3639,6,3,0.3246
2026-08-20T07:00:00,North-South Expressway (KL-Penang),North-South Expressway (KL-Penang) :: Ipoh->Penang (Butterworth),1,4.5975,101.0901,5.3991,100.3639,7,3,0.3492
2026-08-20T08:00:00,North-South Expressway (KL-Penang),North-South Expressway (KL-Penang) :: Ipoh->Penang (Butterworth),1,4.5975,101.0901,5.3991,100.3639,8,3,0.5353
2026-08-20T09:00:00,North-South Expressway (KL-Penang),North-South Expressway (KL-Penang) :: Ipoh->Penang (Butterworth),1,4.5975,101.0901,5.3991,100.3639,9,3,0.4576
2026-08-20T10:00:00,North-South Expressway (KL-Penang),North-South Expressway (KL-Penang) :: Ipoh->Penang (Butterworth),1,4.5975,101.0901,5.3991,100.3639,10,3,0.1578
2026-08-20T11:00:00,North-South Expressway (KL-Penang),North-South Expressway (KL-Penang) :: Ipoh->Penang (Butterworth),1,4.5975,101.0901,5.3991,100.3639,11,3,0.1835
2026-08-20T12:00:00,North-South Expressway (KL-Penang),North-South Expressway (KL-Penang) :: Ipoh->Penang (Butterworth),1,4.5975,101.0901,5.3991,100.3639,12,3,0.1188
2026-08-20T13:00:00,North-South Expressway (KL-Penang),North-South Expressway (KL-Penang) :: Ipoh->Penang (Butterworth),1,4.5975,101.0901,5.3991,100.3639,13,3,0.0979
2026-08-20T14:00:00,North-South Expressway (KL-Penang),North-South Expressway (KL-Penang) :: Ipoh->Penang (Butterworth),1,4.5975,101.0901,5.3991,100.3639,14,3,0.2374
2026-08-20T15:00:00,North-South Expressway (KL-Penang),North-South Expressway (KL-Penang) :: Ipoh->Penang (Butterworth),1,4.5975,101.0901,5.3991,100.3639,15,3,0.1669
2026-08-20T16:00:00,North-South Expressway (KL-Penang),North-South Expressway (KL-Penang) :: Ipoh->Penang (Butterworth),1,4.5975,101.0901,5.3991,100.3639,16,3,0.2713
2026-08-20T17:00:00,North-South Expressway (KL-Penang),North-South Expressway (KL-Penang) :: Ipoh->Penang (Butterworth),1,4.5975,101.0901,5.3991,100.3639,17,3,0.472
2026-08-20T18:00:00,North-South Expressway (KL-Penang),North-South Expressway (KL-Penang) :: Ipoh->Penang (Butterworth),1,4.5975,101.0901,5.3991,100.3639,18,3,0.5811
2026-08-20T19:00:00,North-South Expressway (KL-Penang),North-South Expressway (KL-Penang) :: Ipoh->Penang (Butterworth),1,4.5975,101.0901,5.3991,100.3639,19,3,0.459
2026-08-20T20:00:00,North-South Expressway (KL-Penang),North-South Expressway (KL-Penang) :: Ipoh->Penang (Butterworth),1,4.5975,101.0901,5.3991,100.3639,20,3,0.3897
2026-08-20T21:00:00,North-South Expressway (KL-Penang),North-South Expressway (KL-Penang) :: Ipoh->Penang (Butterworth),1,4.5975,101.0901,5.3991,100.3639,21,3,0.238
2026-08-20T22:00:00,North-South Expressway (KL-Penang),North-South Expressway (KL-Penang) :: Ipoh->Penang (Butterworth),1,4.5975,101.0901,5.3991,100.3639,22,3,0.0256
2026-08-20T23:00:00,North-South Expressway (KL-Penang),North-South Expressway (KL-Penang) :: Ipoh->Penang (Butterworth),1,4.5975,101.0901,5.3991,100.3639,23,3,0.1109
2026-08-21T00:00:00,North-South Expressway (KL-Penang),North-South Expressway (KL-Penang) :: Ipoh->Penang (Butterworth),1,4.5975,101.0901,5.3991,100.3639,0,4,0.1063
2026-08-21T01:00:00,North-South Expressway (KL-Penang),North-South Expressway (KL-Penang) :: Ipoh->Penang (Butterworth),1,4.5975,101.0901,5.3991,100.3639,1,4,0.1688
2026-08-21T02:00:00,North-South Expressway (KL-Penang),North-South Expressway (KL-Penang) :: Ipoh->Penang (Butterworth),1,4.5975,101.0901,5.3991,100.3639,2,4,0.0
2026-08-21T03:00:00,North-South Expressway (KL-Penang),North-South Expressway (KL-Penang) :: Ipoh->Penang (Butterworth),1,4.5975,101.0901,5.3991,100.3639,3,4,0.2936
2026-08-21T04:00:00,North-South Expressway (KL-Penang),North-South Expressway (KL-Penang) :: Ipoh->Penang (Butterworth),1,4.5975,101.0901,5.3991,100.3639,4,4,0.1785
2026-08-21T05:00:00,North-South Expressway (KL-Penang),North-South Expressway (KL-Penang) :: Ipoh->Penang (Butterworth),1,4.5975,101.0901,5.3991,100.3639,5,4,0.1869
2026-08-21T06:00:00,North-South Expressway (KL-Penang),North-South Expressway (KL-Penang) :: Ipoh->Penang (Butterworth),1,4.5975,101.0901,5.3991,100.3639,6,4,0.3433
2026-08-21T07:00:00,North-South Expressway (KL-Penang),North-South Expressway (KL-Penang) :: Ipoh->Penang (Butterworth),1,4.5975,101.0901,5.3991,100.3639,7,4,0.561
2026-08-21T08:00:00,North-South Expressway (KL-Penang),North-South Expressway (KL-Penang) :: Ipoh->Penang (Butterworth),1,4.5975,101.0901,5.3991,100.3639,8,4,0.5522
2026-08-21T09:00:00,North-South Expressway (KL-Penang),North-South Expressway (KL-Penang) :: Ipoh->Penang (Butterworth),1,4.5975,101.0901,5.3991,100.3639,9,4,0.4773
2026-08-21T10:00:00,North-South Expressway (KL-Penang),North-South Expressway (KL-Penang) :: Ipoh->Penang (Butterworth),1,4.5975,101.0901,5.3991,100.3639,10,4,0.2803
2026-08-21T11:00:00,North-South Expressway (KL-Penang),North-South Expressway (KL-Penang) :: Ipoh->Penang (Butterworth),1,4.5975,101.0901,5.3991,100.3639,11,4,0.1695
2026-08-21T12:00:00,North-South Expressway (KL-Penang),North-South Expressway (KL-Penang) :: Ipoh->Penang (Butterworth),1,4.5975,101.0901,5.3991,100.3639,12,4,0.1183
2026-08-21T13:00:00,North-South Expressway (KL-Penang),North-South Expressway (KL-Penang) :: Ipoh->Penang (Butterworth),1,4.5975,101.0901,5.3991,100.3639,13,4,0.0938
2026-08-21T14:00:00,North-South Expressway (KL-Penang),North-South Expressway (KL-Penang) :: Ipoh->Penang (Butterworth),1,4.5975,101.0901,5.3991,100.3639,14,4,0.1151
2026-08-21T15:00:00,North-South Expressway (KL-Penang),North-South Expressway (KL-Penang) :: Ipoh->Penang (Butterworth),1,4.5975,101.0901,5.3991,100.3639,15,4,0.1251
2026-08-21T16:00:00,North-South Expressway (KL-Penang),North-South Expressway (KL-Penang) :: Ipoh->Penang (Butterworth),1,4.5975,101.0901,5.3991,100.3639,16,4,0.3152
2026-08-21T17:00:00,North-South Expressway (KL-Penang),North-South Expressway (KL-Penang) :: Ipoh->Penang (Butterworth),1,4.5975,101.0901,5.3991,100.3639,17,4,0.3664
2026-08-21T18:00:00,North-South Expressway (KL-Penang),North-South Expressway (KL-Penang) :: Ipoh->Penang (Butterworth),1,4.5975,101.0901,5.3991,100.3639,18,4,0.5515
2026-08-21T19:00:00,North-South Expressway (KL-Penang),North-South Expressway (KL-Penang) :: Ipoh->Penang (Butterworth),1,4.5975,101.0901,5.3991,100.3639,19,4,0.4653
2026-08-21T20:00:00,North-South Expressway (KL-Penang),North-South Expressway (KL-Penang) :: Ipoh->Penang (Butterworth),1,4.5975,101.0901,5.3991,100.3639,20,4,0.3285
2026-08-21T21:00:00,North-South Expressway (KL-Penang),North-South Expressway (KL-Penang) :: Ipoh->Penang (Butterworth),1,4.5975,101.0901,5.3991,100.3639,21,4,0.1748
2026-08-21T22:00:00,North-South Expressway (KL-Penang),North-South Expressway (KL-Penang) :: Ipoh->Penang (Butterworth),1,4.5975,101.0901,5.3991,100.3639,22,4,0.3409
2026-08-21T23:00:00,North-South Expressway (KL-Penang),North-South Expressway (KL-Penang) :: Ipoh->Penang (Butterworth),1,4.5975,101.0901,5.3991,100.3639,23,4,0.2243
2026-08-22T00:00:00,North-South Expressway (KL-Penang),North-South Expressway (KL-Penang) :: Ipoh->Penang (Butterworth),1,4.5975,101.0901,5.3991,100.3639,0,5,0.0653
2026-08-22T01:00:00,North-South Expressway (KL-Penang),North-South Expressway (KL-Penang) :: Ipoh->Penang (Butterworth),1,4.5975,101.0901,5.3991,100.3639,1,5,0.154
2026-08-22T02:00:00,North-South Expressway (KL-Penang),North-South Expressway (KL-Penang) :: Ipoh->Penang (Butterworth),1,4.5975,101.0901,5.3991,100.3639,2,5,0.1036
2026-08-22T03:00:00,North-South Expressway (KL-Penang),North-South Expressway (KL-Penang) :: Ipoh->Penang (Butterworth),1,4.5975,101.0901,5.3991,100.3639,3,5,0.0798
2026-08-22T04:00:00,North-South Expressway (KL-Penang),North-South Expressway (KL-Penang) :: Ipoh->Penang (Butterworth),1,4.5975,101.0901,5.3991,100.3639,4,5,0.0662
2026-08-22T05:00:00,North-South Expressway (KL-Penang),North-South Expressway (KL-Penang) :: Ipoh->Penang (Butterworth),1,4.5975,101.0901,5.3991,100.3639,5,5,0.2039
2026-08-22T06:00:00,North-South Expressway (KL-Penang),North-South Expressway (KL-Penang) :: Ipoh->Penang (Butterworth),1,4.5975,101.0901,5.3991,100.3639,6,5,0.2316
2026-08-22T07:00:00,North-South Expressway (KL-Penang),North-South Expressway (KL-Penang) :: Ipoh->Penang (Butterworth),1,4.5975,101.0901,5.3991,100.3639,7,5,0.4784
2026-08-22T08:00:00,North-South Expressway (KL-Penang),North-South Expressway (KL-Penang) :: Ipoh->Penang (Butterworth),1,4.5975,101.0901,5.3991,100.3639,8,5,0.5596
2026-08-22T09:00:00,North-South Expressway (KL-Penang),North-South Expressway (KL-Penang) :: Ipoh->Penang (Butterworth),1,4.5975,101.0901,5.3991,100.3639,9,5,0.5028
2026-08-22T10:00:00,North-South Expressway (KL-Penang),North-South Expressway (KL-Penang) :: Ipoh->Penang (Butterworth),1,4.5975,101.0901,5.3991,100.3639,10,5,0.2213
2026-08-22T11:00:00,North-South Expressway (KL-Penang),North-South Expressway (KL-Penang) :: Ipoh->Penang (Butterworth),1,4.5975,101.0901,5.3991,100.3639,11,5,0.2065
2026-08-22T12:00:00,North-South Expressway (KL-Penang),North-South Expressway (KL-Penang) :: Ipoh->Penang (Butterworth),1,4.5975,101.0901,5.3991,100.3639,12,5,0.1848
2026-08-22T13:00:00,North-South Expressway (KL-Penang),North-South Expressway (KL-Penang) :: Ipoh->Penang (Butterworth),1,4.5975,101.0901,5.3991,100.3639,13,5,0.1149
2026-08-22T14:00:00,North-South Expressway (KL-Penang),North-South Expressway (KL-Penang) :: Ipoh->Penang (Butterworth),1,4.5975,101.0901,5.3991,100.3639,14,5,0.11
2026-08-22T15:00:00,North-South Expressway (KL-Penang),North-South Expressway (KL-Penang) :: Ipoh->Penang (Butterworth),1,4.5975,101.0901,5.3991,100.3639,15,5,0.3027
2026-08-22T16:00:00,North-South Expressway (KL-Penang),North-South Expressway (KL-Penang) :: Ipoh->Penang (Butterworth),1,4.5975,101.0901,5.3991,100.3639,16,5,0.3334
2026-08-22T17:00:00,North-South Expressway (KL-Penang),North-South Expressway (KL-Penang) :: Ipoh->Penang (Butterworth),1,4.5975,101.0901,5.3991,100.3639,17,5,0.5057
2026-08-22T18:00:00,North-South Expressway (KL-Penang),North-South Expressway (KL-Penang) :: Ipoh->Penang (Butterworth),1,4.5975,101.0901,5.3991,100.3639,18,5,0.4907
2026-08-22T19:00:00,North-South Expressway (KL-Penang),North-South Expressway (KL-Penang) :: Ipoh->Penang (Butterworth),1,4.5975,101.0901,5.3991,100.3639,19,5,0.3943
2026-08-22T20:00:00,North-South Expressway (KL-Penang),North-South Expressway (KL-Penang) :: Ipoh->Penang (Butterworth),1,4.5975,101.0901,5.3991,100.3639,20,5,0.2856
2026-08-22T21:00:00,North-South Expressway (KL-Penang),North-South Expressway (KL-Penang) :: Ipoh->Penang (Butterworth),1,4.5975,101.0901,5.3991,100.3639,21,5,0.1987
2026-08-22T22:00:00,North-South Expressway (KL-Penang),North-South Expressway (KL-Penang) :: Ipoh->Penang (Butterworth),1,4.5975,101.0901,5.3991,100.3639,22,5,0.0925
2026-08-22T23:00:00,North-South Expressway (KL-Penang),North-South Expressway (KL-Penang) :: Ipoh->Penang (Butterworth),1,4.5975,101.0901,5.3991,100.3639,23,5,0.1421
2026-08-23T00:00:00,North-South Expressway (KL-Penang),North-South Expressway (KL-Penang) :: Ipoh->Penang (Butterworth),1,4.5975,101.0901,5.3991,100.3639,0,6,0.0387
2026-08-23T01:00:00,North-South Expressway (KL-Penang),North-South Expressway (KL-Penang) :: Ipoh->Penang (Butterworth),1,4.5975,101.0901,5.3991,100.3639,1,6,0.0728
2026-08-23T02:00:00,North-South Expressway (KL-Penang),North-South Expressway (KL-Penang) :: Ipoh->Penang (Butterworth),1,4.5975,101.0901,5.3991,100.3639,2,6,0.1803
2026-08-23T03:00:00,North-South Expressway (KL-Penang),North-South Expressway (KL-Penang) :: Ipoh->Penang (Butterworth),1,4.5975,101.0901,5.3991,100.3639,3,6,0.1769
2026-08-23T04:00:00,North-South Expressway (KL-Penang),North-South Expressway (KL-Penang) :: Ipoh->Penang (Butterworth),1,4.5975,101.0901,5.3991,100.3639,4,6,0.1231
2026-08-23T05:00:00,North-South Expressway (KL-Penang),North-South Expressway (KL-Penang) :: Ipoh->Penang (Butterworth),1,4.5975,101.0901,5.3991,100.3639,5,6,0.1169
2026-08-23T06:00:00,North-South Expressway (KL-Penang),North-South Expressway (KL-Penang) :: Ipoh->Penang (Butterworth),1,4.5975,101.0901,5.3991,100.3639,6,6,0.2108
2026-08-23T07:00:00,North-South Expressway (KL-Penang),North-South Expressway (KL-Penang) :: Ipoh->Penang (Butterworth),1,4.5975,101.0901,5.3991,100.3639,7,6,0.398
2026-08-23T08:00:00,North-South Expressway (KL-Penang),North-South Expressway (KL-Penang) :: Ipoh->Penang (Butterworth),1,4.5975,101.0901,5.3991,100.3639,8,6,0.5387
2026-08-23T09:00:00,North-South Expressway (KL-Penang),North-South Expressway (KL-Penang) :: Ipoh->Penang (Butterworth),1,4.5975,101.0901,5.3991,100.3639,9,6,0.4761
2026-08-23T10:00:00,North-South Expressway (KL-Penang),North-South Expressway (KL-Penang) :: Ipoh->Penang (Butterworth),1,4.5975,101.0901,5.3991,100.3639,10,6,0.2426
2026-08-23T11:00:00,North-South Expressway (KL-Penang),North-South Expressway (KL-Penang) :: Ipoh->Penang (Butterworth),1,4.5975,101.0901,5.3991,100.3639,11,6,0.1088
2026-08-23T12:00:00,North-South Expressway (KL-Penang),North-South Expressway (KL-Penang) :: Ipoh->Penang (Butterworth),1,4.5975,101.0901,5.3991,100.3639,12,6,0.163
2026-08-23T13:00:00,North-South Expressway (KL-Penang),North-South Expressway (KL-Penang) :: Ipoh->Penang (Butterworth),1,4.5975,101.0901,5.3991,100.3639,13,6,0.094
2026-08-23T14:00:00,North-South Expressway (KL-Penang),North-South Expressway (KL-Penang) :: Ipoh->Penang (Butterworth),1,4.5975,101.0901,5.3991,100.3639,14,6,0.1253
2026-08-23T15:00:00,North-South Expressway (KL-Penang),North-South Expressway (KL-Penang) :: Ipoh->Penang (Butterworth),1,4.5975,101.0901,5.3991,100.3639,15,6,0.2856
2026-08-23T16:00:00,North-South Expressway (KL-Penang),North-South Expressway (KL-Penang) :: Ipoh->Penang (Butterworth),1,4.5975,101.0901,5.3991,100.3639,16,6,0.3694
2026-08-23T17:00:00,North-South Expressway (KL-Penang),North-South Expressway (KL-Penang) :: Ipoh->Penang (Butterworth),1,4.5975,101.0901,5.3991,100.3639,17,6,0.477
2026-08-23T18:00:00,North-South Expressway (KL-Penang),North-South Expressway (KL-Penang) :: Ipoh->Penang (Butterworth),1,4.5975,101.0901,5.3991,100.3639,18,6,0.4637
2026-08-23T19:00:00,North-South Expressway (KL-Penang),North-South Expressway (KL-Penang) :: Ipoh->Penang (Butterworth),1,4.5975,101.0901,5.3991,100.3639,19,6,0.4802
2026-08-23T20:00:00,North-South Expressway (KL-Penang),North-South Expressway (KL-Penang) :: Ipoh->Penang (Butterworth),1,4.5975,101.0901,5.3991,100.3639,20,6,0.3835
2026-08-23T21:00:00,North-South Expressway (KL-Penang),North-South Expressway (KL-Penang) :: Ipoh->Penang (Butterworth),1,4.5975,101.0901,5.3991,100.3639,21,6,0.1836
2026-08-23T22:00:00,North-South Expressway (KL-Penang),North-South Expressway (KL-Penang) :: Ipoh->Penang (Butterworth),1,4.5975,101.0901,5.3991,100.3639,22,6,0.2374
2026-08-23T23:00:00,North-South Expressway (KL-Penang),North-South Expressway (KL-Penang) :: Ipoh->Penang (Butterworth),1,4.5975,101.0901,5.3991,100.3639,23,6,0.2203
2026-08-24T00:00:00,North-South Expressway (KL-Penang),North-South Expressway (KL-Penang) :: Ipoh->Penang (Butterworth),1,4.5975,101.0901,5.3991,100.3639,0,0,0.2398
2026-08-24T01:00:00,North-South Expressway (KL-Penang),North-South Expressway (KL-Penang) :: Ipoh->Penang (Butterworth),1,4.5975,101.0901,5.3991,100.3639,1,0,0.1583
2026-08-24T02:00:00,North-South Expressway (KL-Penang),North-South Expressway (KL-Penang) :: Ipoh->Penang (Butterworth),1,4.5975,101.0901,5.3991,100.3639,2,0,0.1753
2026-08-24T03:00:00,North-South Expressway (KL-Penang),North-South Expressway (KL-Penang) :: Ipoh->Penang (Butterworth),1,4.5975,101.0901,5.3991,100.3639,3,0,0.2255
2026-08-24T04:00:00,North-South Expressway (KL-Penang),North-South Expressway (KL-Penang) :: Ipoh->Penang (Butterworth),1,4.5975,101.0901,5.3991,100.3639,4,0,0.1734
2026-08-24T05:00:00,North-South Expressway (KL-Penang),North-South Expressway (KL-Penang) :: Ipoh->Penang (Butterworth),1,4.5975,101.0901,5.3991,100.3639,5,0,0.1479
2026-08-24T06:00:00,North-South Expressway (KL-Penang),North-South Expressway (KL-Penang) :: Ipoh->Penang (Butterworth),1,4.5975,101.0901,5.3991,100.3639,6,0,0.2455
2026-08-24T07:00:00,North-South Expressway (KL-Penang),North-South Expressway (KL-Penang) :: Ipoh->Penang (Butterworth),1,4.5975,101.0901,5.3991,100.3639,7,0,0.4347
2026-08-24T08:00:00,North-South Expressway (KL-Penang),North-South Expressway (KL-Penang) :: Ipoh->Penang (Butterworth),1,4.5975,101.0901,5.3991,100.3639,8,0,0.4226
2026-08-24T09:00:00,North-South Expressway (KL-Penang),North-South Expressway (KL-Penang) :: Ipoh->Penang (Butterworth),1,4.5975,101.0901,5.3991,100.3639,9,0,0.4118
2026-08-24T10:00:00,North-South Expressway (KL-Penang),North-South Expressway (KL-Penang) :: Ipoh->Penang (Butterworth),1,4.5975,101.0901,5.3991,100.3639,10,0,0.3382
2026-08-24T11:00:00,North-South Expressway (KL-Penang),North-South Expressway (KL-Penang) :: Ipoh->Penang (Butterworth),1,4.5975,101.0901,5.3991,100.3639,11,0,0.0465
2026-08-24T12:00:00,North-South Expressway (KL-Penang),North-South Expressway (KL-Penang) :: Ipoh->Penang (Butterworth),1,4.5975,101.0901,5.3991,100.3639,12,0,0.239
2026-08-24T13:00:00,North-South Expressway (KL-Penang),North-South Expressway (KL-Penang) :: Ipoh->Penang (Butterworth),1,4.5975,101.0901,5.3991,100.3639,13,0,0.2107
2026-08-24T14:00:00,North-South Expressway (KL-Penang),North-South Expressway (KL-Penang) :: Ipoh->Penang (Butterworth),1,4.5975,101.0901,5.3991,100.3639,14,0,0.1288
2026-08-24T15:00:00,North-South Expressway (KL-Penang),North-South Expressway (KL-Penang) :: Ipoh->Penang (Butterworth),1,4.5975,101.0901,5.3991,100.3639,15,0,0.2387
2026-08-24T16:00:00,North-South Expressway (KL-Penang),North-South Expressway (KL-Penang) :: Ipoh->Penang (Butterworth),1,4.5975,101.0901,5.3991,100.3639,16,0,0.3199
2026-08-24T17:00:00,North-South Expressway (KL-Penang),North-South Expressway (KL-Penang) :: Ipoh->Penang (Butterworth),1,4.5975,101.0901,5.3991,100.3639,17,0,0.5413
2026-08-24T18:00:00,North-South Expressway (KL-Penang),North-South Expressway (KL-Penang) :: Ipoh->Penang (Butterworth),1,4.5975,101.0901,5.3991,100.3639,18,0,0.599
2026-08-24T19:00:00,North-South Expressway (KL-Penang),North-South Expressway (KL-Penang) :: Ipoh->Penang (Butterworth),1,4.5975,101.0901,5.3991,100.3639,19,0,0.3835
2026-08-24T20:00:00,North-South Expressway (KL-Penang),North-South Expressway (KL-Penang) :: Ipoh->Penang (Butterworth),1,4.5975,101.0901,5.3991,100.3639,20,0,0.355
2026-08-24T21:00:00,North-South Expressway (KL-Penang),North-South Expressway (KL-Penang) :: Ipoh->Penang (Butterworth),1,4.5975,101.0901,5.3991,100.3639,21,0,0.1938
2026-08-24T22:00:00,North-South Expressway (KL-Penang),North-South Expressway (KL-Penang) :: Ipoh->Penang (Butterworth),1,4.5975,101.0901,5.3991,100.3639,22,0,0.1613
2026-08-24T23:00:00,North-South Expressway (KL-Penang),North-South Expressway (KL-Penang) :: Ipoh->Penang (Butterworth),1,4.5975,101.0901,5.3991,100.3639,23,0,0.099
2026-08-25T00:00:00,North-South Expressway (KL-Penang),North-South Expressway (KL-Penang) :: Ipoh->Penang (Butterworth),1,4.5975,101.0901,5.3991,100.3639,0,1,0.2449
2026-08-25T01:00:00,North-South Expressway (KL-Penang),North-South Expressway (KL-Penang) :: Ipoh->Penang (Butterworth),1,4.5975,101.0901,5.3991,100.3639,1,1,0.2024
2026-08-25T02:00:00,North-South Expressway (KL-Penang),North-South Expressway (KL-Penang) :: Ipoh->Penang (Butterworth),1,4.5975,101.0901,5.3991,100.3639,2,1,0.0957
2026-08-25T03:00:00,North-South Expressway (KL-Penang),North-South Expressway (KL-Penang) :: Ipoh->Penang (Butterworth),1,4.5975,101.0901,5.3991,100.3639,3,1,0.0606
2026-08-25T04:00:00,North-South Expressway (KL-Penang),North-South Expressway (KL-Penang) :: Ipoh->Penang (Butterworth),1,4.5975,101.0901,5.3991,100.3639,4,1,0.1235
2026-08-25T05:00:00,North-South Expressway (KL-Penang),North-South Expressway (KL-Penang) :: Ipoh->Penang (Butterworth),1,4.5975,101.0901,5.3991,100.3639,5,1,0.204
2026-08-25T06:00:00,North-South Expressway (KL-Penang),North-South Expressway (KL-Penang) :: Ipoh->Penang (Butterworth),1,4.5975,101.0901,5.3991,100.3639,6,1,0.2868
2026-08-25T07:00:00,North-South Expressway (KL-Penang),North-South Expressway (KL-Penang) :: Ipoh->Penang (Butterworth),1,4.5975,101.0901,5.3991,100.3639,7,1,0.4956
2026-08-25T08:00:00,North-South Expressway (KL-Penang),North-South Expressway (KL-Penang) :: Ipoh->Penang (Butterworth),1,4.5975,101.0901,5.3991,100.3639,8,1,0.5474
2026-08-25T09:00:00,North-South Expressway (KL-Penang),North-South Expressway (KL-Penang) :: Ipoh->Penang (Butterworth),1,4.5975,101.0901,5.3991,100.3639,9,1,0.4785
2026-08-25T10:00:00,North-South Expressway (KL-Penang),North-South Expressway (KL-Penang) :: Ipoh->Penang (Butterworth),1,4.5975,101.0901,5.3991,100.3639,10,1,0.292
2026-08-25T11:00:00,North-South Expressway (KL-Penang),North-South Expressway (KL-Penang) :: Ipoh->Penang (Butterworth),1,4.5975,101.0901,5.3991,100.3639,11,1,0.0946
2026-08-25T12:00:00,North-South Expressway (KL-Penang),North-South Expressway (KL-Penang) :: Ipoh->Penang (Butterworth),1,4.5975,101.0901,5.3991,100.3639,12,1,0.1352
2026-08-25T13:00:00,North-South Expressway (KL-Penang),North-South Expressway (KL-Penang) :: Ipoh->Penang (Butterworth),1,4.5975,101.0901,5.3991,100.3639,13,1,0.207
2026-08-25T14:00:00,North-South Expressway (KL-Penang),North-South Expressway (KL-Penang) :: Ipoh->Penang (Butterworth),1,4.5975,101.0901,5.3991,100.3639,14,1,0.1533
2026-08-25T15:00:00,North-South Expressway (KL-Penang),North-South Expressway (KL-Penang) :: Ipoh->Penang (Butterworth),1,4.5975,101.0901,5.3991,100.3639,15,1,0.2363
2026-08-25T16:00:00,North-South Expressway (KL-Penang),North-South Expressway (KL-Penang) :: Ipoh->Penang (Butterworth),1,4.5975,101.0901,5.3991,100.3639,16,1,0.3006
2026-08-25T17:00:00,North-South Expressway (KL-Penang),North-South Expressway (KL-Penang) :: Ipoh->Penang (Butterworth),1,4.5975,101.0901,5.3991,100.3639,17,1,0.4057
2026-08-25T18:00:00,North-South Expressway (KL-Penang),North-South Expressway (KL-Penang) :: Ipoh->Penang (Butterworth),1,4.5975,101.0901,5.3991,100.3639,18,1,0.5326
2026-08-25T19:00:00,North-South Expressway (KL-Penang),North-South Expressway (KL-Penang) :: Ipoh->Penang (Butterworth),1,4.5975,101.0901,5.3991,100.3639,19,1,0.486
2026-08-25T20:00:00,North-South Expressway (KL-Penang),North-South Expressway (KL-Penang) :: Ipoh->Penang (Butterworth),1,4.5975,101.0901,5.3991,100.3639,20,1,0.2804
2026-08-25T21:00:00,North-South Expressway (KL-Penang),North-South Expressway (KL-Penang) :: Ipoh->Penang (Butterworth),1,4.5975,101.0901,5.3991,100.3639,21,1,0.192
2026-08-25T22:00:00,North-South Expressway (KL-Penang),North-South Expressway (KL-Penang) :: Ipoh->Penang (Butterworth),1,4.5975,101.0901,5.3991,100.3639,22,1,0.0999
2026-08-25T23:00:00,North-South Expressway (KL-Penang),North-South Expressway (KL-Penang) :: Ipoh->Penang (Butterworth),1,4.5975,101.0901,5.3991,100.3639,23,1,0.2098
2026-08-26T00:00:00,North-South Expressway (KL-Penang),North-South Expressway (KL-Penang) :: Ipoh->Penang (Butterworth),1,4.5975,101.0901,5.3991,100.3639,0,2,0.1223
2026-08-26T01:00:00,North-South Expressway (KL-Penang),North-South Expressway (KL-Penang) :: Ipoh->Penang (Butterworth),1,4.5975,101.0901,5.3991,100.3639,1,2,0.2272
2026-08-26T02:00:00,North-South Expressway (KL-Penang),North-South Expressway (KL-Penang) :: Ipoh->Penang (Butterworth),1,4.5975,101.0901,5.3991,100.3639,2,2,0.2318
2026-08-26T03:00:00,North-South Expressway (KL-Penang),North-South Expressway (KL-Penang) :: Ipoh->Penang (Butterworth),1,4.5975,101.0901,5.3991,100.3639,3,2,0.1358
2026-08-26T04:00:00,North-South Expressway (KL-Penang),North-South Expressway (KL-Penang) :: Ipoh->Penang (Butterworth),1,4.5975,101.0901,5.3991,100.3639,4,2,0.0861
2026-08-26T05:00:00,North-South Expressway (KL-Penang),North-South Expressway (KL-Penang) :: Ipoh->Penang (Butterworth),1,4.5975,101.0901,5.3991,100.3639,5,2,0.0528
2026-08-26T06:00:00,North-South Expressway (KL-Penang),North-South Expressway (KL-Penang) :: Ipoh->Penang (Butterworth),1,4.5975,101.0901,5.3991,100.3639,6,2,0.1841
2026-08-26T07:00:00,North-South Expressway (KL-Penang),North-South Expressway (KL-Penang) :: Ipoh->Penang (Butterworth),1,4.5975,101.0901,5.3991,100.3639,7,2,0.3379
2026-08-26T08:00:00,North-South Expressway (KL-Penang),North-South Expressway (KL-Penang) :: Ipoh->Penang (Butterworth),1,4.5975,101.0901,5.3991,100.3639,8,2,0.5827
2026-08-26T09:00:00,North-South Expressway (KL-Penang),North-South Expressway (KL-Penang) :: Ipoh->Penang (Butterworth),1,4.5975,101.0901,5.3991,100.3639,9,2,0.4273
2026-08-26T10:00:00,North-South Expressway (KL-Penang),North-South Expressway (KL-Penang) :: Ipoh->Penang (Butterworth),1,4.5975,101.0901,5.3991,100.3639,10,2,0.2958
2026-08-26T11:00:00,North-South Expressway (KL-Penang),North-South Expressway (KL-Penang) :: Ipoh->Penang (Butterworth),1,4.5975,101.0901,5.3991,100.3639,11,2,0.0447
2026-08-26T12:00:00,North-South Expressway (KL-Penang),North-South Expressway (KL-Penang) :: Ipoh->Penang (Butterworth),1,4.5975,101.0901,5.3991,100.3639,12,2,0.075
2026-08-26T13:00:00,North-South Expressway (KL-Penang),North-South Expressway (KL-Penang) :: Ipoh->Penang (Butterworth),1,4.5975,101.0901,5.3991,100.3639,13,2,0.1966
2026-08-26T14:00:00,North-South Expressway (KL-Penang),North-South Expressway (KL-Penang) :: Ipoh->Penang (Butterworth),1,4.5975,101.0901,5.3991,100.3639,14,2,0.1736
2026-08-26T15:00:00,North-South Expressway (KL-Penang),North-South Expressway (KL-Penang) :: Ipoh->Penang (Butterworth),1,4.5975,101.0901,5.3991,100.3639,15,2,0.1973
2026-08-26T16:00:00,North-South Expressway (KL-Penang),North-South Expressway (KL-Penang) :: Ipoh->Penang (Butterworth),1,4.5975,101.0901,5.3991,100.3639,16,2,0.3536
2026-08-26T17:00:00,North-South Expressway (KL-Penang),North-South Expressway (KL-Penang) :: Ipoh->Penang (Butterworth),1,4.5975,101.0901,5.3991,100.3639,17,2,0.5656
2026-08-26T18:00:00,North-South Expressway (KL-Penang),North-South Expressway (KL-Penang) :: Ipoh->Penang (Butterworth),1,4.5975,101.0901,5.3991,100.3639,18,2,0.5267
2026-08-26T19:00:00,North-South Expressway (KL-Penang),North-South Expressway (KL-Penang) :: Ipoh->Penang (Butterworth),1,4.5975,101.0901,5.3991,100.3639,19,2,0.4717
2026-08-26T20:00:00,North-South Expressway (KL-Penang),North-South Expressway (KL-Penang) :: Ipoh->Penang (Butterworth),1,4.5975,101.0901,5.3991,100.3639,20,2,0.3313
2026-08-26T21:00:00,North-South Expressway (KL-Penang),North-South Expressway (KL-Penang) :: Ipoh->Penang (Butterworth),1,4.5975,101.0901,5.3991,100.3639,21,2,0.3496
2026-08-26T22:00:00,North-South Expressway (KL-Penang),North-South Expressway (KL-Penang) :: Ipoh->Penang (Butterworth),1,4.5975,101.0901,5.3991,100.3639,22,2,0.0303
2026-08-26T23:00:00,North-South Expressway (KL-Penang),North-South Expressway (KL-Penang) :: Ipoh->Penang (Butterworth),1,4.5975,101.0901,5.3991,100.3639,23,2,0.1837
2026-08-27T00:00:00,North-South Expressway (KL-Penang),North-South Expressway (KL-Penang) :: Ipoh->Penang (Butterworth),1,4.5975,101.0901,5.3991,100.3639,0,3,0.1331
2026-08-27T01:00:00,North-South Expressway (KL-Penang),North-South Expressway (KL-Penang) :: Ipoh->Penang (Butterworth),1,4.5975,101.0901,5.3991,100.3639,1,3,0.174
2026-08-27T02:00:00,North-South Expressway (KL-Penang),North-South Expressway (KL-Penang) :: Ipoh->Penang (Butterworth),1,4.5975,101.0901,5.3991,100.3639,2,3,0.1006
2026-08-27T03:00:00,North-South Expressway (KL-Penang),North-South Expressway (KL-Penang) :: Ipoh->Penang (Butterworth),1,4.5975,101.0901,5.3991,100.3639,3,3,0.1378
2026-08-27T04:00:00,North-South Expressway (KL-Penang),North-South Expressway (KL-Penang) :: Ipoh->Penang (Butterworth),1,4.5975,101.0901,5.3991,100.3639,4,3,0.1893
2026-08-27T05:00:00,North-South Expressway (KL-Penang),North-South Expressway (KL-Penang) :: Ipoh->Penang (Butterworth),1,4.5975,101.0901,5.3991,100.3639,5,3,0.3647
2026-08-27T06:00:00,North-South Expressway (KL-Penang),North-South Expressway (KL-Penang) :: Ipoh->Penang (Butterworth),1,4.5975,101.0901,5.3991,100.3639,6,3,0.3209
2026-08-27T07:00:00,North-South Expressway (KL-Penang),North-South Expressway (KL-Penang) :: Ipoh->Penang (Butterworth),1,4.5975,101.0901,5.3991,100.3639,7,3,0.3695
2026-08-27T08:00:00,North-South Expressway (KL-Penang),North-South Expressway (KL-Penang) :: Ipoh->Penang (Butterworth),1,4.5975,101.0901,5.3991,100.3639,8,3,0.4746
2026-08-27T09:00:00,North-South Expressway (KL-Penang),North-South Expressway (KL-Penang) :: Ipoh->Penang (Butterworth),1,4.5975,101.0901,5.3991,100.3639,9,3,0.3932
2026-08-27T10:00:00,North-South Expressway (KL-Penang),North-South Expressway (KL-Penang) :: Ipoh->Penang (Butterworth),1,4.5975,101.0901,5.3991,100.3639,10,3,0.1647
2026-08-27T11:00:00,North-South Expressway (KL-Penang),North-South Expressway (KL-Penang) :: Ipoh->Penang (Butterworth),1,4.5975,101.0901,5.3991,100.3639,11,3,0.1582
2026-08-27T12:00:00,North-South Expressway (KL-Penang),North-South Expressway (KL-Penang) :: Ipoh->Penang (Butterworth),1,4.5975,101.0901,5.3991,100.3639,12,3,0.1909
2026-08-27T13:00:00,North-South Expressway (KL-Penang),North-South Expressway (KL-Penang) :: Ipoh->Penang (Butterworth),1,4.5975,101.0901,5.3991,100.3639,13,3,0.0669
2026-08-27T14:00:00,North-South Expressway (KL-Penang),North-South Expressway (KL-Penang) :: Ipoh->Penang (Butterworth),1,4.5975,101.0901,5.3991,100.3639,14,3,0.2193
2026-08-27T15:00:00,North-South Expressway (KL-Penang),North-South Expressway (KL-Penang) :: Ipoh->Penang (Butterworth),1,4.5975,101.0901,5.3991,100.3639,15,3,0.2354
2026-08-27T16:00:00,North-South Expressway (KL-Penang),North-South Expressway (KL-Penang) :: Ipoh->Penang (Butterworth),1,4.5975,101.0901,5.3991,100.3639,16,3,0.2757
2026-08-27T17:00:00,North-South Expressway (KL-Penang),North-South Expressway (KL-Penang) :: Ipoh->Penang (Butterworth),1,4.5975,101.0901,5.3991,100.3639,17,3,0.459
2026-08-27T18:00:00,North-South Expressway (KL-Penang),North-South Expressway (KL-Penang) :: Ipoh->Penang (Butterworth),1,4.5975,101.0901,5.3991,100.3639,18,3,0.6359
2026-08-27T19:00:00,North-South Expressway (KL-Penang),North-South Expressway (KL-Penang) :: Ipoh->Penang (Butterworth),1,4.5975,101.0901,5.3991,100.3639,19,3,0.5115
2026-08-27T20:00:00,North-South Expressway (KL-Penang),North-South Expressway (KL-Penang) :: Ipoh->Penang (Butterworth),1,4.5975,101.0901,5.3991,100.3639,20,3,0.3203
2026-08-27T21:00:00,North-South Expressway (KL-Penang),North-South Expressway (KL-Penang) :: Ipoh->Penang (Butterworth),1,4.5975,101.0901,5.3991,100.3639,21,3,0.1919
2026-08-27T22:00:00,North-South Expressway (KL-Penang),North-South Expressway (KL-Penang) :: Ipoh->Penang (Butterworth),1,4.5975,101.0901,5.3991,100.3639,22,3,0.1609
2026-08-27T23:00:00,North-South Expressway (KL-Penang),North-South Expressway (KL-Penang) :: Ipoh->Penang (Butterworth),1,4.5975,101.0901,5.3991,100.3639,23,3,0.112
2026-08-28T00:00:00,North-South Expressway (KL-Penang),North-South Expressway (KL-Penang) :: Ipoh->Penang (Butterworth),1,4.5975,101.0901,5.3991,100.3639,0,4,0.0137
2026-08-28T01:00:00,North-South Expressway (KL-Penang),North-South Expressway (KL-Penang) :: Ipoh->Penang (Butterworth),1,4.5975,101.0901,5.3991,100.3639,1,4,0.2625
2026-08-28T02:00:00,North-South Expressway (KL-Penang),North-South Expressway (KL-Penang) :: Ipoh->Penang (Butterworth),1,4.5975,101.0901,5.3991,100.3639,2,4,0.1494
2026-08-28T03:00:00,North-South Expressway (KL-Penang),North-South Expressway (KL-Penang) :: Ipoh->Penang (Butterworth),1,4.5975,101.0901,5.3991,100.3639,3,4,0.1646
2026-08-28T04:00:00,North-South Expressway (KL-Penang),North-South Expressway (KL-Penang) :: Ipoh->Penang (Butterworth),1,4.5975,101.0901,5.3991,100.3639,4,4,0.1431
2026-08-28T05:00:00,North-South Expressway (KL-Penang),North-South Expressway (KL-Penang) :: Ipoh->Penang (Butterworth),1,4.5975,101.0901,5.3991,100.3639,5,4,0.1338
2026-08-28T06:00:00,North-South Expressway (KL-Penang),North-South Expressway (KL-Penang) :: Ipoh->Penang (Butterworth),1,4.5975,101.0901,5.3991,100.3639,6,4,0.2613
2026-08-28T07:00:00,North-South Expressway (KL-Penang),North-South Expressway (KL-Penang) :: Ipoh->Penang (Butterworth),1,4.5975,101.0901,5.3991,100.3639,7,4,0.3244
2026-08-28T08:00:00,North-South Expressway (KL-Penang),North-South Expressway (KL-Penang) :: Ipoh->Penang (Butterworth),1,4.5975,101.0901,5.3991,100.3639,8,4,0.6366
2026-08-28T09:00:00,North-South Expressway (KL-Penang),North-South Expressway (KL-Penang) :: Ipoh->Penang (Butterworth),1,4.5975,101.0901,5.3991,100.3639,9,4,0.3463
2026-08-28T10:00:00,North-South Expressway (KL-Penang),North-South Expressway (KL-Penang) :: Ipoh->Penang (Butterworth),1,4.5975,101.0901,5.3991,100.3639,10,4,0.2105
2026-08-28T11:00:00,North-South Expressway (KL-Penang),North-South Expressway (KL-Penang) :: Ipoh->Penang (Butterworth),1,4.5975,101.0901,5.3991,100.3639,11,4,0.1516
2026-08-28T12:00:00,North-South Expressway (KL-Penang),North-South Expressway (KL-Penang) :: Ipoh->Penang (Butterworth),1,4.5975,101.0901,5.3991,100.3639,12,4,0.2242
2026-08-28T13:00:00,North-South Expressway (KL-Penang),North-South Expressway (KL-Penang) :: Ipoh->Penang (Butterworth),1,4.5975,101.0901,5.3991,100.3639,13,4,0.1443
2026-08-28T14:00:00,North-South Expressway (KL-Penang),North-South Expressway (KL-Penang) :: Ipoh->Penang (Butterworth),1,4.5975,101.0901,5.3991,100.3639,14,4,0.0822
2026-08-28T15:00:00,North-South Expressway (KL-Penang),North-South Expressway (KL-Penang) :: Ipoh->Penang (Butterworth),1,4.5975,101.0901,5.3991,100.3639,15,4,0.2814
2026-08-28T16:00:00,North-South Expressway (KL-Penang),North-South Expressway (KL-Penang) :: Ipoh->Penang (Butterworth),1,4.5975,101.0901,5.3991,100.3639,16,4,0.3636
2026-08-28T17:00:00,North-South Expressway (KL-Penang),North-South Expressway (KL-Penang) :: Ipoh->Penang (Butterworth),1,4.5975,101.0901,5.3991,100.3639,17,4,0.4998
2026-08-28T18:00:00,North-South Expressway (KL-Penang),North-South Expressway (KL-Penang) :: Ipoh->Penang (Butterworth),1,4.5975,101.0901,5.3991,100.3639,18,4,0.5829
2026-08-28T19:00:00,North-South Expressway (KL-Penang),North-South Expressway (KL-Penang) :: Ipoh->Penang (Butterworth),1,4.5975,101.0901,5.3991,100.3639,19,4,0.6112
2026-08-28T20:00:00,North-South Expressway (KL-Penang),North-South Expressway (KL-Penang) :: Ipoh->Penang (Butterworth),1,4.5975,101.0901,5.3991,100.3639,20,4,0.4508
2026-08-28T21:00:00,North-South Expressway (KL-Penang),North-South Expressway (KL-Penang) :: Ipoh->Penang (Butterworth),1,4.5975,101.0901,5.3991,100.3639,21,4,0.1649
2026-08-28T22:00:00,North-South Expressway (KL-Penang),North-South Expressway (KL-Penang) :: Ipoh->Penang (Butterworth),1,4.5975,101.0901,5.3991,100.3639,22,4,0.2537
2026-08-28T23:00:00,North-South Expressway (KL-Penang),North-South Expressway (KL-Penang) :: Ipoh->Penang (Butterworth),1,4.5975,101.0901,5.3991,100.3639,23,4,0.1657
2026-07-30T00:00:00,KLIA Air-Freight Link,KLIA Air-Freight Link :: Kuala Lumpur->KLIA / Sepang,0,3.139,101.6869,2.7456,101.7072,0,3,0.2224
2026-07-30T01:00:00,KLIA Air-Freight Link,KLIA Air-Freight Link :: Kuala Lumpur->KLIA / Sepang,0,3.139,101.6869,2.7456,101.7072,1,3,0.091
2026-07-30T02:00:00,KLIA Air-Freight Link,KLIA Air-Freight Link :: Kuala Lumpur->KLIA / Sepang,0,3.139,101.6869,2.7456,101.7072,2,3,0.1823
2026-07-30T03:00:00,KLIA Air-Freight Link,KLIA Air-Freight Link :: Kuala Lumpur->KLIA / Sepang,0,3.139,101.6869,2.7456,101.7072,3,3,0.1447
2026-07-30T04:00:00,KLIA Air-Freight Link,KLIA Air-Freight Link :: Kuala Lumpur->KLIA / Sepang,0,3.139,101.6869,2.7456,101.7072,4,3,0.2512
2026-07-30T05:00:00,KLIA Air-Freight Link,KLIA Air-Freight Link :: Kuala Lumpur->KLIA / Sepang,0,3.139,101.6869,2.7456,101.7072,5,3,0.3089
2026-07-30T06:00:00,KLIA Air-Freight Link,KLIA Air-Freight Link :: Kuala Lumpur->KLIA / Sepang,0,3.139,101.6869,2.7456,101.7072,6,3,0.2501
2026-07-30T07:00:00,KLIA Air-Freight Link,KLIA Air-Freight Link :: Kuala Lumpur->KLIA / Sepang,0,3.139,101.6869,2.7456,101.7072,7,3,0.5767
2026-07-30T08:00:00,KLIA Air-Freight Link,KLIA Air-Freight Link :: Kuala Lumpur->KLIA / Sepang,0,3.139,101.6869,2.7456,101.7072,8,3,0.7548
2026-07-30T09:00:00,KLIA Air-Freight Link,KLIA Air-Freight Link :: Kuala Lumpur->KLIA / Sepang,0,3.139,101.6869,2.7456,101.7072,9,3,0.5668
2026-07-30T10:00:00,KLIA Air-Freight Link,KLIA Air-Freight Link :: Kuala Lumpur->KLIA / Sepang,0,3.139,101.6869,2.7456,101.7072,10,3,0.4183
2026-07-30T11:00:00,KLIA Air-Freight Link,KLIA Air-Freight Link :: Kuala Lumpur->KLIA / Sepang,0,3.139,101.6869,2.7456,101.7072,11,3,0.2658
2026-07-30T12:00:00,KLIA Air-Freight Link,KLIA Air-Freight Link :: Kuala Lumpur->KLIA / Sepang,0,3.139,101.6869,2.7456,101.7072,12,3,0.2225
2026-07-30T13:00:00,KLIA Air-Freight Link,KLIA Air-Freight Link :: Kuala Lumpur->KLIA / Sepang,0,3.139,101.6869,2.7456,101.7072,13,3,0.1809
2026-07-30T14:00:00,KLIA Air-Freight Link,KLIA Air-Freight Link :: Kuala Lumpur->KLIA / Sepang,0,3.139,101.6869,2.7456,101.7072,14,3,0.142
2026-07-30T15:00:00,KLIA Air-Freight Link,KLIA Air-Freight Link :: Kuala Lumpur->KLIA / Sepang,0,3.139,101.6869,2.7456,101.7072,15,3,0.2161
2026-07-30T16:00:00,KLIA Air-Freight Link,KLIA Air-Freight Link :: Kuala Lumpur->KLIA / Sepang,0,3.139,101.6869,2.7456,101.7072,16,3,0.4822
2026-07-30T17:00:00,KLIA Air-Freight Link,KLIA Air-Freight Link :: Kuala Lumpur->KLIA / Sepang,0,3.139,101.6869,2.7456,101.7072,17,3,0.644
2026-07-30T18:00:00,KLIA Air-Freight Link,KLIA Air-Freight Link :: Kuala Lumpur->KLIA / Sepang,0,3.139,101.6869,2.7456,101.7072,18,3,0.7342
2026-07-30T19:00:00,KLIA Air-Freight Link,KLIA Air-Freight Link :: Kuala Lumpur->KLIA / Sepang,0,3.139,101.6869,2.7456,101.7072,19,3,0.6174
2026-07-30T20:00:00,KLIA Air-Freight Link,KLIA Air-Freight Link :: Kuala Lumpur->KLIA / Sepang,0,3.139,101.6869,2.7456,101.7072,20,3,0.4213
2026-07-30T21:00:00,KLIA Air-Freight Link,KLIA Air-Freight Link :: Kuala Lumpur->KLIA / Sepang,0,3.139,101.6869,2.7456,101.7072,21,3,0.3462
2026-07-30T22:00:00,KLIA Air-Freight Link,KLIA Air-Freight Link :: Kuala Lumpur->KLIA / Sepang,0,3.139,101.6869,2.7456,101.7072,22,3,0.1948
2026-07-30T23:00:00,KLIA Air-Freight Link,KLIA Air-Freight Link :: Kuala Lumpur->KLIA / Sepang,0,3.139,101.6869,2.7456,101.7072,23,3,0.1157
2026-07-31T00:00:00,KLIA Air-Freight Link,KLIA Air-Freight Link :: Kuala Lumpur->KLIA / Sepang,0,3.139,101.6869,2.7456,101.7072,0,4,0.2371
2026-07-31T01:00:00,KLIA Air-Freight Link,KLIA Air-Freight Link :: Kuala Lumpur->KLIA / Sepang,0,3.139,101.6869,2.7456,101.7072,1,4,0.1802
2026-07-31T02:00:00,KLIA Air-Freight Link,KLIA Air-Freight Link :: Kuala Lumpur->KLIA / Sepang,0,3.139,101.6869,2.7456,101.7072,2,4,0.1944
2026-07-31T03:00:00,KLIA Air-Freight Link,KLIA Air-Freight Link :: Kuala Lumpur->KLIA / Sepang,0,3.139,101.6869,2.7456,101.7072,3,4,0.2899
2026-07-31T04:00:00,KLIA Air-Freight Link,KLIA Air-Freight Link :: Kuala Lumpur->KLIA / Sepang,0,3.139,101.6869,2.7456,101.7072,4,4,0.2003
2026-07-31T05:00:00,KLIA Air-Freight Link,KLIA Air-Freight Link :: Kuala Lumpur->KLIA / Sepang,0,3.139,101.6869,2.7456,101.7072,5,4,0.262
2026-07-31T06:00:00,KLIA Air-Freight Link,KLIA Air-Freight Link :: Kuala Lumpur->KLIA / Sepang,0,3.139,101.6869,2.7456,101.7072,6,4,0.3039
2026-07-31T07:00:00,KLIA Air-Freight Link,KLIA Air-Freight Link :: Kuala Lumpur->KLIA / Sepang,0,3.139,101.6869,2.7456,101.7072,7,4,0.5648
2026-07-31T08:00:00,KLIA Air-Freight Link,KLIA Air-Freight Link :: Kuala Lumpur->KLIA / Sepang,0,3.139,101.6869,2.7456,101.7072,8,4,0.7241
2026-07-31T09:00:00,KLIA Air-Freight Link,KLIA Air-Freight Link :: Kuala Lumpur->KLIA / Sepang,0,3.139,101.6869,2.7456,101.7072,9,4,0.4847
2026-07-31T10:00:00,KLIA Air-Freight Link,KLIA Air-Freight Link :: Kuala Lumpur->KLIA / Sepang,0,3.139,101.6869,2.7456,101.7072,10,4,0.3867
2026-07-31T11:00:00,KLIA Air-Freight Link,KLIA Air-Freight Link :: Kuala Lumpur->KLIA / Sepang,0,3.139,101.6869,2.7456,101.7072,11,4,0.2508
2026-07-31T12:00:00,KLIA Air-Freight Link,KLIA Air-Freight Link :: Kuala Lumpur->KLIA / Sepang,0,3.139,101.6869,2.7456,101.7072,12,4,0.2045
2026-07-31T13:00:00,KLIA Air-Freight Link,KLIA Air-Freight Link :: Kuala Lumpur->KLIA / Sepang,0,3.139,101.6869,2.7456,101.7072,13,4,0.2594
2026-07-31T14:00:00,KLIA Air-Freight Link,KLIA Air-Freight Link :: Kuala Lumpur->KLIA / Sepang,0,3.139,101.6869,2.7456,101.7072,14,4,0.235
2026-07-31T15:00:00,KLIA Air-Freight Link,KLIA Air-Freight Link :: Kuala Lumpur->KLIA / Sepang,0,3.139,101.6869,2.7456,101.7072,15,4,0.3721
2026-07-31T16:00:00,KLIA Air-Freight Link,KLIA Air-Freight Link :: Kuala Lumpur->KLIA / Sepang,0,3.139,101.6869,2.7456,101.7072,16,4,0.38
2026-07-31T17:00:00,KLIA Air-Freight Link,KLIA Air-Freight Link :: Kuala Lumpur->KLIA / Sepang,0,3.139,101.6869,2.7456,101.7072,17,4,0.651
2026-07-31T18:00:00,KLIA Air-Freight Link,KLIA Air-Freight Link :: Kuala Lumpur->KLIA / Sepang,0,3.139,101.6869,2.7456,101.7072,18,4,0.7476
2026-07-31T19:00:00,KLIA Air-Freight Link,KLIA Air-Freight Link :: Kuala Lumpur->KLIA / Sepang,0,3.139,101.6869,2.7456,101.7072,19,4,0.5786
2026-07-31T20:00:00,KLIA Air-Freight Link,KLIA Air-Freight Link :: Kuala Lumpur->KLIA / Sepang,0,3.139,101.6869,2.7456,101.7072,20,4,0.497
2026-07-31T21:00:00,KLIA Air-Freight Link,KLIA Air-Freight Link :: Kuala Lumpur->KLIA / Sepang,0,3.139,101.6869,2.7456,101.7072,21,4,0.4229
2026-07-31T22:00:00,KLIA Air-Freight Link,KLIA Air-Freight Link :: Kuala Lumpur->KLIA / Sepang,0,3.139,101.6869,2.7456,101.7072,22,4,0.2139
2026-07-31T23:00:00,KLIA Air-Freight Link,KLIA Air-Freight Link :: Kuala Lumpur->KLIA / Sepang,0,3.139,101.6869,2.7456,101.7072,23,4,0.2265
2026-08-01T00:00:00,KLIA Air-Freight Link,KLIA Air-Freight Link :: Kuala Lumpur->KLIA / Sepang,0,3.139,101.6869,2.7456,101.7072,0,5,0.1976
2026-08-01T01:00:00,KLIA Air-Freight Link,KLIA Air-Freight Link :: Kuala Lumpur->KLIA / Sepang,0,3.139,101.6869,2.7456,101.7072,1,5,0.1497
2026-08-01T02:00:00,KLIA Air-Freight Link,KLIA Air-Freight Link :: Kuala Lumpur->KLIA / Sepang,0,3.139,101.6869,2.7456,101.7072,2,5,0.0833
2026-08-01T03:00:00,KLIA Air-Freight Link,KLIA Air-Freight Link :: Kuala Lumpur->KLIA / Sepang,0,3.139,101.6869,2.7456,101.7072,3,5,0.1511
2026-08-01T04:00:00,KLIA Air-Freight Link,KLIA Air-Freight Link :: Kuala Lumpur->KLIA / Sepang,0,3.139,101.6869,2.7456,101.7072,4,5,0.118
2026-08-01T05:00:00,KLIA Air-Freight Link,KLIA Air-Freight Link :: Kuala Lumpur->KLIA / Sepang,0,3.139,101.6869,2.7456,101.7072,5,5,0.3469
2026-08-01T06:00:00,KLIA Air-Freight Link,KLIA Air-Freight Link :: Kuala Lumpur->KLIA / Sepang,0,3.139,101.6869,2.7456,101.7072,6,5,0.3677
2026-08-01T07:00:00,KLIA Air-Freight Link,KLIA Air-Freight Link :: Kuala Lumpur->KLIA / Sepang,0,3.139,101.6869,2.7456,101.7072,7,5,0.5573
2026-08-01T08:00:00,KLIA Air-Freight Link,KLIA Air-Freight Link :: Kuala Lumpur->KLIA / Sepang,0,3.139,101.6869,2.7456,101.7072,8,5,0.7408
2026-08-01T09:00:00,KLIA Air-Freight Link,KLIA Air-Freight Link :: Kuala Lumpur->KLIA / Sepang,0,3.139,101.6869,2.7456,101.7072,9,5,0.5107
2026-08-01T10:00:00,KLIA Air-Freight Link,KLIA Air-Freight Link :: Kuala Lumpur->KLIA / Sepang,0,3.139,101.6869,2.7456,101.7072,10,5,0.3286
2026-08-01T11:00:00,KLIA Air-Freight Link,KLIA Air-Freight Link :: Kuala Lumpur->KLIA / Sepang,0,3.139,101.6869,2.7456,101.7072,11,5,0.2488
2026-08-01T12:00:00,KLIA Air-Freight Link,KLIA Air-Freight Link :: Kuala Lumpur->KLIA / Sepang,0,3.139,101.6869,2.7456,101.7072,12,5,0.2637
2026-08-01T13:00:00,KLIA Air-Freight Link,KLIA Air-Freight Link :: Kuala Lumpur->KLIA / Sepang,0,3.139,101.6869,2.7456,101.7072,13,5,0.2273
2026-08-01T14:00:00,KLIA Air-Freight Link,KLIA Air-Freight Link :: Kuala Lumpur->KLIA / Sepang,0,3.139,101.6869,2.7456,101.7072,14,5,0.2299
2026-08-01T15:00:00,KLIA Air-Freight Link,KLIA Air-Freight Link :: Kuala Lumpur->KLIA / Sepang,0,3.139,101.6869,2.7456,101.7072,15,5,0.2881
2026-08-01T16:00:00,KLIA Air-Freight Link,KLIA Air-Freight Link :: Kuala Lumpur->KLIA / Sepang,0,3.139,101.6869,2.7456,101.7072,16,5,0.4636
2026-08-01T17:00:00,KLIA Air-Freight Link,KLIA Air-Freight Link :: Kuala Lumpur->KLIA / Sepang,0,3.139,101.6869,2.7456,101.7072,17,5,0.6549
2026-08-01T18:00:00,KLIA Air-Freight Link,KLIA Air-Freight Link :: Kuala Lumpur->KLIA / Sepang,0,3.139,101.6869,2.7456,101.7072,18,5,0.6807
2026-08-01T19:00:00,KLIA Air-Freight Link,KLIA Air-Freight Link :: Kuala Lumpur->KLIA / Sepang,0,3.139,101.6869,2.7456,101.7072,19,5,0.6456
2026-08-01T20:00:00,KLIA Air-Freight Link,KLIA Air-Freight Link :: Kuala Lumpur->KLIA / Sepang,0,3.139,101.6869,2.7456,101.7072,20,5,0.3752
2026-08-01T21:00:00,KLIA Air-Freight Link,KLIA Air-Freight Link :: Kuala Lumpur->KLIA / Sepang,0,3.139,101.6869,2.7456,101.7072,21,5,0.2883
2026-08-01T22:00:00,KLIA Air-Freight Link,KLIA Air-Freight Link :: Kuala Lumpur->KLIA / Sepang,0,3.139,101.6869,2.7456,101.7072,22,5,0.1861
2026-08-01T23:00:00,KLIA Air-Freight Link,KLIA Air-Freight Link :: Kuala Lumpur->KLIA / Sepang,0,3.139,101.6869,2.7456,101.7072,23,5,0.3486
2026-08-02T00:00:00,KLIA Air-Freight Link,KLIA Air-Freight Link :: Kuala Lumpur->KLIA / Sepang,0,3.139,101.6869,2.7456,101.7072,0,6,0.1901
2026-08-02T01:00:00,KLIA Air-Freight Link,KLIA Air-Freight Link :: Kuala Lumpur->KLIA / Sepang,0,3.139,101.6869,2.7456,101.7072,1,6,0.1082
2026-08-02T02:00:00,KLIA Air-Freight Link,KLIA Air-Freight Link :: Kuala Lumpur->KLIA / Sepang,0,3.139,101.6869,2.7456,101.7072,2,6,0.1845
2026-08-02T03:00:00,KLIA Air-Freight Link,KLIA Air-Freight Link :: Kuala Lumpur->KLIA / Sepang,0,3.139,101.6869,2.7456,101.7072,3,6,0.2246
2026-08-02T04:00:00,KLIA Air-Freight Link,KLIA Air-Freight Link :: Kuala Lumpur->KLIA / Sepang,0,3.139,101.6869,2.7456,101.7072,4,6,0.302
2026-08-02T05:00:00,KLIA Air-Freight Link,KLIA Air-Freight Link :: Kuala Lumpur->KLIA / Sepang,0,3.139,101.6869,2.7456,101.7072,5,6,0.2093
2026-08-02T06:00:00,KLIA Air-Freight Link,KLIA Air-Freight Link :: Kuala Lumpur->KLIA / Sepang,0,3.139,101.6869,2.7456,101.7072,6,6,0.2797
2026-08-02T07:00:00,KLIA Air-Freight Link,KLIA Air-Freight Link :: Kuala Lumpur->KLIA / Sepang,0,3.139,101.6869,2.7456,101.7072,7,6,0.627
2026-08-02T08:00:00,KLIA Air-Freight Link,KLIA Air-Freight Link :: Kuala Lumpur->KLIA / Sepang,0,3.139,101.6869,2.7456,101.7072,8,6,0.6047
2026-08-02T09:00:00,KLIA Air-Freight Link,KLIA Air-Freight Link :: Kuala Lumpur->KLIA / Sepang,0,3.139,101.6869,2.7456,101.7072,9,6,0.5518
2026-08-02T10:00:00,KLIA Air-Freight Link,KLIA Air-Freight Link :: Kuala Lumpur->KLIA / Sepang,0,3.139,101.6869,2.7456,101.7072,10,6,0.3591
2026-08-02T11:00:00,KLIA Air-Freight Link,KLIA Air-Freight Link :: Kuala Lumpur->KLIA / Sepang,0,3.139,101.6869,2.7456,101.7072,11,6,0.2405
2026-08-02T12:00:00,KLIA Air-Freight Link,KLIA Air-Freight Link :: Kuala Lumpur->KLIA / Sepang,0,3.139,101.6869,2.7456,101.7072,12,6,0.2433
2026-08-02T13:00:00,KLIA Air-Freight Link,KLIA Air-Freight Link :: Kuala Lumpur->KLIA / Sepang,0,3.139,101.6869,2.7456,101.7072,13,6,0.1561
2026-08-02T14:00:00,KLIA Air-Freight Link,KLIA Air-Freight Link :: Kuala Lumpur->KLIA / Sepang,0,3.139,101.6869,2.7456,101.7072,14,6,0.1986
2026-08-02T15:00:00,KLIA Air-Freight Link,KLIA Air-Freight Link :: Kuala Lumpur->KLIA / Sepang,0,3.139,101.6869,2.7456,101.7072,15,6,0.2826
2026-08-02T16:00:00,KLIA Air-Freight Link,KLIA Air-Freight Link :: Kuala Lumpur->KLIA / Sepang,0,3.139,101.6869,2.7456,101.7072,16,6,0.4486
2026-08-02T17:00:00,KLIA Air-Freight Link,KLIA Air-Freight Link :: Kuala Lumpur->KLIA / Sepang,0,3.139,101.6869,2.7456,101.7072,17,6,0.6487
2026-08-02T18:00:00,KLIA Air-Freight Link,KLIA Air-Freight Link :: Kuala Lumpur->KLIA / Sepang,0,3.139,101.6869,2.7456,101.7072,18,6,0.7687
2026-08-02T19:00:00,KLIA Air-Freight Link,KLIA Air-Freight Link :: Kuala Lumpur->KLIA / Sepang,0,3.139,101.6869,2.7456,101.7072,19,6,0.6934
2026-08-02T20:00:00,KLIA Air-Freight Link,KLIA Air-Freight Link :: Kuala Lumpur->KLIA / Sepang,0,3.139,101.6869,2.7456,101.7072,20,6,0.4632
2026-08-02T21:00:00,KLIA Air-Freight Link,KLIA Air-Freight Link :: Kuala Lumpur->KLIA / Sepang,0,3.139,101.6869,2.7456,101.7072,21,6,0.3106
2026-08-02T22:00:00,KLIA Air-Freight Link,KLIA Air-Freight Link :: Kuala Lumpur->KLIA / Sepang,0,3.139,101.6869,2.7456,101.7072,22,6,0.12
2026-08-02T23:00:00,KLIA Air-Freight Link,KLIA Air-Freight Link :: Kuala Lumpur->KLIA / Sepang,0,3.139,101.6869,2.7456,101.7072,23,6,0.1992
2026-08-03T00:00:00,KLIA Air-Freight Link,KLIA Air-Freight Link :: Kuala Lumpur->KLIA / Sepang,0,3.139,101.6869,2.7456,101.7072,0,0,0.2213
2026-08-03T01:00:00,KLIA Air-Freight Link,KLIA Air-Freight Link :: Kuala Lumpur->KLIA / Sepang,0,3.139,101.6869,2.7456,101.7072,1,0,0.2362
2026-08-03T02:00:00,KLIA Air-Freight Link,KLIA Air-Freight Link :: Kuala Lumpur->KLIA / Sepang,0,3.139,101.6869,2.7456,101.7072,2,0,0.151
2026-08-03T03:00:00,KLIA Air-Freight Link,KLIA Air-Freight Link :: Kuala Lumpur->KLIA / Sepang,0,3.139,101.6869,2.7456,101.7072,3,0,0.1539
2026-08-03T04:00:00,KLIA Air-Freight Link,KLIA Air-Freight Link :: Kuala Lumpur->KLIA / Sepang,0,3.139,101.6869,2.7456,101.7072,4,0,0.1671
2026-08-03T05:00:00,KLIA Air-Freight Link,KLIA Air-Freight Link :: Kuala Lumpur->KLIA / Sepang,0,3.139,101.6869,2.7456,101.7072,5,0,0.2769
2026-08-03T06:00:00,KLIA Air-Freight Link,KLIA Air-Freight Link :: Kuala Lumpur->KLIA / Sepang,0,3.139,101.6869,2.7456,101.7072,6,0,0.4366
2026-08-03T07:00:00,KLIA Air-Freight Link,KLIA Air-Freight Link :: Kuala Lumpur->KLIA / Sepang,0,3.139,101.6869,2.7456,101.7072,7,0,0.5536
2026-08-03T08:00:00,KLIA Air-Freight Link,KLIA Air-Freight Link :: Kuala Lumpur->KLIA / Sepang,0,3.139,101.6869,2.7456,101.7072,8,0,0.742
2026-08-03T09:00:00,KLIA Air-Freight Link,KLIA Air-Freight Link :: Kuala Lumpur->KLIA / Sepang,0,3.139,101.6869,2.7456,101.7072,9,0,0.5854
2026-08-03T10:00:00,KLIA Air-Freight Link,KLIA Air-Freight Link :: Kuala Lumpur->KLIA / Sepang,0,3.139,101.6869,2.7456,101.7072,10,0,0.3671
2026-08-03T11:00:00,KLIA Air-Freight Link,KLIA Air-Freight Link :: Kuala Lumpur->KLIA / Sepang,0,3.139,101.6869,2.7456,101.7072,11,0,0.232
2026-08-03T12:00:00,KLIA Air-Freight Link,KLIA Air-Freight Link :: Kuala Lumpur->KLIA / Sepang,0,3.139,101.6869,2.7456,101.7072,12,0,0.2468
2026-08-03T13:00:00,KLIA Air-Freight Link,KLIA Air-Freight Link :: Kuala Lumpur->KLIA / Sepang,0,3.139,101.6869,2.7456,101.7072,13,0,0.2167
2026-08-03T14:00:00,KLIA Air-Freight Link,KLIA Air-Freight Link :: Kuala Lumpur->KLIA / Sepang,0,3.139,101.6869,2.7456,101.7072,14,0,0.3515
2026-08-03T15:00:00,KLIA Air-Freight Link,KLIA Air-Freight Link :: Kuala Lumpur->KLIA / Sepang,0,3.139,101.6869,2.7456,101.7072,15,0,0.2323
2026-08-03T16:00:00,KLIA Air-Freight Link,KLIA Air-Freight Link :: Kuala Lumpur->KLIA / Sepang,0,3.139,101.6869,2.7456,101.7072,16,0,0.4707
2026-08-03T17:00:00,KLIA Air-Freight Link,KLIA Air-Freight Link :: Kuala Lumpur->KLIA / Sepang,0,3.139,101.6869,2.7456,101.7072,17,0,0.611
2026-08-03T18:00:00,KLIA Air-Freight Link,KLIA Air-Freight Link :: Kuala Lumpur->KLIA / Sepang,0,3.139,101.6869,2.7456,101.7072,18,0,0.6903
2026-08-03T19:00:00,KLIA Air-Freight Link,KLIA Air-Freight Link :: Kuala Lumpur->KLIA / Sepang,0,3.139,101.6869,2.7456,101.7072,19,0,0.6421
2026-08-03T20:00:00,KLIA Air-Freight Link,KLIA Air-Freight Link :: Kuala Lumpur->KLIA / Sepang,0,3.139,101.6869,2.7456,101.7072,20,0,0.4479
2026-08-03T21:00:00,KLIA Air-Freight Link,KLIA Air-Freight Link :: Kuala Lumpur->KLIA / Sepang,0,3.139,101.6869,2.7456,101.7072,21,0,0.4585
2026-08-03T22:00:00,KLIA Air-Freight Link,KLIA Air-Freight Link :: Kuala Lumpur->KLIA / Sepang,0,3.139,101.6869,2.7456,101.7072,22,0,0.2039
2026-08-03T23:00:00,KLIA Air-Freight Link,KLIA Air-Freight Link :: Kuala Lumpur->KLIA / Sepang,0,3.139,101.6869,2.7456,101.7072,23,0,0.1284
2026-08-04T00:00:00,KLIA Air-Freight Link,KLIA Air-Freight Link :: Kuala Lumpur->KLIA / Sepang,0,3.139,101.6869,2.7456,101.7072,0,1,0.2089
2026-08-04T01:00:00,KLIA Air-Freight Link,KLIA Air-Freight Link :: Kuala Lumpur->KLIA / Sepang,0,3.139,101.6869,2.7456,101.7072,1,1,0.068
2026-08-04T02:00:00,KLIA Air-Freight Link,KLIA Air-Freight Link :: Kuala Lumpur->KLIA / Sepang,0,3.139,101.6869,2.7456,101.7072,2,1,0.187
2026-08-04T03:00:00,KLIA Air-Freight Link,KLIA Air-Freight Link :: Kuala Lumpur->KLIA / Sepang,0,3.139,101.6869,2.7456,101.7072,3,1,0.1944
2026-08-04T04:00:00,KLIA Air-Freight Link,KLIA Air-Freight Link :: Kuala Lumpur->KLIA / Sepang,0,3.139,101.6869,2.7456,101.7072,4,1,0.2492
2026-08-04T05:00:00,KLIA Air-Freight Link,KLIA Air-Freight Link :: Kuala Lumpur->KLIA / Sepang,0,3.139,101.6869,2.7456,101.7072,5,1,0.3031
2026-08-04T06:00:00,KLIA Air-Freight Link,KLIA Air-Freight Link :: Kuala Lumpur->KLIA / Sepang,0,3.139,101.6869,2.7456,101.7072,6,1,0.3444
2026-08-04T07:00:00,KLIA Air-Freight Link,KLIA Air-Freight Link :: Kuala Lumpur->KLIA / Sepang,0,3.139,101.6869,2.7456,101.7072,7,1,0.569
2026-08-04T08:00:00,KLIA Air-Freight Link,KLIA Air-Freight Link :: Kuala Lumpur->KLIA / Sepang,0,3.139,101.6869,2.7456,101.7072,8,1,0.6415
2026-08-04T09:00:00,KLIA Air-Freight Link,KLIA Air-Freight Link :: Kuala Lumpur->KLIA / Sepang,0,3.139,101.6869,2.7456,101.7072,9,1,0.5103
2026-08-04T10:00:00,KLIA Air-Freight Link,KLIA Air-Freight Link :: Kuala Lumpur->KLIA / Sepang,0,3.139,101.6869,2.7456,101.7072,10,1,0.3932
2026-08-04T11:00:00,KLIA Air-Freight Link,KLIA Air-Freight Link :: Kuala Lumpur->KLIA / Sepang,0,3.139,101.6869,2.7456,101.7072,11,1,0.1683
2026-08-04T12:00:00,KLIA Air-Freight Link,KLIA Air-Freight Link :: Kuala Lumpur->KLIA / Sepang,0,3.139,101.6869,2.7456,101.7072,12,1,0.1771
2026-08-04T13:00:00,KLIA Air-Freight Link,KLIA Air-Freight Link :: Kuala Lumpur->KLIA / Sepang,0,3.139,101.6869,2.7456,101.7072,13,1,0.1375
2026-08-04T14:00:00,KLIA Air-Freight Link,KLIA Air-Freight Link :: Kuala Lumpur->KLIA / Sepang,0,3.139,101.6869,2.7456,101.7072,14,1,0.248
2026-08-04T15:00:00,KLIA Air-Freight Link,KLIA Air-Freight Link :: Kuala Lumpur->KLIA / Sepang,0,3.139,101.6869,2.7456,101.7072,15,1,0.3915
2026-08-04T16:00:00,KLIA Air-Freight Link,KLIA Air-Freight Link :: Kuala Lumpur->KLIA / Sepang,0,3.139,101.6869,2.7456,101.7072,16,1,0.3615
2026-08-04T17:00:00,KLIA Air-Freight Link,KLIA Air-Freight Link :: Kuala Lumpur->KLIA / Sepang,0,3.139,101.6869,2.7456,101.7072,17,1,0.5316
2026-08-04T18:00:00,KLIA Air-Freight Link,KLIA Air-Freight Link :: Kuala Lumpur->KLIA / Sepang,0,3.139,101.6869,2.7456,101.7072,18,1,0.735
2026-08-04T19:00:00,KLIA Air-Freight Link,KLIA Air-Freight Link :: Kuala Lumpur->KLIA / Sepang,0,3.139,101.6869,2.7456,101.7072,19,1,0.6437
2026-08-04T20:00:00,KLIA Air-Freight Link,KLIA Air-Freight Link :: Kuala Lumpur->KLIA / Sepang,0,3.139,101.6869,2.7456,101.7072,20,1,0.4528
2026-08-04T21:00:00,KLIA Air-Freight Link,KLIA Air-Freight Link :: Kuala Lumpur->KLIA / Sepang,0,3.139,101.6869,2.7456,101.7072,21,1,0.2566
2026-08-04T22:00:00,KLIA Air-Freight Link,KLIA Air-Freight Link :: Kuala Lumpur->KLIA / Sepang,0,3.139,101.6869,2.7456,101.7072,22,1,0.2029
2026-08-04T23:00:00,KLIA Air-Freight Link,KLIA Air-Freight Link :: Kuala Lumpur->KLIA / Sepang,0,3.139,101.6869,2.7456,101.7072,23,1,0.2183
2026-08-05T00:00:00,KLIA Air-Freight Link,KLIA Air-Freight Link :: Kuala Lumpur->KLIA / Sepang,0,3.139,101.6869,2.7456,101.7072,0,2,0.2549
2026-08-05T01:00:00,KLIA Air-Freight Link,KLIA Air-Freight Link :: Kuala Lumpur->KLIA / Sepang,0,3.139,101.6869,2.7456,101.7072,1,2,0.0752
2026-08-05T02:00:00,KLIA Air-Freight Link,KLIA Air-Freight Link :: Kuala Lumpur->KLIA / Sepang,0,3.139,101.6869,2.7456,101.7072,2,2,0.1704
2026-08-05T03:00:00,KLIA Air-Freight Link,KLIA Air-Freight Link :: Kuala Lumpur->KLIA / Sepang,0,3.139,101.6869,2.7456,101.7072,3,2,0.2063
2026-08-05T04:00:00,KLIA Air-Freight Link,KLIA Air-Freight Link :: Kuala Lumpur->KLIA / Sepang,0,3.139,101.6869,2.7456,101.7072,4,2,0.1465
2026-08-05T05:00:00,KLIA Air-Freight Link,KLIA Air-Freight Link :: Kuala Lumpur->KLIA / Sepang,0,3.139,101.6869,2.7456,101.7072,5,2,0.3485
2026-08-05T06:00:00,KLIA Air-Freight Link,KLIA Air-Freight Link :: Kuala Lumpur->KLIA / Sepang,0,3.139,101.6869,2.7456,101.7072,6,2,0.3365
2026-08-05T07:00:00,KLIA Air-Freight Link,KLIA Air-Freight Link :: Kuala Lumpur->KLIA / Sepang,0,3.139,101.6869,2.7456,101.7072,7,2,0.5755
2026-08-05T08:00:00,KLIA Air-Freight Link,KLIA Air-Freight Link :: Kuala Lumpur->KLIA / Sepang,0,3.139,101.6869,2.7456,101.7072,8,2,0.7209
2026-08-05T09:00:00,KLIA Air-Freight Link,KLIA Air-Freight Link :: Kuala Lumpur->KLIA / Sepang,0,3.139,101.6869,2.7456,101.7072,9,2,0.5425
2026-08-05T10:00:00,KLIA Air-Freight Link,KLIA Air-Freight Link :: Kuala Lumpur->KLIA / Sepang,0,3.139,101.6869,2.7456,101.7072,10,2,0.2638
2026-08-05T11:00:00,KLIA Air-Freight Link,KLIA Air-Freight Link :: Kuala Lumpur->KLIA / Sepang,0,3.139,101.6869,2.7456,101.7072,11,2,0.219
2026-08-05T12:00:00,KLIA Air-Freight Link,KLIA Air-Freight Link :: Kuala Lumpur->KLIA / Sepang,0,3.139,101.6869,2.7456,101.7072,12,2,0.2637
2026-08-05T13:00:00,KLIA Air-Freight Link,KLIA Air-Freight Link :: Kuala Lumpur->KLIA / Sepang,0,3.139,101.6869,2.7456,101.7072,13,2,0.1769
2026-08-05T14:00:00,KLIA Air-Freight Link,KLIA Air-Freight Link :: Kuala Lumpur->KLIA / Sepang,0,3.139,101.6869,2.7456,101.7072,14,2,0.1642
2026-08-05T15:00:00,KLIA Air-Freight Link,KLIA Air-Freight Link :: Kuala Lumpur->KLIA / Sepang,0,3.139,101.6869,2.7456,101.7072,15,2,0.339
2026-08-05T16:00:00,KLIA Air-Freight Link,KLIA Air-Freight Link :: Kuala Lumpur->KLIA / Sepang,0,3.139,101.6869,2.7456,101.7072,16,2,0.4198
2026-08-05T17:00:00,KLIA Air-Freight Link,KLIA Air-Freight Link :: Kuala Lumpur->KLIA / Sepang,0,3.139,101.6869,2.7456,101.7072,17,2,0.6122
2026-08-05T18:00:00,KLIA Air-Freight Link,KLIA Air-Freight Link :: Kuala Lumpur->KLIA / Sepang,0,3.139,101.6869,2.7456,101.7072,18,2,0.7515
2026-08-05T19:00:00,KLIA Air-Freight Link,KLIA Air-Freight Link :: Kuala Lumpur->KLIA / Sepang,0,3.139,101.6869,2.7456,101.7072,19,2,0.689
2026-08-05T20:00:00,KLIA Air-Freight Link,KLIA Air-Freight Link :: Kuala Lumpur->KLIA / Sepang,0,3.139,101.6869,2.7456,101.7072,20,2,0.5825
2026-08-05T21:00:00,KLIA Air-Freight Link,KLIA Air-Freight Link :: Kuala Lumpur->KLIA / Sepang,0,3.139,101.6869,2.7456,101.7072,21,2,0.333
2026-08-05T22:00:00,KLIA Air-Freight Link,KLIA Air-Freight Link :: Kuala Lumpur->KLIA / Sepang,0,3.139,101.6869,2.7456,101.7072,22,2,0.2845
2026-08-05T23:00:00,KLIA Air-Freight Link,KLIA Air-Freight Link :: Kuala Lumpur->KLIA / Sepang,0,3.139,101.6869,2.7456,101.7072,23,2,0.1658
2026-08-06T00:00:00,KLIA Air-Freight Link,KLIA Air-Freight Link :: Kuala Lumpur->KLIA / Sepang,0,3.139,101.6869,2.7456,101.7072,0,3,0.1309
2026-08-06T01:00:00,KLIA Air-Freight Link,KLIA Air-Freight Link :: Kuala Lumpur->KLIA / Sepang,0,3.139,101.6869,2.7456,101.7072,1,3,0.1962
2026-08-06T02:00:00,KLIA Air-Freight Link,KLIA Air-Freight Link :: Kuala Lumpur->KLIA / Sepang,0,3.139,101.6869,2.7456,101.7072,2,3,0.199
2026-08-06T03:00:00,KLIA Air-Freight Link,KLIA Air-Freight Link :: Kuala Lumpur->KLIA / Sepang,0,3.139,101.6869,2.7456,101.7072,3,3,0.1287
2026-08-06T04:00:00,KLIA Air-Freight Link,KLIA Air-Freight Link :: Kuala Lumpur->KLIA / Sepang,0,3.139,101.6869,2.7456,101.7072,4,3,0.191
2026-08-06T05:00:00,KLIA Air-Freight Link,KLIA Air-Freight Link :: Kuala Lumpur->KLIA / Sepang,0,3.139,101.6869,2.7456,101.7072,5,3,0.2686
2026-08-06T06:00:00,KLIA Air-Freight Link,KLIA Air-Freight Link :: Kuala Lumpur->KLIA / Sepang,0,3.139,101.6869,2.7456,101.7072,6,3,0.3962
2026-08-06T07:00:00,KLIA Air-Freight Link,KLIA Air-Freight Link :: Kuala Lumpur->KLIA / Sepang,0,3.139,101.6869,2.7456,101.7072,7,3,0.6083
2026-08-06T08:00:00,KLIA Air-Freight Link,KLIA Air-Freight Link :: Kuala Lumpur->KLIA / Sepang,0,3.139,101.6869,2.7456,101.7072,8,3,0.705
2026-08-06T09:00:00,KLIA Air-Freight Link,KLIA Air-Freight Link :: Kuala Lumpur->KLIA / Sepang,0,3.139,101.6869,2.7456,101.7072,9,3,0.5476
2026-08-06T10:00:00,KLIA Air-Freight Link,KLIA Air-Freight Link :: Kuala Lumpur->KLIA / Sepang,0,3.139,101.6869,2.7456,101.7072,10,3,0.3438
2026-08-06T11:00:00,KLIA Air-Freight Link,KLIA Air-Freight Link :: Kuala Lumpur->KLIA / Sepang,0,3.139,101.6869,2.7456,101.7072,11,3,0.1728
2026-08-06T12:00:00,KLIA Air-Freight Link,KLIA Air-Freight Link :: Kuala Lumpur->KLIA / Sepang,0,3.139,101.6869,2.7456,101.7072,12,3,0.3091
2026-08-06T13:00:00,KLIA Air-Freight Link,KLIA Air-Freight Link :: Kuala Lumpur->KLIA / Sepang,0,3.139,101.6869,2.7456,101.7072,13,3,0.198
2026-08-06T14:00:00,KLIA Air-Freight Link,KLIA Air-Freight Link :: Kuala Lumpur->KLIA / Sepang,0,3.139,101.6869,2.7456,101.7072,14,3,0.2015
2026-08-06T15:00:00,KLIA Air-Freight Link,KLIA Air-Freight Link :: Kuala Lumpur->KLIA / Sepang,0,3.139,101.6869,2.7456,101.7072,15,3,0.2277
2026-08-06T16:00:00,KLIA Air-Freight Link,KLIA Air-Freight Link :: Kuala Lumpur->KLIA / Sepang,0,3.139,101.6869,2.7456,101.7072,16,3,0.6158
2026-08-06T17:00:00,KLIA Air-Freight Link,KLIA Air-Freight Link :: Kuala Lumpur->KLIA / Sepang,0,3.139,101.6869,2.7456,101.7072,17,3,0.5784
2026-08-06T18:00:00,KLIA Air-Freight Link,KLIA Air-Freight Link :: Kuala Lumpur->KLIA / Sepang,0,3.139,101.6869,2.7456,101.7072,18,3,0.7168
2026-08-06T19:00:00,KLIA Air-Freight Link,KLIA Air-Freight Link :: Kuala Lumpur->KLIA / Sepang,0,3.139,101.6869,2.7456,101.7072,19,3,0.6678
2026-08-06T20:00:00,KLIA Air-Freight Link,KLIA Air-Freight Link :: Kuala Lumpur->KLIA / Sepang,0,3.139,101.6869,2.7456,101.7072,20,3,0.4756
2026-08-06T21:00:00,KLIA Air-Freight Link,KLIA Air-Freight Link :: Kuala Lumpur->KLIA / Sepang,0,3.139,101.6869,2.7456,101.7072,21,3,0.3409
2026-08-06T22:00:00,KLIA Air-Freight Link,KLIA Air-Freight Link :: Kuala Lumpur->KLIA / Sepang,0,3.139,101.6869,2.7456,101.7072,22,3,0.3234
2026-08-06T23:00:00,KLIA Air-Freight Link,KLIA Air-Freight Link :: Kuala Lumpur->KLIA / Sepang,0,3.139,101.6869,2.7456,101.7072,23,3,0.2266
2026-08-07T00:00:00,KLIA Air-Freight Link,KLIA Air-Freight Link :: Kuala Lumpur->KLIA / Sepang,0,3.139,101.6869,2.7456,101.7072,0,4,0.1291
2026-08-07T01:00:00,KLIA Air-Freight Link,KLIA Air-Freight Link :: Kuala Lumpur->KLIA / Sepang,0,3.139,101.6869,2.7456,101.7072,1,4,0.1771
2026-08-07T02:00:00,KLIA Air-Freight Link,KLIA Air-Freight Link :: Kuala Lumpur->KLIA / Sepang,0,3.139,101.6869,2.7456,101.7072,2,4,0.211
2026-08-07T03:00:00,KLIA Air-Freight Link,KLIA Air-Freight Link :: Kuala Lumpur->KLIA / Sepang,0,3.139,101.6869,2.7456,101.7072,3,4,0.3175
2026-08-07T04:00:00,KLIA Air-Freight Link,KLIA Air-Freight Link :: Kuala Lumpur->KLIA / Sepang,0,3.139,101.6869,2.7456,101.7072,4,4,0.1177
2026-08-07T05:00:00,KLIA Air-Freight Link,KLIA Air-Freight Link :: Kuala Lumpur->KLIA / Sepang,0,3.139,101.6869,2.7456,101.7072,5,4,0.3168
2026-08-07T06:00:00,KLIA Air-Freight Link,KLIA Air-Freight Link :: Kuala Lumpur->KLIA / Sepang,0,3.139,101.6869,2.7456,101.7072,6,4,0.3854
2026-08-07T07:00:00,KLIA Air-Freight Link,KLIA Air-Freight Link :: Kuala Lumpur->KLIA / Sepang,0,3.139,101.6869,2.7456,101.7072,7,4,0.6283
2026-08-07T08:00:00,KLIA Air-Freight Link,KLIA Air-Freight Link :: Kuala Lumpur->KLIA / Sepang,0,3.139,101.6869,2.7456,101.7072,8,4,0.6814
2026-08-07T09:00:00,KLIA Air-Freight Link,KLIA Air-Freight Link :: Kuala Lumpur->KLIA / Sepang,0,3.139,101.6869,2.7456,101.7072,9,4,0.5275
2026-08-07T10:00:00,KLIA Air-Freight Link,KLIA Air-Freight Link :: Kuala Lumpur->KLIA / Sepang,0,3.139,101.6869,2.7456,101.7072,10,4,0.4197
2026-08-07T11:00:00,KLIA Air-Freight Link,KLIA Air-Freight Link :: Kuala Lumpur->KLIA / Sepang,0,3.139,101.6869,2.7456,101.7072,11,4,0.284
2026-08-07T12:00:00,KLIA Air-Freight Link,KLIA Air-Freight Link :: Kuala Lumpur->KLIA / Sepang,0,3.139,101.6869,2.7456,101.7072,12,4,0.2603
2026-08-07T13:00:00,KLIA Air-Freight Link,KLIA Air-Freight Link :: Kuala Lumpur->KLIA / Sepang,0,3.139,101.6869,2.7456,101.7072,13,4,0.1964
2026-08-07T14:00:00,KLIA Air-Freight Link,KLIA Air-Freight Link :: Kuala Lumpur->KLIA / Sepang,0,3.139,101.6869,2.7456,101.7072,14,4,0.179
2026-08-07T15:00:00,KLIA Air-Freight Link,KLIA Air-Freight Link :: Kuala Lumpur->KLIA / Sepang,0,3.139,101.6869,2.7456,101.7072,15,4,0.1899
2026-08-07T16:00:00,KLIA Air-Freight Link,KLIA Air-Freight Link :: Kuala Lumpur->KLIA / Sepang,0,3.139,101.6869,2.7456,101.7072,16,4,0.4888
2026-08-07T17:00:00,KLIA Air-Freight Link,KLIA Air-Freight Link :: Kuala Lumpur->KLIA / Sepang,0,3.139,101.6869,2.7456,101.7072,17,4,0.6682
2026-08-07T18:00:00,KLIA Air-Freight Link,KLIA Air-Freight Link :: Kuala Lumpur->KLIA / Sepang,0,3.139,101.6869,2.7456,101.7072,18,4,0.6846
2026-08-07T19:00:00,KLIA Air-Freight Link,KLIA Air-Freight Link :: Kuala Lumpur->KLIA / Sepang,0,3.139,101.6869,2.7456,101.7072,19,4,0.6105
2026-08-07T20:00:00,KLIA Air-Freight Link,KLIA Air-Freight Link :: Kuala Lumpur->KLIA / Sepang,0,3.139,101.6869,2.7456,101.7072,20,4,0.4116
2026-08-07T21:00:00,KLIA Air-Freight Link,KLIA Air-Freight Link :: Kuala Lumpur->KLIA / Sepang,0,3.139,101.6869,2.7456,101.7072,21,4,0.1944
2026-08-07T22:00:00,KLIA Air-Freight Link,KLIA Air-Freight Link :: Kuala Lumpur->KLIA / Sepang,0,3.139,101.6869,2.7456,101.7072,22,4,0.1659
2026-08-07T23:00:00,KLIA Air-Freight Link,KLIA Air-Freight Link :: Kuala Lumpur->KLIA / Sepang,0,3.139,101.6869,2.7456,101.7072,23,4,0.1282
2026-08-08T00:00:00,KLIA Air-Freight Link,KLIA Air-Freight Link :: Kuala Lumpur->KLIA / Sepang,0,3.139,101.6869,2.7456,101.7072,0,5,0.1678
2026-08-08T01:00:00,KLIA Air-Freight Link,KLIA Air-Freight Link :: Kuala Lumpur->KLIA / Sepang,0,3.139,101.6869,2.7456,101.7072,1,5,0.1482
2026-08-08T02:00:00,KLIA Air-Freight Link,KLIA Air-Freight Link :: Kuala Lumpur->KLIA / Sepang,0,3.139,101.6869,2.7456,101.7072,2,5,0.0949
2026-08-08T03:00:00,KLIA Air-Freight Link,KLIA Air-Freight Link :: Kuala Lumpur->KLIA / Sepang,0,3.139,101.6869,2.7456,101.7072,3,5,0.3148
2026-08-08T04:00:00,KLIA Air-Freight Link,KLIA Air-Freight Link :: Kuala Lumpur->KLIA / Sepang,0,3.139,101.6869,2.7456,101.7072,4,5,0.2767
2026-08-08T05:00:00,KLIA Air-Freight Link,KLIA Air-Freight Link :: Kuala Lumpur->KLIA / Sepang,0,3.139,101.6869,2.7456,101.7072,5,5,0.1979
2026-08-08T06:00:00,KLIA Air-Freight Link,KLIA Air-Freight Link :: Kuala Lumpur->KLIA / Sepang,0,3.139,101.6869,2.7456,101.7072,6,5,0.3909
2026-08-08T07:00:00,KLIA Air-Freight Link,KLIA Air-Freight Link :: Kuala Lumpur->KLIA / Sepang,0,3.139,101.6869,2.7456,101.7072,7,5,0.6031
2026-08-08T08:00:00,KLIA Air-Freight Link,KLIA Air-Freight Link :: Kuala Lumpur->KLIA / Sepang,0,3.139,101.6869,2.7456,101.7072,8,5,0.759
2026-08-08T09:00:00,KLIA Air-Freight Link,KLIA Air-Freight Link :: Kuala Lumpur->KLIA / Sepang,0,3.139,101.6869,2.7456,101.7072,9,5,0.5289
2026-08-08T10:00:00,KLIA Air-Freight Link,KLIA Air-Freight Link :: Kuala Lumpur->KLIA / Sepang,0,3.139,101.6869,2.7456,101.7072,10,5,0.4401
2026-08-08T11:00:00,KLIA Air-Freight Link,KLIA Air-Freight Link :: Kuala Lumpur->KLIA / Sepang,0,3.139,101.6869,2.7456,101.7072,11,5,0.2118
2026-08-08T12:00:00,KLIA Air-Freight Link,KLIA Air-Freight Link :: Kuala Lumpur->KLIA / Sepang,0,3.139,101.6869,2.7456,101.7072,12,5,0.1218
2026-08-08T13:00:00,KLIA Air-Freight Link,KLIA Air-Freight Link :: Kuala Lumpur->KLIA / Sepang,0,3.139,101.6869,2.7456,101.7072,13,5,0.2406
2026-08-08T14:00:00,KLIA Air-Freight Link,KLIA Air-Freight Link :: Kuala Lumpur->KLIA / Sepang,0,3.139,101.6869,2.7456,101.7072,14,5,0.2924
2026-08-08T15:00:00,KLIA Air-Freight Link,KLIA Air-Freight Link :: Kuala Lumpur->KLIA / Sepang,0,3.139,101.6869,2.7456,101.7072,15,5,0.4387
2026-08-08T16:00:00,KLIA Air-Freight Link,KLIA Air-Freight Link :: Kuala Lumpur->KLIA / Sepang,0,3.139,101.6869,2.7456,101.7072,16,5,0.3676
2026-08-08T17:00:00,KLIA Air-Freight Link,KLIA Air-Freight Link :: Kuala Lumpur->KLIA / Sepang,0,3.139,101.6869,2.7456,101.7072,17,5,0.6847
2026-08-08T18:00:00,KLIA Air-Freight Link,KLIA Air-Freight Link :: Kuala Lumpur->KLIA / Sepang,0,3.139,101.6869,2.7456,101.7072,18,5,0.7179
2026-08-08T19:00:00,KLIA Air-Freight Link,KLIA Air-Freight Link :: Kuala Lumpur->KLIA / Sepang,0,3.139,101.6869,2.7456,101.7072,19,5,0.6898
2026-08-08T20:00:00,KLIA Air-Freight Link,KLIA Air-Freight Link :: Kuala Lumpur->KLIA / Sepang,0,3.139,101.6869,2.7456,101.7072,20,5,0.3514
2026-08-08T21:00:00,KLIA Air-Freight Link,KLIA Air-Freight Link :: Kuala Lumpur->KLIA / Sepang,0,3.139,101.6869,2.7456,101.7072,21,5,0.2076
2026-08-08T22:00:00,KLIA Air-Freight Link,KLIA Air-Freight Link :: Kuala Lumpur->KLIA / Sepang,0,3.139,101.6869,2.7456,101.7072,22,5,0.1684
2026-08-08T23:00:00,KLIA Air-Freight Link,KLIA Air-Freight Link :: Kuala Lumpur->KLIA / Sepang,0,3.139,101.6869,2.7456,101.7072,23,5,0.2009
2026-08-09T00:00:00,KLIA Air-Freight Link,KLIA Air-Freight Link :: Kuala Lumpur->KLIA / Sepang,0,3.139,101.6869,2.7456,101.7072,0,6,0.154
2026-08-09T01:00:00,KLIA Air-Freight Link,KLIA Air-Freight Link :: Kuala Lumpur->KLIA / Sepang,0,3.139,101.6869,2.7456,101.7072,1,6,0.232
2026-08-09T02:00:00,KLIA Air-Freight Link,KLIA Air-Freight Link :: Kuala Lumpur->KLIA / Sepang,0,3.139,101.6869,2.7456,101.7072,2,6,0.2542
2026-08-09T03:00:00,KLIA Air-Freight Link,KLIA Air-Freight Link :: Kuala Lumpur->KLIA / Sepang,0,3.139,101.6869,2.7456,101.7072,3,6,0.2294
2026-08-09T04:00:00,KLIA Air-Freight Link,KLIA Air-Freight Link :: Kuala Lumpur->KLIA / Sepang,0,3.139,101.6869,2.7456,101.7072,4,6,0.2987
2026-08-09T05:00:00,KLIA Air-Freight Link,KLIA Air-Freight Link :: Kuala Lumpur->KLIA / Sepang,0,3.139,101.6869,2.7456,101.7072,5,6,0.2696
2026-08-09T06:00:00,KLIA Air-Freight Link,KLIA Air-Freight Link :: Kuala Lumpur->KLIA / Sepang,0,3.139,101.6869,2.7456,101.7072,6,6,0.3016
2026-08-09T07:00:00,KLIA Air-Freight Link,KLIA Air-Freight Link :: Kuala Lumpur->KLIA / Sepang,0,3.139,101.6869,2.7456,101.7072,7,6,0.6598
2026-08-09T08:00:00,KLIA Air-Freight Link,KLIA Air-Freight Link :: Kuala Lumpur->KLIA / Sepang,0,3.139,101.6869,2.7456,101.7072,8,6,0.6512
2026-08-09T09:00:00,KLIA Air-Freight Link,KLIA Air-Freight Link :: Kuala Lumpur->KLIA / Sepang,0,3.139,101.6869,2.7456,101.7072,9,6,0.6326
2026-08-09T10:00:00,KLIA Air-Freight Link,KLIA Air-Freight Link :: Kuala Lumpur->KLIA / Sepang,0,3.139,101.6869,2.7456,101.7072,10,6,0.469
2026-08-09T11:00:00,KLIA Air-Freight Link,KLIA Air-Freight Link :: Kuala Lumpur->KLIA / Sepang,0,3.139,101.6869,2.7456,101.7072,11,6,0.2721
2026-08-09T12:00:00,KLIA Air-Freight Link,KLIA Air-Freight Link :: Kuala Lumpur->KLIA / Sepang,0,3.139,101.6869,2.7456,101.7072,12,6,0.1122
2026-08-09T13:00:00,KLIA Air-Freight Link,KLIA Air-Freight Link :: Kuala Lumpur->KLIA / Sepang,0,3.139,101.6869,2.7456,101.7072,13,6,0.1421
2026-08-09T14:00:00,KLIA Air-Freight Link,KLIA Air-Freight Link :: Kuala Lumpur->KLIA / Sepang,0,3.139,101.6869,2.7456,101.7072,14,6,0.2943
2026-08-09T15:00:00,KLIA Air-Freight Link,KLIA Air-Freight Link :: Kuala Lumpur->KLIA / Sepang,0,3.139,101.6869,2.7456,101.7072,15,6,0.2733
2026-08-09T16:00:00,KLIA Air-Freight Link,KLIA Air-Freight Link :: Kuala Lumpur->KLIA / Sepang,0,3.139,101.6869,2.7456,101.7072,16,6,0.4444
2026-08-09T17:00:00,KLIA Air-Freight Link,KLIA Air-Freight Link :: Kuala Lumpur->KLIA / Sepang,0,3.139,101.6869,2.7456,101.7072,17,6,0.6883
2026-08-09T18:00:00,KLIA Air-Freight Link,KLIA Air-Freight Link :: Kuala Lumpur->KLIA / Sepang,0,3.139,101.6869,2.7456,101.7072,18,6,0.7843
2026-08-09T19:00:00,KLIA Air-Freight Link,KLIA Air-Freight Link :: Kuala Lumpur->KLIA / Sepang,0,3.139,101.6869,2.7456,101.7072,19,6,0.6595
2026-08-09T20:00:00,KLIA Air-Freight Link,KLIA Air-Freight Link :: Kuala Lumpur->KLIA / Sepang,0,3.139,101.6869,2.7456,101.7072,20,6,0.4271
2026-08-09T21:00:00,KLIA Air-Freight Link,KLIA Air-Freight Link :: Kuala Lumpur->KLIA / Sepang,0,3.139,101.6869,2.7456,101.7072,21,6,0.2647
2026-08-09T22:00:00,KLIA Air-Freight Link,KLIA Air-Freight Link :: Kuala Lumpur->KLIA / Sepang,0,3.139,101.6869,2.7456,101.7072,22,6,0.2664
2026-08-09T23:00:00,KLIA Air-Freight Link,KLIA Air-Freight Link :: Kuala Lumpur->KLIA / Sepang,0,3.139,101.6869,2.7456,101.7072,23,6,0.2294
2026-08-10T00:00:00,KLIA Air-Freight Link,KLIA Air-Freight Link :: Kuala Lumpur->KLIA / Sepang,0,3.139,101.6869,2.7456,101.7072,0,0,0.1771
2026-08-10T01:00:00,KLIA Air-Freight Link,KLIA Air-Freight Link :: Kuala Lumpur->KLIA / Sepang,0,3.139,101.6869,2.7456,101.7072,1,0,0.2574
2026-08-10T02:00:00,KLIA Air-Freight Link,KLIA Air-Freight Link :: Kuala Lumpur->KLIA / Sepang,0,3.139,101.6869,2.7456,101.7072,2,0,0.1848
2026-08-10T03:00:00,KLIA Air-Freight Link,KLIA Air-Freight Link :: Kuala Lumpur->KLIA / Sepang,0,3.139,101.6869,2.7456,101.7072,3,0,0.1424
2026-08-10T04:00:00,KLIA Air-Freight Link,KLIA Air-Freight Link :: Kuala Lumpur->KLIA / Sepang,0,3.139,101.6869,2.7456,101.7072,4,0,0.156
2026-08-10T05:00:00,KLIA Air-Freight Link,KLIA Air-Freight Link :: Kuala Lumpur->KLIA / Sepang,0,3.139,101.6869,2.7456,101.7072,5,0,0.1859
2026-08-10T06:00:00,KLIA Air-Freight Link,KLIA Air-Freight Link :: Kuala Lumpur->KLIA / Sepang,0,3.139,101.6869,2.7456,101.7072,6,0,0.3583
2026-08-10T07:00:00,KLIA Air-Freight Link,KLIA Air-Freight Link :: Kuala Lumpur->KLIA / Sepang,0,3.139,101.6869,2.7456,101.7072,7,0,0.652
2026-08-10T08:00:00,KLIA Air-Freight Link,KLIA Air-Freight Link :: Kuala Lumpur->KLIA / Sepang,0,3.139,101.6869,2.7456,101.7072,8,0,0.6392
2026-08-10T09:00:00,KLIA Air-Freight Link,KLIA Air-Freight Link :: Kuala Lumpur->KLIA / Sepang,0,3.139,101.6869,2.7456,101.7072,9,0,0.5893
2026-08-10T10:00:00,KLIA Air-Freight Link,KLIA Air-Freight Link :: Kuala Lumpur->KLIA / Sepang,0,3.139,101.6869,2.7456,101.7072,10,0,0.3352
2026-08-10T11:00:00,KLIA Air-Freight Link,KLIA Air-Freight Link :: Kuala Lumpur->KLIA / Sepang,0,3.139,101.6869,2.7456,101.7072,11,0,0.2291
2026-08-10T12:00:00,KLIA Air-Freight Link,KLIA Air-Freight Link :: Kuala Lumpur->KLIA / Sepang,0,3.139,101.6869,2.7456,101.7072,12,0,0.1114
2026-08-10T13:00:00,KLIA Air-Freight Link,KLIA Air-Freight Link :: Kuala Lumpur->KLIA / Sepang,0,3.139,101.6869,2.7456,101.7072,13,0,0.1839
2026-08-10T14:00:00,KLIA Air-Freight Link,KLIA Air-Freight Link :: Kuala Lumpur->KLIA / Sepang,0,3.139,101.6869,2.7456,101.7072,14,0,0.2034
2026-08-10T15:00:00,KLIA Air-Freight Link,KLIA Air-Freight Link :: Kuala Lumpur->KLIA / Sepang,0,3.139,101.6869,2.7456,101.7072,15,0,0.3158
2026-08-10T16:00:00,KLIA Air-Freight Link,KLIA Air-Freight Link :: Kuala Lumpur->KLIA / Sepang,0,3.139,101.6869,2.7456,101.7072,16,0,0.453
2026-08-10T17:00:00,KLIA Air-Freight Link,KLIA Air-Freight Link :: Kuala Lumpur->KLIA / Sepang,0,3.139,101.6869,2.7456,101.7072,17,0,0.5709
2026-08-10T18:00:00,KLIA Air-Freight Link,KLIA Air-Freight Link :: Kuala Lumpur->KLIA / Sepang,0,3.139,101.6869,2.7456,101.7072,18,0,0.8076
2026-08-10T19:00:00,KLIA Air-Freight Link,KLIA Air-Freight Link :: Kuala Lumpur->KLIA / Sepang,0,3.139,101.6869,2.7456,101.7072,19,0,0.6554
2026-08-10T20:00:00,KLIA Air-Freight Link,KLIA Air-Freight Link :: Kuala Lumpur->KLIA / Sepang,0,3.139,101.6869,2.7456,101.7072,20,0,0.4515
2026-08-10T21:00:00,KLIA Air-Freight Link,KLIA Air-Freight Link :: Kuala Lumpur->KLIA / Sepang,0,3.139,101.6869,2.7456,101.7072,21,0,0.2829
2026-08-10T22:00:00,KLIA Air-Freight Link,KLIA Air-Freight Link :: Kuala Lumpur->KLIA / Sepang,0,3.139,101.6869,2.7456,101.7072,22,0,0.1839
2026-08-10T23:00:00,KLIA Air-Freight Link,KLIA Air-Freight Link :: Kuala Lumpur->KLIA / Sepang,0,3.139,101.6869,2.7456,101.7072,23,0,0.2093
2026-08-11T00:00:00,KLIA Air-Freight Link,KLIA Air-Freight Link :: Kuala Lumpur->KLIA / Sepang,0,3.139,101.6869,2.7456,101.7072,0,1,0.221
2026-08-11T01:00:00,KLIA Air-Freight Link,KLIA Air-Freight Link :: Kuala Lumpur->KLIA / Sepang,0,3.139,101.6869,2.7456,101.7072,1,1,0.0877
2026-08-11T02:00:00,KLIA Air-Freight Link,KLIA Air-Freight Link :: Kuala Lumpur->KLIA / Sepang,0,3.139,101.6869,2.7456,101.7072,2,1,0.1602
2026-08-11T03:00:00,KLIA Air-Freight Link,KLIA Air-Freight Link :: Kuala Lumpur->KLIA / Sepang,0,3.139,101.6869,2.7456,101.7072,3,1,0.1782
2026-08-11T04:00:00,KLIA Air-Freight Link,KLIA Air-Freight Link :: Kuala Lumpur->KLIA / Sepang,0,3.139,101.6869,2.7456,101.7072,4,1,0.2169
2026-08-11T05:00:00,KLIA Air-Freight Link,KLIA Air-Freight Link :: Kuala Lumpur->KLIA / Sepang,0,3.139,101.6869,2.7456,101.7072,5,1,0.3163
2026-08-11T06:00:00,KLIA Air-Freight Link,KLIA Air-Freight Link :: Kuala Lumpur->KLIA / Sepang,0,3.139,101.6869,2.7456,101.7072,6,1,0.3283
2026-08-11T07:00:00,KLIA Air-Freight Link,KLIA Air-Freight Link :: Kuala Lumpur->KLIA / Sepang,0,3.139,101.6869,2.7456,101.7072,7,1,0.5481
2026-08-11T08:00:00,KLIA Air-Freight Link,KLIA Air-Freight Link :: Kuala Lumpur->KLIA / Sepang,0,3.139,101.6869,2.7456,101.7072,8,1,0.6567
2026-08-11T09:00:00,KLIA Air-Freight Link,KLIA Air-Freight Link :: Kuala Lumpur->KLIA / Sepang,0,3.139,101.6869,2.7456,101.7072,9,1,0.5299
2026-08-11T10:00:00,KLIA Air-Freight Link,KLIA Air-Freight Link :: Kuala Lumpur->KLIA / Sepang,0,3.139,101.6869,2.7456,101.7072,10,1,0.3538
2026-08-11T11:00:00,KLIA Air-Freight Link,KLIA Air-Freight Link :: Kuala Lumpur->KLIA / Sepang,0,3.139,101.6869,2.7456,101.7072,11,1,0.291
2026-08-11T12:00:00,KLIA Air-Freight Link,KLIA Air-Freight Link :: Kuala Lumpur->KLIA / Sepang,0,3.139,101.6869,2.7456,101.7072,12,1,0.1387
2026-08-11T13:00:00,KLIA Air-Freight Link,KLIA Air-Freight Link :: Kuala Lumpur->KLIA / Sepang,0,3.139,101.6869,2.7456,101.7072,13,1,0.2228
2026-08-11T14:00:00,KLIA Air-Freight Link,KLIA Air-Freight Link :: Kuala Lumpur->KLIA / Sepang,0,3.139,101.6869,2.7456,101.7072,14,1,0.1129
2026-08-11T15:00:00,KLIA Air-Freight Link,KLIA Air-Freight Link :: Kuala Lumpur->KLIA / Sepang,0,3.139,101.6869,2.7456,101.7072,15,1,0.2497
2026-08-11T16:00:00,KLIA Air-Freight Link,KLIA Air-Freight Link :: Kuala Lumpur->KLIA / Sepang,0,3.139,101.6869,2.7456,101.7072,16,1,0.4199
2026-08-11T17:00:00,KLIA Air-Freight Link,KLIA Air-Freight Link :: Kuala Lumpur->KLIA / Sepang,0,3.139,101.6869,2.7456,101.7072,17,1,0.7433
2026-08-11T18:00:00,KLIA Air-Freight Link,KLIA Air-Freight Link :: Kuala Lumpur->KLIA / Sepang,0,3.139,101.6869,2.7456,101.7072,18,1,0.726
2026-08-11T19:00:00,KLIA Air-Freight Link,KLIA Air-Freight Link :: Kuala Lumpur->KLIA / Sepang,0,3.139,101.6869,2.7456,101.7072,19,1,0.5107
2026-08-11T20:00:00,KLIA Air-Freight Link,KLIA Air-Freight Link :: Kuala Lumpur->KLIA / Sepang,0,3.139,101.6869,2.7456,101.7072,20,1,0.3197
2026-08-11T21:00:00,KLIA Air-Freight Link,KLIA Air-Freight Link :: Kuala Lumpur->KLIA / Sepang,0,3.139,101.6869,2.7456,101.7072,21,1,0.2855
2026-08-11T22:00:00,KLIA Air-Freight Link,KLIA Air-Freight Link :: Kuala Lumpur->KLIA / Sepang,0,3.139,101.6869,2.7456,101.7072,22,1,0.2517
2026-08-11T23:00:00,KLIA Air-Freight Link,KLIA Air-Freight Link :: Kuala Lumpur->KLIA / Sepang,0,3.139,101.6869,2.7456,101.7072,23,1,0.2187
2026-08-12T00:00:00,KLIA Air-Freight Link,KLIA Air-Freight Link :: Kuala Lumpur->KLIA / Sepang,0,3.139,101.6869,2.7456,101.7072,0,2,0.2026
2026-08-12T01:00:00,KLIA Air-Freight Link,KLIA Air-Freight Link :: Kuala Lumpur->KLIA / Sepang,0,3.139,101.6869,2.7456,101.7072,1,2,0.2622
2026-08-12T02:00:00,KLIA Air-Freight Link,KLIA Air-Freight Link :: Kuala Lumpur->KLIA / Sepang,0,3.139,101.6869,2.7456,101.7072,2,2,0.1602
2026-08-12T03:00:00,KLIA Air-Freight Link,KLIA Air-Freight Link :: Kuala Lumpur->KLIA / Sepang,0,3.139,101.6869,2.7456,101.7072,3,2,0.2472
2026-08-12T04:00:00,KLIA Air-Freight Link,KLIA Air-Freight Link :: Kuala Lumpur->KLIA / Sepang,0,3.139,101.6869,2.7456,101.7072,4,2,0.1036
2026-08-12T05:00:00,KLIA Air-Freight Link,KLIA Air-Freight Link :: Kuala Lumpur->KLIA / Sepang,0,3.139,101.6869,2.7456,101.7072,5,2,0.1904
2026-08-12T06:00:00,KLIA Air-Freight Link,KLIA Air-Freight Link :: Kuala Lumpur->KLIA / Sepang,0,3.139,101.6869,2.7456,101.7072,6,2,0.2662
2026-08-12T07:00:00,KLIA Air-Freight Link,KLIA Air-Freight Link :: Kuala Lumpur->KLIA / Sepang,0,3.139,101.6869,2.7456,101.7072,7,2,0.5615
2026-08-12T08:00:00,KLIA Air-Freight Link,KLIA Air-Freight Link :: Kuala Lumpur->KLIA / Sepang,0,3.139,101.6869,2.7456,101.7072,8,2,0.6847
2026-08-12T09:00:00,KLIA Air-Freight Link,KLIA Air-Freight Link :: Kuala Lumpur->KLIA / Sepang,0,3.139,101.6869,2.7456,101.7072,9,2,0.5849
2026-08-12T10:00:00,KLIA Air-Freight Link,KLIA Air-Freight Link :: Kuala Lumpur->KLIA / Sepang,0,3.139,101.6869,2.7456,101.7072,10,2,0.3783
2026-08-12T11:00:00,KLIA Air-Freight Link,KLIA Air-Freight Link :: Kuala Lumpur->KLIA / Sepang,0,3.139,101.6869,2.7456,101.7072,11,2,0.189
2026-08-12T12:00:00,KLIA Air-Freight Link,KLIA Air-Freight Link :: Kuala Lumpur->KLIA / Sepang,0,3.139,101.6869,2.7456,101.7072,12,2,0.1906
2026-08-12T13:00:00,KLIA Air-Freight Link,KLIA Air-Freight Link :: Kuala Lumpur->KLIA / Sepang,0,3.139,101.6869,2.7456,101.7072,13,2,0.1073
2026-08-12T14:00:00,KLIA Air-Freight Link,KLIA Air-Freight Link :: Kuala Lumpur->KLIA / Sepang,0,3.139,101.6869,2.7456,101.7072,14,2,0.2968
2026-08-12T15:00:00,KLIA Air-Freight Link,KLIA Air-Freight Link :: Kuala Lumpur->KLIA / Sepang,0,3.139,101.6869,2.7456,101.7072,15,2,0.2652
2026-08-12T16:00:00,KLIA Air-Freight Link,KLIA Air-Freight Link :: Kuala Lumpur->KLIA / Sepang,0,3.139,101.6869,2.7456,101.7072,16,2,0.4103
2026-08-12T17:00:00,KLIA Air-Freight Link,KLIA Air-Freight Link :: Kuala Lumpur->KLIA / Sepang,0,3.139,101.6869,2.7456,101.7072,17,2,0.7381
2026-08-12T18:00:00,KLIA Air-Freight Link,KLIA Air-Freight Link :: Kuala Lumpur->KLIA / Sepang,0,3.139,101.6869,2.7456,101.7072,18,2,0.668
2026-08-12T19:00:00,KLIA Air-Freight Link,KLIA Air-Freight Link :: Kuala Lumpur->KLIA / Sepang,0,3.139,101.6869,2.7456,101.7072,19,2,0.5753
2026-08-12T20:00:00,KLIA Air-Freight Link,KLIA Air-Freight Link :: Kuala Lumpur->KLIA / Sepang,0,3.139,101.6869,2.7456,101.7072,20,2,0.3739
2026-08-12T21:00:00,KLIA Air-Freight Link,KLIA Air-Freight Link :: Kuala Lumpur->KLIA / Sepang,0,3.139,101.6869,2.7456,101.7072,21,2,0.2793
2026-08-12T22:00:00,KLIA Air-Freight Link,KLIA Air-Freight Link :: Kuala Lumpur->KLIA / Sepang,0,3.139,101.6869,2.7456,101.7072,22,2,0.2408
2026-08-12T23:00:00,KLIA Air-Freight Link,KLIA Air-Freight Link :: Kuala Lumpur->KLIA / Sepang,0,3.139,101.6869,2.7456,101.7072,23,2,0.2406
2026-08-13T00:00:00,KLIA Air-Freight Link,KLIA Air-Freight Link :: Kuala Lumpur->KLIA / Sepang,0,3.139,101.6869,2.7456,101.7072,0,3,0.3468
2026-08-13T01:00:00,KLIA Air-Freight Link,KLIA Air-Freight Link :: Kuala Lumpur->KLIA / Sepang,0,3.139,101.6869,2.7456,101.7072,1,3,0.0575
2026-08-13T02:00:00,KLIA Air-Freight Link,KLIA Air-Freight Link :: Kuala Lumpur->KLIA / Sepang,0,3.139,101.6869,2.7456,101.7072,2,3,0.2291
2026-08-13T03:00:00,KLIA Air-Freight Link,KLIA Air-Freight Link :: Kuala Lumpur->KLIA / Sepang,0,3.139,101.6869,2.7456,101.7072,3,3,0.16
2026-08-13T04:00:00,KLIA Air-Freight Link,KLIA Air-Freight Link :: Kuala Lumpur->KLIA / Sepang,0,3.139,101.6869,2.7456,101.7072,4,3,0.1664
2026-08-13T05:00:00,KLIA Air-Freight Link,KLIA Air-Freight Link :: Kuala Lumpur->KLIA / Sepang,0,3.139,101.6869,2.7456,101.7072,5,3,0.2075
2026-08-13T06:00:00,KLIA Air-Freight Link,KLIA Air-Freight Link :: Kuala Lumpur->KLIA / Sepang,0,3.139,101.6869,2.7456,101.7072,6,3,0.3201
2026-08-13T07:00:00,KLIA Air-Freight Link,KLIA Air-Freight Link :: Kuala Lumpur->KLIA / Sepang,0,3.139,101.6869,2.7456,101.7072,7,3,0.6791
2026-08-13T08:00:00,KLIA Air-Freight Link,KLIA Air-Freight Link :: Kuala Lumpur->KLIA / Sepang,0,3.139,101.6869,2.7456,101.7072,8,3,0.738
2026-08-13T09:00:00,KLIA Air-Freight Link,KLIA Air-Freight Link :: Kuala Lumpur->KLIA / Sepang,0,3.139,101.6869,2.7456,101.7072,9,3,0.5794
2026-08-13T10:00:00,KLIA Air-Freight Link,KLIA Air-Freight Link :: Kuala Lumpur->KLIA / Sepang,0,3.139,101.6869,2.7456,101.7072,10,3,0.4557
2026-08-13T11:00:00,KLIA Air-Freight Link,KLIA Air-Freight Link :: Kuala Lumpur->KLIA / Sepang,0,3.139,101.6869,2.7456,101.7072,11,3,0.154
2026-08-13T12:00:00,KLIA Air-Freight Link,KLIA Air-Freight Link :: Kuala Lumpur->KLIA / Sepang,0,3.139,101.6869,2.7456,101.7072,12,3,0.1221
2026-08-13T13:00:00,KLIA Air-Freight Link,KLIA Air-Freight Link :: Kuala Lumpur->KLIA / Sepang,0,3.139,101.6869,2.7456,101.7072,13,3,0.0665
2026-08-13T14:00:00,KLIA Air-Freight Link,KLIA Air-Freight Link :: Kuala Lumpur->KLIA / Sepang,0,3.139,101.6869,2.7456,101.7072,14,3,0.173
2026-08-13T15:00:00,KLIA Air-Freight Link,KLIA Air-Freight Link :: Kuala Lumpur->KLIA / Sepang,0,3.139,101.6869,2.7456,101.7072,15,3,0.2931
2026-08-13T16:00:00,KLIA Air-Freight Link,KLIA Air-Freight Link :: Kuala Lumpur->KLIA / Sepang,0,3.139,101.6869,2.7456,101.7072,16,3,0.4458
2026-08-13T17:00:00,KLIA Air-Freight Link,KLIA Air-Freight Link :: Kuala Lumpur->KLIA / Sepang,0,3.139,101.6869,2.7456,101.7072,17,3,0.6518
2026-08-13T18:00:00,KLIA Air-Freight Link,KLIA Air-Freight Link :: Kuala Lumpur->KLIA / Sepang,0,3.139,101.6869,2.7456,101.7072,18,3,0.6578
2026-08-13T19:00:00,KLIA Air-Freight Link,KLIA Air-Freight Link :: Kuala Lumpur->KLIA / Sepang,0,3.139,101.6869,2.7456,101.7072,19,3,0.691
2026-08-13T20:00:00,KLIA Air-Freight Link,KLIA Air-Freight Link :: Kuala Lumpur->KLIA / Sepang,0,3.139,101.6869,2.7456,101.7072,20,3,0.454
2026-08-13T21:00:00,KLIA Air-Freight Link,KLIA Air-Freight Link :: Kuala Lumpur->KLIA / Sepang,0,3.139,101.6869,2.7456,101.7072,21,3,0.3274
2026-08-13T22:00:00,KLIA Air-Freight Link,KLIA Air-Freight Link :: Kuala Lumpur->KLIA / Sepang,0,3.139,101.6869,2.7456,101.7072,22,3,0.1014
2026-08-13T23:00:00,KLIA Air-Freight Link,KLIA Air-Freight Link :: Kuala Lumpur->KLIA / Sepang,0,3.139,101.6869,2.7456,101.7072,23,3,0.2149
2026-08-14T00:00:00,KLIA Air-Freight Link,KLIA Air-Freight Link :: Kuala Lumpur->KLIA / Sepang,0,3.139,101.6869,2.7456,101.7072,0,4,0.1212
2026-08-14T01:00:00,KLIA Air-Freight Link,KLIA Air-Freight Link :: Kuala Lumpur->KLIA / Sepang,0,3.139,101.6869,2.7456,101.7072,1,4,0.1687
2026-08-14T02:00:00,KLIA Air-Freight Link,KLIA Air-Freight Link :: Kuala Lumpur->KLIA / Sepang,0,3.139,101.6869,2.7456,101.7072,2,4,0.2246
2026-08-14T03:00:00,KLIA Air-Freight Link,KLIA Air-Freight Link :: Kuala Lumpur->KLIA / Sepang,0,3.139,101.6869,2.7456,101.7072,3,4,0.1989
2026-08-14T04:00:00,KLIA Air-Freight Link,KLIA Air-Freight Link :: Kuala Lumpur->KLIA / Sepang,0,3.139,101.6869,2.7456,101.7072,4,4,0.1505
2026-08-14T05:00:00,KLIA Air-Freight Link,KLIA Air-Freight Link :: Kuala Lumpur->KLIA / Sepang,0,3.139,101.6869,2.7456,101.7072,5,4,0.245
2026-08-14T06:00:00,KLIA Air-Freight Link,KLIA Air-Freight Link :: Kuala Lumpur->KLIA / Sepang,0,3.139,101.6869,2.7456,101.7072,6,4,0.2827
2026-08-14T07:00:00,KLIA Air-Freight Link,KLIA Air-Freight Link :: Kuala Lumpur->KLIA / Sepang,0,3.139,101.6869,2.7456,101.7072,7,4,0.647
2026-08-14T08:00:00,KLIA Air-Freight Link,KLIA Air-Freight Link :: Kuala Lumpur->KLIA / Sepang,0,3.139,101.6869,2.7456,101.7072,8,4,0.6752
2026-08-14T09:00:00,KLIA Air-Freight Link,KLIA Air-Freight Link :: Kuala Lumpur->KLIA / Sepang,0,3.139,101.6869,2.7456,101.7072,9,4,0.6451
2026-08-14T10:00:00,KLIA Air-Freight Link,KLIA Air-Freight Link :: Kuala Lumpur->KLIA / Sepang,0,3.139,101.6869,2.7456,101.7072,10,4,0.343
2026-08-14T11:00:00,KLIA Air-Freight Link,KLIA Air-Freight Link :: Kuala Lumpur->KLIA / Sepang,0,3.139,101.6869,2.7456,101.7072,11,4,0.2133
2026-08-14T12:00:00,KLIA Air-Freight Link,KLIA Air-Freight Link :: Kuala Lumpur->KLIA / Sepang,0,3.139,101.6869,2.7456,101.7072,12,4,0.1561
2026-08-14T13:00:00,KLIA Air-Freight Link,KLIA Air-Freight Link :: Kuala Lumpur->KLIA / Sepang,0,3.139,101.6869,2.7456,101.7072,13,4,0.2497
2026-08-14T14:00:00,KLIA Air-Freight Link,KLIA Air-Freight Link :: Kuala Lumpur->KLIA / Sepang,0,3.139,101.6869,2.7456,101.7072,14,4,0.1724
2026-08-14T15:00:00,KLIA Air-Freight Link,KLIA Air-Freight Link :: Kuala Lumpur->KLIA / Sepang,0,3.139,101.6869,2.7456,101.7072,15,4,0.3221
2026-08-14T16:00:00,KLIA Air-Freight Link,KLIA Air-Freight Link :: Kuala Lumpur->KLIA / Sepang,0,3.139,101.6869,2.7456,101.7072,16,4,0.4167
2026-08-14T17:00:00,KLIA Air-Freight Link,KLIA Air-Freight Link :: Kuala Lumpur->KLIA / Sepang,0,3.139,101.6869,2.7456,101.7072,17,4,0.5242
2026-08-14T18:00:00,KLIA Air-Freight Link,KLIA Air-Freight Link :: Kuala Lumpur->KLIA / Sepang,0,3.139,101.6869,2.7456,101.7072,18,4,0.7083
2026-08-14T19:00:00,KLIA Air-Freight Link,KLIA Air-Freight Link :: Kuala Lumpur->KLIA / Sepang,0,3.139,101.6869,2.7456,101.7072,19,4,0.5721
2026-08-14T20:00:00,KLIA Air-Freight Link,KLIA Air-Freight Link :: Kuala Lumpur->KLIA / Sepang,0,3.139,101.6869,2.7456,101.7072,20,4,0.4417
2026-08-14T21:00:00,KLIA Air-Freight Link,KLIA Air-Freight Link :: Kuala Lumpur->KLIA / Sepang,0,3.139,101.6869,2.7456,101.7072,21,4,0.212
2026-08-14T22:00:00,KLIA Air-Freight Link,KLIA Air-Freight Link :: Kuala Lumpur->KLIA / Sepang,0,3.139,101.6869,2.7456,101.7072,22,4,0.2705
2026-08-14T23:00:00,KLIA Air-Freight Link,KLIA Air-Freight Link :: Kuala Lumpur->KLIA / Sepang,0,3.139,101.6869,2.7456,101.7072,23,4,0.1907
2026-08-15T00:00:00,KLIA Air-Freight Link,KLIA Air-Freight Link :: Kuala Lumpur->KLIA / Sepang,0,3.139,101.6869,2.7456,101.7072,0,5,0.1818
2026-08-15T01:00:00,KLIA Air-Freight Link,KLIA Air-Freight Link :: Kuala Lumpur->KLIA / Sepang,0,3.139,101.6869,2.7456,101.7072,1,5,0.2319
2026-08-15T02:00:00,KLIA Air-Freight Link,KLIA Air-Freight Link :: Kuala Lumpur->KLIA / Sepang,0,3.139,101.6869,2.7456,101.7072,2,5,0.2504
2026-08-15T03:00:00,KLIA Air-Freight Link,KLIA Air-Freight Link :: Kuala Lumpur->KLIA / Sepang,0,3.139,101.6869,2.7456,101.7072,3,5,0.1922
2026-08-15T04:00:00,KLIA Air-Freight Link,KLIA Air-Freight Link :: Kuala Lumpur->KLIA / Sepang,0,3.139,101.6869,2.7456,101.7072,4,5,0.1553
2026-08-15T05:00:00,KLIA Air-Freight Link,KLIA Air-Freight Link :: Kuala Lumpur->KLIA / Sepang,0,3.139,101.6869,2.7456,101.7072,5,5,0.1382
2026-08-15T06:00:00,KLIA Air-Freight Link,KLIA Air-Freight Link :: Kuala Lumpur->KLIA / Sepang,0,3.139,101.6869,2.7456,101.7072,6,5,0.3334
2026-08-15T07:00:00,KLIA Air-Freight Link,KLIA Air-Freight Link :: Kuala Lumpur->KLIA / Sepang,0,3.139,101.6869,2.7456,101.7072,7,5,0.541
2026-08-15T08:00:00,KLIA Air-Freight Link,KLIA Air-Freight Link :: Kuala Lumpur->KLIA / Sepang,0,3.139,101.6869,2.7456,101.7072,8,5,0.6939
2026-08-15T09:00:00,KLIA Air-Freight Link,KLIA Air-Freight Link :: Kuala Lumpur->KLIA / Sepang,0,3.139,101.6869,2.7456,101.7072,9,5,0.5573
2026-08-15T10:00:00,KLIA Air-Freight Link,KLIA Air-Freight Link :: Kuala Lumpur->KLIA / Sepang,0,3.139,101.6869,2.7456,101.7072,10,5,0.4159
2026-08-15T11:00:00,KLIA Air-Freight Link,KLIA Air-Freight Link :: Kuala Lumpur->KLIA / Sepang,0,3.139,101.6869,2.7456,101.7072,11,5,0.2079
2026-08-15T12:00:00,KLIA Air-Freight Link,KLIA Air-Freight Link :: Kuala Lumpur->KLIA / Sepang,0,3.139,101.6869,2.7456,101.7072,12,5,0.1986
2026-08-15T13:00:00,KLIA Air-Freight Link,KLIA Air-Freight Link :: Kuala Lumpur->KLIA / Sepang,0,3.139,101.6869,2.7456,101.7072,13,5,0.2682
2026-08-15T14:00:00,KLIA Air-Freight Link,KLIA Air-Freight Link :: Kuala Lumpur->KLIA / Sepang,0,3.139,101.6869,2.7456,101.7072,14,5,0.2355
2026-08-15T15:00:00,KLIA Air-Freight Link,KLIA Air-Freight Link :: Kuala Lumpur->KLIA / Sepang,0,3.139,101.6869,2.7456,101.7072,15,5,0.2798
2026-08-15T16:00:00,KLIA Air-Freight Link,KLIA Air-Freight Link :: Kuala Lumpur->KLIA / Sepang,0,3.139,101.6869,2.7456,101.7072,16,5,0.4035
2026-08-15T17:00:00,KLIA Air-Freight Link,KLIA Air-Freight Link :: Kuala Lumpur->KLIA / Sepang,0,3.139,101.6869,2.7456,101.7072,17,5,0.6048
2026-08-15T18:00:00,KLIA Air-Freight Link,KLIA Air-Freight Link :: Kuala Lumpur->KLIA / Sepang,0,3.139,101.6869,2.7456,101.7072,18,5,0.6915
2026-08-15T19:00:00,KLIA Air-Freight Link,KLIA Air-Freight Link :: Kuala Lumpur->KLIA / Sepang,0,3.139,101.6869,2.7456,101.7072,19,5,0.6103
2026-08-15T20:00:00,KLIA Air-Freight Link,KLIA Air-Freight Link :: Kuala Lumpur->KLIA / Sepang,0,3.139,101.6869,2.7456,101.7072,20,5,0.485
2026-08-15T21:00:00,KLIA Air-Freight Link,KLIA Air-Freight Link :: Kuala Lumpur->KLIA / Sepang,0,3.139,101.6869,2.7456,101.7072,21,5,0.2701
2026-08-15T22:00:00,KLIA Air-Freight Link,KLIA Air-Freight Link :: Kuala Lumpur->KLIA / Sepang,0,3.139,101.6869,2.7456,101.7072,22,5,0.1339
2026-08-15T23:00:00,KLIA Air-Freight Link,KLIA Air-Freight Link :: Kuala Lumpur->KLIA / Sepang,0,3.139,101.6869,2.7456,101.7072,23,5,0.3023
2026-08-16T00:00:00,KLIA Air-Freight Link,KLIA Air-Freight Link :: Kuala Lumpur->KLIA / Sepang,0,3.139,101.6869,2.7456,101.7072,0,6,0.2117
2026-08-16T01:00:00,KLIA Air-Freight Link,KLIA Air-Freight Link :: Kuala Lumpur->KLIA / Sepang,0,3.139,101.6869,2.7456,101.7072,1,6,0.1081
2026-08-16T02:00:00,KLIA Air-Freight Link,KLIA Air-Freight Link :: Kuala Lumpur->KLIA / Sepang,0,3.139,101.6869,2.7456,101.7072,2,6,0.1661
2026-08-16T03:00:00,KLIA Air-Freight Link,KLIA Air-Freight Link :: Kuala Lumpur->KLIA / Sepang,0,3.139,101.6869,2.7456,101.7072,3,6,0.2001
2026-08-16T04:00:00,KLIA Air-Freight Link,KLIA Air-Freight Link :: Kuala Lumpur->KLIA / Sepang,0,3.139,101.6869,2.7456,101.7072,4,6,0.3038
2026-08-16T05:00:00,KLIA Air-Freight Link,KLIA Air-Freight Link :: Kuala Lumpur->KLIA / Sepang,0,3.139,101.6869,2.7456,101.7072,5,6,0.1782
2026-08-16T06:00:00,KLIA Air-Freight Link,KLIA Air-Freight Link :: Kuala Lumpur->KLIA / Sepang,0,3.139,101.6869,2.7456,101.7072,6,6,0.4332
2026-08-16T07:00:00,KLIA Air-Freight Link,KLIA Air-Freight Link :: Kuala Lumpur->KLIA / Sepang,0,3.139,101.6869,2.7456,101.7072,7,6,0.662
2026-08-16T08:00:00,KLIA Air-Freight Link,KLIA Air-Freight Link :: Kuala Lumpur->KLIA / Sepang,0,3.139,101.6869,2.7456,101.7072,8,6,0.6498
2026-08-16T09:00:00,KLIA Air-Freight Link,KLIA Air-Freight Link :: Kuala Lumpur->KLIA / Sepang,0,3.139,101.6869,2.7456,101.7072,9,6,0.5614
2026-08-16T10:00:00,KLIA Air-Freight Link,KLIA Air-Freight Link :: Kuala Lumpur->KLIA / Sepang,0,3.139,101.6869,2.7456,101.7072,10,6,0.3124
2026-08-16T11:00:00,KLIA Air-Freight Link,KLIA Air-Freight Link :: Kuala Lumpur->KLIA / Sepang,0,3.139,101.6869,2.7456,101.7072,11,6,0.2325
2026-08-16T12:00:00,KLIA Air-Freight Link,KLIA Air-Freight Link :: Kuala Lumpur->KLIA / Sepang,0,3.139,101.6869,2.7456,101.7072,12,6,0.1998
2026-08-16T13:00:00,KLIA Air-Freight Link,KLIA Air-Freight Link :: Kuala Lumpur->KLIA / Sepang,0,3.139,101.6869,2.7456,101.7072,13,6,0.2367
2026-08-16T14:00:00,KLIA Air-Freight Link,KLIA Air-Freight Link :: Kuala Lumpur->KLIA / Sepang,0,3.139,101.6869,2.7456,101.7072,14,6,0.2804
2026-08-16T15:00:00,KLIA Air-Freight Link,KLIA Air-Freight Link :: Kuala Lumpur->KLIA / Sepang,0,3.139,101.6869,2.7456,101.7072,15,6,0.2385
2026-08-16T16:00:00,KLIA Air-Freight Link,KLIA Air-Freight Link :: Kuala Lumpur->KLIA / Sepang,0,3.139,101.6869,2.7456,101.7072,16,6,0.3216
2026-08-16T17:00:00,KLIA Air-Freight Link,KLIA Air-Freight Link :: Kuala Lumpur->KLIA / Sepang,0,3.139,101.6869,2.7456,101.7072,17,6,0.6415
2026-08-16T18:00:00,KLIA Air-Freight Link,KLIA Air-Freight Link :: Kuala Lumpur->KLIA / Sepang,0,3.139,101.6869,2.7456,101.7072,18,6,0.7601
2026-08-16T19:00:00,KLIA Air-Freight Link,KLIA Air-Freight Link :: Kuala Lumpur->KLIA / Sepang,0,3.139,101.6869,2.7456,101.7072,19,6,0.6578
2026-08-16T20:00:00,KLIA Air-Freight Link,KLIA Air-Freight Link :: Kuala Lumpur->KLIA / Sepang,0,3.139,101.6869,2.7456,101.7072,20,6,0.42
2026-08-16T21:00:00,KLIA Air-Freight Link,KLIA Air-Freight Link :: Kuala Lumpur->KLIA / Sepang,0,3.139,101.6869,2.7456,101.7072,21,6,0.2909
2026-08-16T22:00:00,KLIA Air-Freight Link,KLIA Air-Freight Link :: Kuala Lumpur->KLIA / Sepang,0,3.139,101.6869,2.7456,101.7072,22,6,0.3058
2026-08-16T23:00:00,KLIA Air-Freight Link,KLIA Air-Freight Link :: Kuala Lumpur->KLIA / Sepang,0,3.139,101.6869,2.7456,101.7072,23,6,0.2191
2026-08-17T00:00:00,KLIA Air-Freight Link,KLIA Air-Freight Link :: Kuala Lumpur->KLIA / Sepang,0,3.139,101.6869,2.7456,101.7072,0,0,0.1701
2026-08-17T01:00:00,KLIA Air-Freight Link,KLIA Air-Freight Link :: Kuala Lumpur->KLIA / Sepang,0,3.139,101.6869,2.7456,101.7072,1,0,0.1625
2026-08-17T02:00:00,KLIA Air-Freight Link,KLIA Air-Freight Link :: Kuala Lumpur->KLIA / Sepang,0,3.139,101.6869,2.7456,101.7072,2,0,0.1824
2026-08-17T03:00:00,KLIA Air-Freight Link,KLIA Air-Freight Link :: Kuala Lumpur->KLIA / Sepang,0,3.139,101.6869,2.7456,101.7072,3,0,0.2917
2026-08-17T04:00:00,KLIA Air-Freight Link,KLIA Air-Freight Link :: Kuala Lumpur->KLIA / Sepang,0,3.139,101.6869,2.7456,101.7072,4,0,0.1906
2026-08-17T05:00:00,KLIA Air-Freight Link,KLIA Air-Freight Link :: Kuala Lumpur->KLIA / Sepang,0,3.139,101.6869,2.7456,101.7072,5,0,0.2435
2026-08-17T06:00:00,KLIA Air-Freight Link,KLIA Air-Freight Link :: Kuala Lumpur->KLIA / Sepang,0,3.139,101.6869,2.7456,101.7072,6,0,0.3457
2026-08-17T07:00:00,KLIA Air-Freight Link,KLIA Air-Freight Link :: Kuala Lumpur->KLIA / Sepang,0,3.139,101.6869,2.7456,101.7072,7,0,0.6439
2026-08-17T08:00:00,KLIA Air-Freight Link,KLIA Air-Freight Link :: Kuala Lumpur->KLIA / Sepang,0,3.139,101.6869,2.7456,101.7072,8,0,0.8051
2026-08-17T09:00:00,KLIA Air-Freight Link,KLIA Air-Freight Link :: Kuala Lumpur->KLIA / Sepang,0,3.139,101.6869,2.7456,101.7072,9,0,0.605
2026-08-17T10:00:00,KLIA Air-Freight Link,KLIA Air-Freight Link :: Kuala Lumpur->KLIA / Sepang,0,3.139,101.6869,2.7456,101.7072,10,0,0.3796
2026-08-17T11:00:00,KLIA Air-Freight Link,KLIA Air-Freight Link :: Kuala Lumpur->KLIA / Sepang,0,3.139,101.6869,2.7456,101.7072,11,0,0.2469
2026-08-17T12:00:00,KLIA Air-Freight Link,KLIA Air-Freight Link :: Kuala Lumpur->KLIA / Sepang,0,3.139,101.6869,2.7456,101.7072,12,0,0.0589
2026-08-17T13:00:00,KLIA Air-Freight Link,KLIA Air-Freight Link :: Kuala Lumpur->KLIA / Sepang,0,3.139,101.6869,2.7456,101.7072,13,0,0.2419
2026-08-17T14:00:00,KLIA Air-Freight Link,KLIA Air-Freight Link :: Kuala Lumpur->KLIA / Sepang,0,3.139,101.6869,2.7456,101.7072,14,0,0.223
2026-08-17T15:00:00,KLIA Air-Freight Link,KLIA Air-Freight Link :: Kuala Lumpur->KLIA / Sepang,0,3.139,101.6869,2.7456,101.7072,15,0,0.3091
2026-08-17T16:00:00,KLIA Air-Freight Link,KLIA Air-Freight Link :: Kuala Lumpur->KLIA / Sepang,0,3.139,101.6869,2.7456,101.7072,16,0,0.3969
2026-08-17T17:00:00,KLIA Air-Freight Link,KLIA Air-Freight Link :: Kuala Lumpur->KLIA / Sepang,0,3.139,101.6869,2.7456,101.7072,17,0,0.6197
2026-08-17T18:00:00,KLIA Air-Freight Link,KLIA Air-Freight Link :: Kuala Lumpur->KLIA / Sepang,0,3.139,101.6869,2.7456,101.7072,18,0,0.7178
2026-08-17T19:00:00,KLIA Air-Freight Link,KLIA Air-Freight Link :: Kuala Lumpur->KLIA / Sepang,0,3.139,101.6869,2.7456,101.7072,19,0,0.7041
2026-08-17T20:00:00,KLIA Air-Freight Link,KLIA Air-Freight Link :: Kuala Lumpur->KLIA / Sepang,0,3.139,101.6869,2.7456,101.7072,20,0,0.4169
2026-08-17T21:00:00,KLIA Air-Freight Link,KLIA Air-Freight Link :: Kuala Lumpur->KLIA / Sepang,0,3.139,101.6869,2.7456,101.7072,21,0,0.4084
2026-08-17T22:00:00,KLIA Air-Freight Link,KLIA Air-Freight Link :: Kuala Lumpur->KLIA / Sepang,0,3.139,101.6869,2.7456,101.7072,22,0,0.2408
2026-08-17T23:00:00,KLIA Air-Freight Link,KLIA Air-Freight Link :: Kuala Lumpur->KLIA / Sepang,0,3.139,101.6869,2.7456,101.7072,23,0,0.1197
2026-08-18T00:00:00,KLIA Air-Freight Link,KLIA Air-Freight Link :: Kuala Lumpur->KLIA / Sepang,0,3.139,101.6869,2.7456,101.7072,0,1,0.1848
2026-08-18T01:00:00,KLIA Air-Freight Link,KLIA Air-Freight Link :: Kuala Lumpur->KLIA / Sepang,0,3.139,101.6869,2.7456,101.7072,1,1,0.1534
2026-08-18T02:00:00,KLIA Air-Freight Link,KLIA Air-Freight Link :: Kuala Lumpur->KLIA / Sepang,0,3.139,101.6869,2.7456,101.7072,2,1,0.0609
2026-08-18T03:00:00,KLIA Air-Freight Link,KLIA Air-Freight Link :: Kuala Lumpur->KLIA / Sepang,0,3.139,101.6869,2.7456,101.7072,3,1,0.2894
2026-08-18T04:00:00,KLIA Air-Freight Link,KLIA Air-Freight Link :: Kuala Lumpur->KLIA / Sepang,0,3.139,101.6869,2.7456,101.7072,4,1,0.2438
2026-08-18T05:00:00,KLIA Air-Freight Link,KLIA Air-Freight Link :: Kuala Lumpur->KLIA / Sepang,0,3.139,101.6869,2.7456,101.7072,5,1,0.2767
2026-08-18T06:00:00,KLIA Air-Freight Link,KLIA Air-Freight Link :: Kuala Lumpur->KLIA / Sepang,0,3.139,101.6869,2.7456,101.7072,6,1,0.3845
2026-08-18T07:00:00,KLIA Air-Freight Link,KLIA Air-Freight Link :: Kuala Lumpur->KLIA / Sepang,0,3.139,101.6869,2.7456,101.7072,7,1,0.4951
2026-08-18T08:00:00,KLIA Air-Freight Link,KLIA Air-Freight Link :: Kuala Lumpur->KLIA / Sepang,0,3.139,101.6869,2.7456,101.7072,8,1,0.6585
2026-08-18T09:00:00,KLIA Air-Freight Link,KLIA Air-Freight Link :: Kuala Lumpur->KLIA / Sepang,0,3.139,101.6869,2.7456,101.7072,9,1,0.6285
2026-08-18T10:00:00,KLIA Air-Freight Link,KLIA Air-Freight Link :: Kuala Lumpur->KLIA / Sepang,0,3.139,101.6869,2.7456,101.7072,10,1,0.3115
2026-08-18T11:00:00,KLIA Air-Freight Link,KLIA Air-Freight Link :: Kuala Lumpur->KLIA / Sepang,0,3.139,101.6869,2.7456,101.7072,11,1,0.0928
2026-08-18T12:00:00,KLIA Air-Freight Link,KLIA Air-Freight Link :: Kuala Lumpur->KLIA / Sepang,0,3.139,101.6869,2.7456,101.7072,12,1,0.1884
2026-08-18T13:00:00,KLIA Air-Freight Link,KLIA Air-Freight Link :: Kuala Lumpur->KLIA / Sepang,0,3.139,101.6869,2.7456,101.7072,13,1,0.1887
2026-08-18T14:00:00,KLIA Air-Freight Link,KLIA Air-Freight Link :: Kuala Lumpur->KLIA / Sepang,0,3.139,101.6869,2.7456,101.7072,14,1,0.2231
2026-08-18T15:00:00,KLIA Air-Freight Link,KLIA Air-Freight Link :: Kuala Lumpur->KLIA / Sepang,0,3.139,101.6869,2.7456,101.7072,15,1,0.3271
2026-08-18T16:00:00,KLIA Air-Freight Link,KLIA Air-Freight Link :: Kuala Lumpur->KLIA / Sepang,0,3.139,101.6869,2.7456,101.7072,16,1,0.4779
2026-08-18T17:00:00,KLIA Air-Freight Link,KLIA Air-Freight Link :: Kuala Lumpur->KLIA / Sepang,0,3.139,101.6869,2.7456,101.7072,17,1,0.6583
2026-08-18T18:00:00,KLIA Air-Freight Link,KLIA Air-Freight Link :: Kuala Lumpur->KLIA / Sepang,0,3.139,101.6869,2.7456,101.7072,18,1,0.8142
2026-08-18T19:00:00,KLIA Air-Freight Link,KLIA Air-Freight Link :: Kuala Lumpur->KLIA / Sepang,0,3.139,101.6869,2.7456,101.7072,19,1,0.5517
2026-08-18T20:00:00,KLIA Air-Freight Link,KLIA Air-Freight Link :: Kuala Lumpur->KLIA / Sepang,0,3.139,101.6869,2.7456,101.7072,20,1,0.4699
2026-08-18T21:00:00,KLIA Air-Freight Link,KLIA Air-Freight Link :: Kuala Lumpur->KLIA / Sepang,0,3.139,101.6869,2.7456,101.7072,21,1,0.321
2026-08-18T22:00:00,KLIA Air-Freight Link,KLIA Air-Freight Link :: Kuala Lumpur->KLIA / Sepang,0,3.139,101.6869,2.7456,101.7072,22,1,0.1405
2026-08-18T23:00:00,KLIA Air-Freight Link,KLIA Air-Freight Link :: Kuala Lumpur->KLIA / Sepang,0,3.139,101.6869,2.7456,101.7072,23,1,0.106
2026-08-19T00:00:00,KLIA Air-Freight Link,KLIA Air-Freight Link :: Kuala Lumpur->KLIA / Sepang,0,3.139,101.6869,2.7456,101.7072,0,2,0.1477
2026-08-19T01:00:00,KLIA Air-Freight Link,KLIA Air-Freight Link :: Kuala Lumpur->KLIA / Sepang,0,3.139,101.6869,2.7456,101.7072,1,2,0.1528
2026-08-19T02:00:00,KLIA Air-Freight Link,KLIA Air-Freight Link :: Kuala Lumpur->KLIA / Sepang,0,3.139,101.6869,2.7456,101.7072,2,2,0.2378
2026-08-19T03:00:00,KLIA Air-Freight Link,KLIA Air-Freight Link :: Kuala Lumpur->KLIA / Sepang,0,3.139,101.6869,2.7456,101.7072,3,2,0.1566
2026-08-19T04:00:00,KLIA Air-Freight Link,KLIA Air-Freight Link :: Kuala Lumpur->KLIA / Sepang,0,3.139,101.6869,2.7456,101.7072,4,2,0.1502
2026-08-19T05:00:00,KLIA Air-Freight Link,KLIA Air-Freight Link :: Kuala Lumpur->KLIA / Sepang,0,3.139,101.6869,2.7456,101.7072,5,2,0.208
2026-08-19T06:00:00,KLIA Air-Freight Link,KLIA Air-Freight Link :: Kuala Lumpur->KLIA / Sepang,0,3.139,101.6869,2.7456,101.7072,6,2,0.4417
2026-08-19T07:00:00,KLIA Air-Freight Link,KLIA Air-Freight Link :: Kuala Lumpur->KLIA / Sepang,0,3.139,101.6869,2.7456,101.7072,7,2,0.5788
2026-08-19T08:00:00,KLIA Air-Freight Link,KLIA Air-Freight Link :: Kuala Lumpur->KLIA / Sepang,0,3.139,101.6869,2.7456,101.7072,8,2,0.6767
2026-08-19T09:00:00,KLIA Air-Freight Link,KLIA Air-Freight Link :: Kuala Lumpur->KLIA / Sepang,0,3.139,101.6869,2.7456,101.7072,9,2,0.5714
2026-08-19T10:00:00,KLIA Air-Freight Link,KLIA Air-Freight Link :: Kuala Lumpur->KLIA / Sepang,0,3.139,101.6869,2.7456,101.7072,10,2,0.4521
2026-08-19T11:00:00,KLIA Air-Freight Link,KLIA Air-Freight Link :: Kuala Lumpur->KLIA / Sepang,0,3.139,101.6869,2.7456,101.7072,11,2,0.1998
2026-08-19T12:00:00,KLIA Air-Freight Link,KLIA Air-Freight Link :: Kuala Lumpur->KLIA / Sepang,0,3.139,101.6869,2.7456,101.7072,12,2,0.2809
2026-08-19T13:00:00,KLIA Air-Freight Link,KLIA Air-Freight Link :: Kuala Lumpur->KLIA / Sepang,0,3.139,101.6869,2.7456,101.7072,13,2,0.2098
2026-08-19T14:00:00,KLIA Air-Freight Link,KLIA Air-Freight Link :: Kuala Lumpur->KLIA / Sepang,0,3.139,101.6869,2.7456,101.7072,14,2,0.2054
2026-08-19T15:00:00,KLIA Air-Freight Link,KLIA Air-Freight Link :: Kuala Lumpur->KLIA / Sepang,0,3.139,101.6869,2.7456,101.7072,15,2,0.4335
2026-08-19T16:00:00,KLIA Air-Freight Link,KLIA Air-Freight Link :: Kuala Lumpur->KLIA / Sepang,0,3.139,101.6869,2.7456,101.7072,16,2,0.3763
2026-08-19T17:00:00,KLIA Air-Freight Link,KLIA Air-Freight Link :: Kuala Lumpur->KLIA / Sepang,0,3.139,101.6869,2.7456,101.7072,17,2,0.6216
2026-08-19T18:00:00,KLIA Air-Freight Link,KLIA Air-Freight Link :: Kuala Lumpur->KLIA / Sepang,0,3.139,101.6869,2.7456,101.7072,18,2,0.6686
2026-08-19T19:00:00,KLIA Air-Freight Link,KLIA Air-Freight Link :: Kuala Lumpur->KLIA / Sepang,0,3.139,101.6869,2.7456,101.7072,19,2,0.6999
2026-08-19T20:00:00,KLIA Air-Freight Link,KLIA Air-Freight Link :: Kuala Lumpur->KLIA / Sepang,0,3.139,101.6869,2.7456,101.7072,20,2,0.541
2026-08-19T21:00:00,KLIA Air-Freight Link,KLIA Air-Freight Link :: Kuala Lumpur->KLIA / Sepang,0,3.139,101.6869,2.7456,101.7072,21,2,0.3836
2026-08-19T22:00:00,KLIA Air-Freight Link,KLIA Air-Freight Link :: Kuala Lumpur->KLIA / Sepang,0,3.139,101.6869,2.7456,101.7072,22,2,0.2884
2026-08-19T23:00:00,KLIA Air-Freight Link,KLIA Air-Freight Link :: Kuala Lumpur->KLIA / Sepang,0,3.139,101.6869,2.7456,101.7072,23,2,0.1843
2026-08-20T00:00:00,KLIA Air-Freight Link,KLIA Air-Freight Link :: Kuala Lumpur->KLIA / Sepang,0,3.139,101.6869,2.7456,101.7072,0,3,0.1706
2026-08-20T01:00:00,KLIA Air-Freight Link,KLIA Air-Freight Link :: Kuala Lumpur->KLIA / Sepang,0,3.139,101.6869,2.7456,101.7072,1,3,0.0922
2026-08-20T02:00:00,KLIA Air-Freight Link,KLIA Air-Freight Link :: Kuala Lumpur->KLIA / Sepang,0,3.139,101.6869,2.7456,101.7072,2,3,0.3147
2026-08-20T03:00:00,KLIA Air-Freight Link,KLIA Air-Freight Link :: Kuala Lumpur->KLIA / Sepang,0,3.139,101.6869,2.7456,101.7072,3,3,0.2216
2026-08-20T04:00:00,KLIA Air-Freight Link,KLIA Air-Freight Link :: Kuala Lumpur->KLIA / Sepang,0,3.139,101.6869,2.7456,101.7072,4,3,0.172
2026-08-20T05:00:00,KLIA Air-Freight Link,KLIA Air-Freight Link :: Kuala Lumpur->KLIA / Sepang,0,3.139,101.6869,2.7456,101.7072,5,3,0.3244
2026-08-20T06:00:00,KLIA Air-Freight Link,KLIA Air-Freight Link :: Kuala Lumpur->KLIA / Sepang,0,3.139,101.6869,2.7456,101.7072,6,3,0.3162
2026-08-20T07:00:00,KLIA Air-Freight Link,KLIA Air-Freight Link :: Kuala Lumpur->KLIA / Sepang,0,3.139,101.6869,2.7456,101.7072,7,3,0.6024
2026-08-20T08:00:00,KLIA Air-Freight Link,KLIA Air-Freight Link :: Kuala Lumpur->KLIA / Sepang,0,3.139,101.6869,2.7456,101.7072,8,3,0.6771
2026-08-20T09:00:00,KLIA Air-Freight Link,KLIA Air-Freight Link :: Kuala Lumpur->KLIA / Sepang,0,3.139,101.6869,2.7456,101.7072,9,3,0.6163
2026-08-20T10:00:00,KLIA Air-Freight Link,KLIA Air-Freight Link :: Kuala Lumpur->KLIA / Sepang,0,3.139,101.6869,2.7456,101.7072,10,3,0.3708
2026-08-20T11:00:00,KLIA Air-Freight Link,KLIA Air-Freight Link :: Kuala Lumpur->KLIA / Sepang,0,3.139,101.6869,2.7456,101.7072,11,3,0.1576
2026-08-20T12:00:00,KLIA Air-Freight Link,KLIA Air-Freight Link :: Kuala Lumpur->KLIA / Sepang,0,3.139,101.6869,2.7456,101.7072,12,3,0.2065
2026-08-20T13:00:00,KLIA Air-Freight Link,KLIA Air-Freight Link :: Kuala Lumpur->KLIA / Sepang,0,3.139,101.6869,2.7456,101.7072,13,3,0.2601
2026-08-20T14:00:00,KLIA Air-Freight Link,KLIA Air-Freight Link :: Kuala Lumpur->KLIA / Sepang,0,3.139,101.6869,2.7456,101.7072,14,3,0.2132
2026-08-20T15:00:00,KLIA Air-Freight Link,KLIA Air-Freight Link :: Kuala Lumpur->KLIA / Sepang,0,3.139,101.6869,2.7456,101.7072,15,3,0.3299
2026-08-20T16:00:00,KLIA Air-Freight Link,KLIA Air-Freight Link :: Kuala Lumpur->KLIA / Sepang,0,3.139,101.6869,2.7456,101.7072,16,3,0.3769
2026-08-20T17:00:00,KLIA Air-Freight Link,KLIA Air-Freight Link :: Kuala Lumpur->KLIA / Sepang,0,3.139,101.6869,2.7456,101.7072,17,3,0.6412
2026-08-20T18:00:00,KLIA Air-Freight Link,KLIA Air-Freight Link :: Kuala Lumpur->KLIA / Sepang,0,3.139,101.6869,2.7456,101.7072,18,3,0.705
2026-08-20T19:00:00,KLIA Air-Freight Link,KLIA Air-Freight Link :: Kuala Lumpur->KLIA / Sepang,0,3.139,101.6869,2.7456,101.7072,19,3,0.6876
2026-08-20T20:00:00,KLIA Air-Freight Link,KLIA Air-Freight Link :: Kuala Lumpur->KLIA / Sepang,0,3.139,101.6869,2.7456,101.7072,20,3,0.4415
2026-08-20T21:00:00,KLIA Air-Freight Link,KLIA Air-Freight Link :: Kuala Lumpur->KLIA / Sepang,0,3.139,101.6869,2.7456,101.7072,21,3,0.3248
2026-08-20T22:00:00,KLIA Air-Freight Link,KLIA Air-Freight Link :: Kuala Lumpur->KLIA / Sepang,0,3.139,101.6869,2.7456,101.7072,22,3,0.2802
2026-08-20T23:00:00,KLIA Air-Freight Link,KLIA Air-Freight Link :: Kuala Lumpur->KLIA / Sepang,0,3.139,101.6869,2.7456,101.7072,23,3,0.2377
2026-08-21T00:00:00,KLIA Air-Freight Link,KLIA Air-Freight Link :: Kuala Lumpur->KLIA / Sepang,0,3.139,101.6869,2.7456,101.7072,0,4,0.2089
2026-08-21T01:00:00,KLIA Air-Freight Link,KLIA Air-Freight Link :: Kuala Lumpur->KLIA / Sepang,0,3.139,101.6869,2.7456,101.7072,1,4,0.1326
2026-08-21T02:00:00,KLIA Air-Freight Link,KLIA Air-Freight Link :: Kuala Lumpur->KLIA / Sepang,0,3.139,101.6869,2.7456,101.7072,2,4,0.1924
2026-08-21T03:00:00,KLIA Air-Freight Link,KLIA Air-Freight Link :: Kuala Lumpur->KLIA / Sepang,0,3.139,101.6869,2.7456,101.7072,3,4,0.1615
2026-08-21T04:00:00,KLIA Air-Freight Link,KLIA Air-Freight Link :: Kuala Lumpur->KLIA / Sepang,0,3.139,101.6869,2.7456,101.7072,4,4,0.1809
2026-08-21T05:00:00,KLIA Air-Freight Link,KLIA Air-Freight Link :: Kuala Lumpur->KLIA / Sepang,0,3.139,101.6869,2.7456,101.7072,5,4,0.2222
2026-08-21T06:00:00,KLIA Air-Freight Link,KLIA Air-Freight Link :: Kuala Lumpur->KLIA / Sepang,0,3.139,101.6869,2.7456,101.7072,6,4,0.3158
2026-08-21T07:00:00,KLIA Air-Freight Link,KLIA Air-Freight Link :: Kuala Lumpur->KLIA / Sepang,0,3.139,101.6869,2.7456,101.7072,7,4,0.4606
2026-08-21T08:00:00,KLIA Air-Freight Link,KLIA Air-Freight Link :: Kuala Lumpur->KLIA / Sepang,0,3.139,101.6869,2.7456,101.7072,8,4,0.6474
2026-08-21T09:00:00,KLIA Air-Freight Link,KLIA Air-Freight Link :: Kuala Lumpur->KLIA / Sepang,0,3.139,101.6869,2.7456,101.7072,9,4,0.5896
2026-08-21T10:00:00,KLIA Air-Freight Link,KLIA Air-Freight Link :: Kuala Lumpur->KLIA / Sepang,0,3.139,101.6869,2.7456,101.7072,10,4,0.2937
2026-08-21T11:00:00,KLIA Air-Freight Link,KLIA Air-Freight Link :: Kuala Lumpur->KLIA / Sepang,0,3.139,101.6869,2.7456,101.7072,11,4,0.2456
2026-08-21T12:00:00,KLIA Air-Freight Link,KLIA Air-Freight Link :: Kuala Lumpur->KLIA / Sepang,0,3.139,101.6869,2.7456,101.7072,12,4,0.316
2026-08-21T13:00:00,KLIA Air-Freight Link,KLIA Air-Freight Link :: Kuala Lumpur->KLIA / Sepang,0,3.139,101.6869,2.7456,101.7072,13,4,0.2585
2026-08-21T14:00:00,KLIA Air-Freight Link,KLIA Air-Freight Link :: Kuala Lumpur->KLIA / Sepang,0,3.139,101.6869,2.7456,101.7072,14,4,0.3136
2026-08-21T15:00:00,KLIA Air-Freight Link,KLIA Air-Freight Link :: Kuala Lumpur->KLIA / Sepang,0,3.139,101.6869,2.7456,101.7072,15,4,0.3069
2026-08-21T16:00:00,KLIA Air-Freight Link,KLIA Air-Freight Link :: Kuala Lumpur->KLIA / Sepang,0,3.139,101.6869,2.7456,101.7072,16,4,0.5097
2026-08-21T17:00:00,KLIA Air-Freight Link,KLIA Air-Freight Link :: Kuala Lumpur->KLIA / Sepang,0,3.139,101.6869,2.7456,101.7072,17,4,0.5994
2026-08-21T18:00:00,KLIA Air-Freight Link,KLIA Air-Freight Link :: Kuala Lumpur->KLIA / Sepang,0,3.139,101.6869,2.7456,101.7072,18,4,0.7038
2026-08-21T19:00:00,KLIA Air-Freight Link,KLIA Air-Freight Link :: Kuala Lumpur->KLIA / Sepang,0,3.139,101.6869,2.7456,101.7072,19,4,0.4785
2026-08-21T20:00:00,KLIA Air-Freight Link,KLIA Air-Freight Link :: Kuala Lumpur->KLIA / Sepang,0,3.139,101.6869,2.7456,101.7072,20,4,0.5108
2026-08-21T21:00:00,KLIA Air-Freight Link,KLIA Air-Freight Link :: Kuala Lumpur->KLIA / Sepang,0,3.139,101.6869,2.7456,101.7072,21,4,0.3758
2026-08-21T22:00:00,KLIA Air-Freight Link,KLIA Air-Freight Link :: Kuala Lumpur->KLIA / Sepang,0,3.139,101.6869,2.7456,101.7072,22,4,0.1817
2026-08-21T23:00:00,KLIA Air-Freight Link,KLIA Air-Freight Link :: Kuala Lumpur->KLIA / Sepang,0,3.139,101.6869,2.7456,101.7072,23,4,0.181
2026-08-22T00:00:00,KLIA Air-Freight Link,KLIA Air-Freight Link :: Kuala Lumpur->KLIA / Sepang,0,3.139,101.6869,2.7456,101.7072,0,5,0.1473
2026-08-22T01:00:00,KLIA Air-Freight Link,KLIA Air-Freight Link :: Kuala Lumpur->KLIA / Sepang,0,3.139,101.6869,2.7456,101.7072,1,5,0.2155
2026-08-22T02:00:00,KLIA Air-Freight Link,KLIA Air-Freight Link :: Kuala Lumpur->KLIA / Sepang,0,3.139,101.6869,2.7456,101.7072,2,5,0.2601
2026-08-22T03:00:00,KLIA Air-Freight Link,KLIA Air-Freight Link :: Kuala Lumpur->KLIA / Sepang,0,3.139,101.6869,2.7456,101.7072,3,5,0.0889
2026-08-22T04:00:00,KLIA Air-Freight Link,KLIA Air-Freight Link :: Kuala Lumpur->KLIA / Sepang,0,3.139,101.6869,2.7456,101.7072,4,5,0.2261
2026-08-22T05:00:00,KLIA Air-Freight Link,KLIA Air-Freight Link :: Kuala Lumpur->KLIA / Sepang,0,3.139,101.6869,2.7456,101.7072,5,5,0.2281
2026-08-22T06:00:00,KLIA Air-Freight Link,KLIA Air-Freight Link :: Kuala Lumpur->KLIA / Sepang,0,3.139,101.6869,2.7456,101.7072,6,5,0.3814
2026-08-22T07:00:00,KLIA Air-Freight Link,KLIA Air-Freight Link :: Kuala Lumpur->KLIA / Sepang,0,3.139,101.6869,2.7456,101.7072,7,5,0.6055
2026-08-22T08:00:00,KLIA Air-Freight Link,KLIA Air-Freight Link :: Kuala Lumpur->KLIA / Sepang,0,3.139,101.6869,2.7456,101.7072,8,5,0.6762
2026-08-22T09:00:00,KLIA Air-Freight Link,KLIA Air-Freight Link :: Kuala Lumpur->KLIA / Sepang,0,3.139,101.6869,2.7456,101.7072,9,5,0.5718
2026-08-22T10:00:00,KLIA Air-Freight Link,KLIA Air-Freight Link :: Kuala Lumpur->KLIA / Sepang,0,3.139,101.6869,2.7456,101.7072,10,5,0.3618
2026-08-22T11:00:00,KLIA Air-Freight Link,KLIA Air-Freight Link :: Kuala Lumpur->KLIA / Sepang,0,3.139,101.6869,2.7456,101.7072,11,5,0.3029
2026-08-22T12:00:00,KLIA Air-Freight Link,KLIA Air-Freight Link :: Kuala Lumpur->KLIA / Sepang,0,3.139,101.6869,2.7456,101.7072,12,5,0.2271
2026-08-22T13:00:00,KLIA Air-Freight Link,KLIA Air-Freight Link :: Kuala Lumpur->KLIA / Sepang,0,3.139,101.6869,2.7456,101.7072,13,5,0.2104
2026-08-22T14:00:00,KLIA Air-Freight Link,KLIA Air-Freight Link :: Kuala Lumpur->KLIA / Sepang,0,3.139,101.6869,2.7456,101.7072,14,5,0.1387
2026-08-22T15:00:00,KLIA Air-Freight Link,KLIA Air-Freight Link :: Kuala Lumpur->KLIA / Sepang,0,3.139,101.6869,2.7456,101.7072,15,5,0.2607
2026-08-22T16:00:00,KLIA Air-Freight Link,KLIA Air-Freight Link :: Kuala Lumpur->KLIA / Sepang,0,3.139,101.6869,2.7456,101.7072,16,5,0.4936
2026-08-22T17:00:00,KLIA Air-Freight Link,KLIA Air-Freight Link :: Kuala Lumpur->KLIA / Sepang,0,3.139,101.6869,2.7456,101.7072,17,5,0.6451
2026-08-22T18:00:00,KLIA Air-Freight Link,KLIA Air-Freight Link :: Kuala Lumpur->KLIA / Sepang,0,3.139,101.6869,2.7456,101.7072,18,5,0.7821
2026-08-22T19:00:00,KLIA Air-Freight Link,KLIA Air-Freight Link :: Kuala Lumpur->KLIA / Sepang,0,3.139,101.6869,2.7456,101.7072,19,5,0.7488
2026-08-22T20:00:00,KLIA Air-Freight Link,KLIA Air-Freight Link :: Kuala Lumpur->KLIA / Sepang,0,3.139,101.6869,2.7456,101.7072,20,5,0.5019
2026-08-22T21:00:00,KLIA Air-Freight Link,KLIA Air-Freight Link :: Kuala Lumpur->KLIA / Sepang,0,3.139,101.6869,2.7456,101.7072,21,5,0.289
2026-08-22T22:00:00,KLIA Air-Freight Link,KLIA Air-Freight Link :: Kuala Lumpur->KLIA / Sepang,0,3.139,101.6869,2.7456,101.7072,22,5,0.1843
2026-08-22T23:00:00,KLIA Air-Freight Link,KLIA Air-Freight Link :: Kuala Lumpur->KLIA / Sepang,0,3.139,101.6869,2.7456,101.7072,23,5,0.043
2026-08-23T00:00:00,KLIA Air-Freight Link,KLIA Air-Freight Link :: Kuala Lumpur->KLIA / Sepang,0,3.139,101.6869,2.7456,101.7072,0,6,0.1824
2026-08-23T01:00:00,KLIA Air-Freight Link,KLIA Air-Freight Link :: Kuala Lumpur->KLIA / Sepang,0,3.139,101.6869,2.7456,101.7072,1,6,0.1729
2026-08-23T02:00:00,KLIA Air-Freight Link,KLIA Air-Freight Link :: Kuala Lumpur->KLIA / Sepang,0,3.139,101.6869,2.7456,101.7072,2,6,0.216
2026-08-23T03:00:00,KLIA Air-Freight Link,KLIA Air-Freight Link :: Kuala Lumpur->KLIA / Sepang,0,3.139,101.6869,2.7456,101.7072,3,6,0.1842
2026-08-23T04:00:00,KLIA Air-Freight Link,KLIA Air-Freight Link :: Kuala Lumpur->KLIA / Sepang,0,3.139,101.6869,2.7456,101.7072,4,6,0.1823
2026-08-23T05:00:00,KLIA Air-Freight Link,KLIA Air-Freight Link :: Kuala Lumpur->KLIA / Sepang,0,3.139,101.6869,2.7456,101.7072,5,6,0.1379
2026-08-23T06:00:00,KLIA Air-Freight Link,KLIA Air-Freight Link :: Kuala Lumpur->KLIA / Sepang,0,3.139,101.6869,2.7456,101.7072,6,6,0.3182
2026-08-23T07:00:00,KLIA Air-Freight Link,KLIA Air-Freight Link :: Kuala Lumpur->KLIA / Sepang,0,3.139,101.6869,2.7456,101.7072,7,6,0.6066
2026-08-23T08:00:00,KLIA Air-Freight Link,KLIA Air-Freight Link :: Kuala Lumpur->KLIA / Sepang,0,3.139,101.6869,2.7456,101.7072,8,6,0.7905
2026-08-23T09:00:00,KLIA Air-Freight Link,KLIA Air-Freight Link :: Kuala Lumpur->KLIA / Sepang,0,3.139,101.6869,2.7456,101.7072,9,6,0.5722
2026-08-23T10:00:00,KLIA Air-Freight Link,KLIA Air-Freight Link :: Kuala Lumpur->KLIA / Sepang,0,3.139,101.6869,2.7456,101.7072,10,6,0.3943
2026-08-23T11:00:00,KLIA Air-Freight Link,KLIA Air-Freight Link :: Kuala Lumpur->KLIA / Sepang,0,3.139,101.6869,2.7456,101.7072,11,6,0.3019
2026-08-23T12:00:00,KLIA Air-Freight Link,KLIA Air-Freight Link :: Kuala Lumpur->KLIA / Sepang,0,3.139,101.6869,2.7456,101.7072,12,6,0.1533
2026-08-23T13:00:00,KLIA Air-Freight Link,KLIA Air-Freight Link :: Kuala Lumpur->KLIA / Sepang,0,3.139,101.6869,2.7456,101.7072,13,6,0.2192
2026-08-23T14:00:00,KLIA Air-Freight Link,KLIA Air-Freight Link :: Kuala Lumpur->KLIA / Sepang,0,3.139,101.6869,2.7456,101.7072,14,6,0.1706
2026-08-23T15:00:00,KLIA Air-Freight Link,KLIA Air-Freight Link :: Kuala Lumpur->KLIA / Sepang,0,3.139,101.6869,2.7456,101.7072,15,6,0.3353
2026-08-23T16:00:00,KLIA Air-Freight Link,KLIA Air-Freight Link :: Kuala Lumpur->KLIA / Sepang,0,3.139,101.6869,2.7456,101.7072,16,6,0.4487
2026-08-23T17:00:00,KLIA Air-Freight Link,KLIA Air-Freight Link :: Kuala Lumpur->KLIA / Sepang,0,3.139,101.6869,2.7456,101.7072,17,6,0.6607
2026-08-23T18:00:00,KLIA Air-Freight Link,KLIA Air-Freight Link :: Kuala Lumpur->KLIA / Sepang,0,3.139,101.6869,2.7456,101.7072,18,6,0.6955
2026-08-23T19:00:00,KLIA Air-Freight Link,KLIA Air-Freight Link :: Kuala Lumpur->KLIA / Sepang,0,3.139,101.6869,2.7456,101.7072,19,6,0.6852
2026-08-23T20:00:00,KLIA Air-Freight Link,KLIA Air-Freight Link :: Kuala Lumpur->KLIA / Sepang,0,3.139,101.6869,2.7456,101.7072,20,6,0.5647
2026-08-23T21:00:00,KLIA Air-Freight Link,KLIA Air-Freight Link :: Kuala Lumpur->KLIA / Sepang,0,3.139,101.6869,2.7456,101.7072,21,6,0.2229
2026-08-23T22:00:00,KLIA Air-Freight Link,KLIA Air-Freight Link :: Kuala Lumpur->KLIA / Sepang,0,3.139,101.6869,2.7456,101.7072,22,6,0.1945
2026-08-23T23:00:00,KLIA Air-Freight Link,KLIA Air-Freight Link :: Kuala Lumpur->KLIA / Sepang,0,3.139,101.6869,2.7456,101.7072,23,6,0.2101
2026-08-24T00:00:00,KLIA Air-Freight Link,KLIA Air-Freight Link :: Kuala Lumpur->KLIA / Sepang,0,3.139,101.6869,2.7456,101.7072,0,0,0.2397
2026-08-24T01:00:00,KLIA Air-Freight Link,KLIA Air-Freight Link :: Kuala Lumpur->KLIA / Sepang,0,3.139,101.6869,2.7456,101.7072,1,0,0.1589
2026-08-24T02:00:00,KLIA Air-Freight Link,KLIA Air-Freight Link :: Kuala Lumpur->KLIA / Sepang,0,3.139,101.6869,2.7456,101.7072,2,0,0.0226
2026-08-24T03:00:00,KLIA Air-Freight Link,KLIA Air-Freight Link :: Kuala Lumpur->KLIA / Sepang,0,3.139,101.6869,2.7456,101.7072,3,0,0.275
2026-08-24T04:00:00,KLIA Air-Freight Link,KLIA Air-Freight Link :: Kuala Lumpur->KLIA / Sepang,0,3.139,101.6869,2.7456,101.7072,4,0,0.2472
2026-08-24T05:00:00,KLIA Air-Freight Link,KLIA Air-Freight Link :: Kuala Lumpur->KLIA / Sepang,0,3.139,101.6869,2.7456,101.7072,5,0,0.1401
2026-08-24T06:00:00,KLIA Air-Freight Link,KLIA Air-Freight Link :: Kuala Lumpur->KLIA / Sepang,0,3.139,101.6869,2.7456,101.7072,6,0,0.3381
2026-08-24T07:00:00,KLIA Air-Freight Link,KLIA Air-Freight Link :: Kuala Lumpur->KLIA / Sepang,0,3.139,101.6869,2.7456,101.7072,7,0,0.6721
2026-08-24T08:00:00,KLIA Air-Freight Link,KLIA Air-Freight Link :: Kuala Lumpur->KLIA / Sepang,0,3.139,101.6869,2.7456,101.7072,8,0,0.7744
2026-08-24T09:00:00,KLIA Air-Freight Link,KLIA Air-Freight Link :: Kuala Lumpur->KLIA / Sepang,0,3.139,101.6869,2.7456,101.7072,9,0,0.6343
2026-08-24T10:00:00,KLIA Air-Freight Link,KLIA Air-Freight Link :: Kuala Lumpur->KLIA / Sepang,0,3.139,101.6869,2.7456,101.7072,10,0,0.364
2026-08-24T11:00:00,KLIA Air-Freight Link,KLIA Air-Freight Link :: Kuala Lumpur->KLIA / Sepang,0,3.139,101.6869,2.7456,101.7072,11,0,0.2497
2026-08-24T12:00:00,KLIA Air-Freight Link,KLIA Air-Freight Link :: Kuala Lumpur->KLIA / Sepang,0,3.139,101.6869,2.7456,101.7072,12,0,0.1941
2026-08-24T13:00:00,KLIA Air-Freight Link,KLIA Air-Freight Link :: Kuala Lumpur->KLIA / Sepang,0,3.139,101.6869,2.7456,101.7072,13,0,0.2649
2026-08-24T14:00:00,KLIA Air-Freight Link,KLIA Air-Freight Link :: Kuala Lumpur->KLIA / Sepang,0,3.139,101.6869,2.7456,101.7072,14,0,0.1624
2026-08-24T15:00:00,KLIA Air-Freight Link,KLIA Air-Freight Link :: Kuala Lumpur->KLIA / Sepang,0,3.139,101.6869,2.7456,101.7072,15,0,0.2351
2026-08-24T16:00:00,KLIA Air-Freight Link,KLIA Air-Freight Link :: Kuala Lumpur->KLIA / Sepang,0,3.139,101.6869,2.7456,101.7072,16,0,0.5002
2026-08-24T17:00:00,KLIA Air-Freight Link,KLIA Air-Freight Link :: Kuala Lumpur->KLIA / Sepang,0,3.139,101.6869,2.7456,101.7072,17,0,0.6401
2026-08-24T18:00:00,KLIA Air-Freight Link,KLIA Air-Freight Link :: Kuala Lumpur->KLIA / Sepang,0,3.139,101.6869,2.7456,101.7072,18,0,0.8252
2026-08-24T19:00:00,KLIA Air-Freight Link,KLIA Air-Freight Link :: Kuala Lumpur->KLIA / Sepang,0,3.139,101.6869,2.7456,101.7072,19,0,0.6025
2026-08-24T20:00:00,KLIA Air-Freight Link,KLIA Air-Freight Link :: Kuala Lumpur->KLIA / Sepang,0,3.139,101.6869,2.7456,101.7072,20,0,0.4363
2026-08-24T21:00:00,KLIA Air-Freight Link,KLIA Air-Freight Link :: Kuala Lumpur->KLIA / Sepang,0,3.139,101.6869,2.7456,101.7072,21,0,0.2281
2026-08-24T22:00:00,KLIA Air-Freight Link,KLIA Air-Freight Link :: Kuala Lumpur->KLIA / Sepang,0,3.139,101.6869,2.7456,101.7072,22,0,0.2154
2026-08-24T23:00:00,KLIA Air-Freight Link,KLIA Air-Freight Link :: Kuala Lumpur->KLIA / Sepang,0,3.139,101.6869,2.7456,101.7072,23,0,0.1075
2026-08-25T00:00:00,KLIA Air-Freight Link,KLIA Air-Freight Link :: Kuala Lumpur->KLIA / Sepang,0,3.139,101.6869,2.7456,101.7072,0,1,0.1632
2026-08-25T01:00:00,KLIA Air-Freight Link,KLIA Air-Freight Link :: Kuala Lumpur->KLIA / Sepang,0,3.139,101.6869,2.7456,101.7072,1,1,0.1063
2026-08-25T02:00:00,KLIA Air-Freight Link,KLIA Air-Freight Link :: Kuala Lumpur->KLIA / Sepang,0,3.139,101.6869,2.7456,101.7072,2,1,0.2342
2026-08-25T03:00:00,KLIA Air-Freight Link,KLIA Air-Freight Link :: Kuala Lumpur->KLIA / Sepang,0,3.139,101.6869,2.7456,101.7072,3,1,0.2365
2026-08-25T04:00:00,KLIA Air-Freight Link,KLIA Air-Freight Link :: Kuala Lumpur->KLIA / Sepang,0,3.139,101.6869,2.7456,101.7072,4,1,0.0978
2026-08-25T05:00:00,KLIA Air-Freight Link,KLIA Air-Freight Link :: Kuala Lumpur->KLIA / Sepang,0,3.139,101.6869,2.7456,101.7072,5,1,0.3247
2026-08-25T06:00:00,KLIA Air-Freight Link,KLIA Air-Freight Link :: Kuala Lumpur->KLIA / Sepang,0,3.139,101.6869,2.7456,101.7072,6,1,0.5244
2026-08-25T07:00:00,KLIA Air-Freight Link,KLIA Air-Freight Link :: Kuala Lumpur->KLIA / Sepang,0,3.139,101.6869,2.7456,101.7072,7,1,0.5808
2026-08-25T08:00:00,KLIA Air-Freight Link,KLIA Air-Freight Link :: Kuala Lumpur->KLIA / Sepang,0,3.139,101.6869,2.7456,101.7072,8,1,0.649
2026-08-25T09:00:00,KLIA Air-Freight Link,KLIA Air-Freight Link :: Kuala Lumpur->KLIA / Sepang,0,3.139,101.6869,2.7456,101.7072,9,1,0.7475
2026-08-25T10:00:00,KLIA Air-Freight Link,KLIA Air-Freight Link :: Kuala Lumpur->KLIA / Sepang,0,3.139,101.6869,2.7456,101.7072,10,1,0.2955
2026-08-25T11:00:00,KLIA Air-Freight Link,KLIA Air-Freight Link :: Kuala Lumpur->KLIA / Sepang,0,3.139,101.6869,2.7456,101.7072,11,1,0.2459
2026-08-25T12:00:00,KLIA Air-Freight Link,KLIA Air-Freight Link :: Kuala Lumpur->KLIA / Sepang,0,3.139,101.6869,2.7456,101.7072,12,1,0.2128
2026-08-25T13:00:00,KLIA Air-Freight Link,KLIA Air-Freight Link :: Kuala Lumpur->KLIA / Sepang,0,3.139,101.6869,2.7456,101.7072,13,1,0.2779
2026-08-25T14:00:00,KLIA Air-Freight Link,KLIA Air-Freight Link :: Kuala Lumpur->KLIA / Sepang,0,3.139,101.6869,2.7456,101.7072,14,1,0.2366
2026-08-25T15:00:00,KLIA Air-Freight Link,KLIA Air-Freight Link :: Kuala Lumpur->KLIA / Sepang,0,3.139,101.6869,2.7456,101.7072,15,1,0.2535
2026-08-25T16:00:00,KLIA Air-Freight Link,KLIA Air-Freight Link :: Kuala Lumpur->KLIA / Sepang,0,3.139,101.6869,2.7456,101.7072,16,1,0.3826
2026-08-25T17:00:00,KLIA Air-Freight Link,KLIA Air-Freight Link :: Kuala Lumpur->KLIA / Sepang,0,3.139,101.6869,2.7456,101.7072,17,1,0.6223
2026-08-25T18:00:00,KLIA Air-Freight Link,KLIA Air-Freight Link :: Kuala Lumpur->KLIA / Sepang,0,3.139,101.6869,2.7456,101.7072,18,1,0.6821
2026-08-25T19:00:00,KLIA Air-Freight Link,KLIA Air-Freight Link :: Kuala Lumpur->KLIA / Sepang,0,3.139,101.6869,2.7456,101.7072,19,1,0.6457
2026-08-25T20:00:00,KLIA Air-Freight Link,KLIA Air-Freight Link :: Kuala Lumpur->KLIA / Sepang,0,3.139,101.6869,2.7456,101.7072,20,1,0.4058
2026-08-25T21:00:00,KLIA Air-Freight Link,KLIA Air-Freight Link :: Kuala Lumpur->KLIA / Sepang,0,3.139,101.6869,2.7456,101.7072,21,1,0.1938
2026-08-25T22:00:00,KLIA Air-Freight Link,KLIA Air-Freight Link :: Kuala Lumpur->KLIA / Sepang,0,3.139,101.6869,2.7456,101.7072,22,1,0.2902
2026-08-25T23:00:00,KLIA Air-Freight Link,KLIA Air-Freight Link :: Kuala Lumpur->KLIA / Sepang,0,3.139,101.6869,2.7456,101.7072,23,1,0.1663
2026-08-26T00:00:00,KLIA Air-Freight Link,KLIA Air-Freight Link :: Kuala Lumpur->KLIA / Sepang,0,3.139,101.6869,2.7456,101.7072,0,2,0.1164
2026-08-26T01:00:00,KLIA Air-Freight Link,KLIA Air-Freight Link :: Kuala Lumpur->KLIA / Sepang,0,3.139,101.6869,2.7456,101.7072,1,2,0.1824
2026-08-26T02:00:00,KLIA Air-Freight Link,KLIA Air-Freight Link :: Kuala Lumpur->KLIA / Sepang,0,3.139,101.6869,2.7456,101.7072,2,2,0.1967
2026-08-26T03:00:00,KLIA Air-Freight Link,KLIA Air-Freight Link :: Kuala Lumpur->KLIA / Sepang,0,3.139,101.6869,2.7456,101.7072,3,2,0.0887
2026-08-26T04:00:00,KLIA Air-Freight Link,KLIA Air-Freight Link :: Kuala Lumpur->KLIA / Sepang,0,3.139,101.6869,2.7456,101.7072,4,2,0.2215
2026-08-26T05:00:00,KLIA Air-Freight Link,KLIA Air-Freight Link :: Kuala Lumpur->KLIA / Sepang,0,3.139,101.6869,2.7456,101.7072,5,2,0.1818
2026-08-26T06:00:00,KLIA Air-Freight Link,KLIA Air-Freight Link :: Kuala Lumpur->KLIA / Sepang,0,3.139,101.6869,2.7456,101.7072,6,2,0.4773
2026-08-26T07:00:00,KLIA Air-Freight Link,KLIA Air-Freight Link :: Kuala Lumpur->KLIA / Sepang,0,3.139,101.6869,2.7456,101.7072,7,2,0.6094
2026-08-26T08:00:00,KLIA Air-Freight Link,KLIA Air-Freight Link :: Kuala Lumpur->KLIA / Sepang,0,3.139,101.6869,2.7456,101.7072,8,2,0.6635
2026-08-26T09:00:00,KLIA Air-Freight Link,KLIA Air-Freight Link :: Kuala Lumpur->KLIA / Sepang,0,3.139,101.6869,2.7456,101.7072,9,2,0.5333
2026-08-26T10:00:00,KLIA Air-Freight Link,KLIA Air-Freight Link :: Kuala Lumpur->KLIA / Sepang,0,3.139,101.6869,2.7456,101.7072,10,2,0.3683
2026-08-26T11:00:00,KLIA Air-Freight Link,KLIA Air-Freight Link :: Kuala Lumpur->KLIA / Sepang,0,3.139,101.6869,2.7456,101.7072,11,2,0.2815
2026-08-26T12:00:00,KLIA Air-Freight Link,KLIA Air-Freight Link :: Kuala Lumpur->KLIA / Sepang,0,3.139,101.6869,2.7456,101.7072,12,2,0.2004
2026-08-26T13:00:00,KLIA Air-Freight Link,KLIA Air-Freight Link :: Kuala Lumpur->KLIA / Sepang,0,3.139,101.6869,2.7456,101.7072,13,2,0.1841
2026-08-26T14:00:00,KLIA Air-Freight Link,KLIA Air-Freight Link :: Kuala Lumpur->KLIA / Sepang,0,3.139,101.6869,2.7456,101.7072,14,2,0.2185
2026-08-26T15:00:00,KLIA Air-Freight Link,KLIA Air-Freight Link :: Kuala Lumpur->KLIA / Sepang,0,3.139,101.6869,2.7456,101.7072,15,2,0.2472
2026-08-26T16:00:00,KLIA Air-Freight Link,KLIA Air-Freight Link :: Kuala Lumpur->KLIA / Sepang,0,3.139,101.6869,2.7456,101.7072,16,2,0.419
2026-08-26T17:00:00,KLIA Air-Freight Link,KLIA Air-Freight Link :: Kuala Lumpur->KLIA / Sepang,0,3.139,101.6869,2.7456,101.7072,17,2,0.5177
2026-08-26T18:00:00,KLIA Air-Freight Link,KLIA Air-Freight Link :: Kuala Lumpur->KLIA / Sepang,0,3.139,101.6869,2.7456,101.7072,18,2,0.8009
2026-08-26T19:00:00,KLIA Air-Freight Link,KLIA Air-Freight Link :: Kuala Lumpur->KLIA / Sepang,0,3.139,101.6869,2.7456,101.7072,19,2,0.6607
2026-08-26T20:00:00,KLIA Air-Freight Link,KLIA Air-Freight Link :: Kuala Lumpur->KLIA / Sepang,0,3.139,101.6869,2.7456,101.7072,20,2,0.3932
2026-08-26T21:00:00,KLIA Air-Freight Link,KLIA Air-Freight Link :: Kuala Lumpur->KLIA / Sepang,0,3.139,101.6869,2.7456,101.7072,21,2,0.3973
2026-08-26T22:00:00,KLIA Air-Freight Link,KLIA Air-Freight Link :: Kuala Lumpur->KLIA / Sepang,0,3.139,101.6869,2.7456,101.7072,22,2,0.2201
2026-08-26T23:00:00,KLIA Air-Freight Link,KLIA Air-Freight Link :: Kuala Lumpur->KLIA / Sepang,0,3.139,101.6869,2.7456,101.7072,23,2,0.134
2026-08-27T00:00:00,KLIA Air-Freight Link,KLIA Air-Freight Link :: Kuala Lumpur->KLIA / Sepang,0,3.139,101.6869,2.7456,101.7072,0,3,0.2439
2026-08-27T01:00:00,KLIA Air-Freight Link,KLIA Air-Freight Link :: Kuala Lumpur->KLIA / Sepang,0,3.139,101.6869,2.7456,101.7072,1,3,0.2164
2026-08-27T02:00:00,KLIA Air-Freight Link,KLIA Air-Freight Link :: Kuala Lumpur->KLIA / Sepang,0,3.139,101.6869,2.7456,101.7072,2,3,0.2162
2026-08-27T03:00:00,KLIA Air-Freight Link,KLIA Air-Freight Link :: Kuala Lumpur->KLIA / Sepang,0,3.139,101.6869,2.7456,101.7072,3,3,0.1679
2026-08-27T04:00:00,KLIA Air-Freight Link,KLIA Air-Freight Link :: Kuala Lumpur->KLIA / Sepang,0,3.139,101.6869,2.7456,101.7072,4,3,0.2286
2026-08-27T05:00:00,KLIA Air-Freight Link,KLIA Air-Freight Link :: Kuala Lumpur->KLIA / Sepang,0,3.139,101.6869,2.7456,101.7072,5,3,0.229
2026-08-27T06:00:00,KLIA Air-Freight Link,KLIA Air-Freight Link :: Kuala Lumpur->KLIA / Sepang,0,3.139,101.6869,2.7456,101.7072,6,3,0.408
2026-08-27T07:00:00,KLIA Air-Freight Link,KLIA Air-Freight Link :: Kuala Lumpur->KLIA / Sepang,0,3.139,101.6869,2.7456,101.7072,7,3,0.4637
2026-08-27T08:00:00,KLIA Air-Freight Link,KLIA Air-Freight Link :: Kuala Lumpur->KLIA / Sepang,0,3.139,101.6869,2.7456,101.7072,8,3,0.6615
2026-08-27T09:00:00,KLIA Air-Freight Link,KLIA Air-Freight Link :: Kuala Lumpur->KLIA / Sepang,0,3.139,101.6869,2.7456,101.7072,9,3,0.6813
2026-08-27T10:00:00,KLIA Air-Freight Link,KLIA Air-Freight Link :: Kuala Lumpur->KLIA / Sepang,0,3.139,101.6869,2.7456,101.7072,10,3,0.3286
2026-08-27T11:00:00,KLIA Air-Freight Link,KLIA Air-Freight Link :: Kuala Lumpur->KLIA / Sepang,0,3.139,101.6869,2.7456,101.7072,11,3,0.2085
2026-08-27T12:00:00,KLIA Air-Freight Link,KLIA Air-Freight Link :: Kuala Lumpur->KLIA / Sepang,0,3.139,101.6869,2.7456,101.7072,12,3,0.1751
2026-08-27T13:00:00,KLIA Air-Freight Link,KLIA Air-Freight Link :: Kuala Lumpur->KLIA / Sepang,0,3.139,101.6869,2.7456,101.7072,13,3,0.1243
2026-08-27T14:00:00,KLIA Air-Freight Link,KLIA Air-Freight Link :: Kuala Lumpur->KLIA / Sepang,0,3.139,101.6869,2.7456,101.7072,14,3,0.0825
2026-08-27T15:00:00,KLIA Air-Freight Link,KLIA Air-Freight Link :: Kuala Lumpur->KLIA / Sepang,0,3.139,101.6869,2.7456,101.7072,15,3,0.2696
2026-08-27T16:00:00,KLIA Air-Freight Link,KLIA Air-Freight Link :: Kuala Lumpur->KLIA / Sepang,0,3.139,101.6869,2.7456,101.7072,16,3,0.4478
2026-08-27T17:00:00,KLIA Air-Freight Link,KLIA Air-Freight Link :: Kuala Lumpur->KLIA / Sepang,0,3.139,101.6869,2.7456,101.7072,17,3,0.6397
2026-08-27T18:00:00,KLIA Air-Freight Link,KLIA Air-Freight Link :: Kuala Lumpur->KLIA / Sepang,0,3.139,101.6869,2.7456,101.7072,18,3,0.7338
2026-08-27T19:00:00,KLIA Air-Freight Link,KLIA Air-Freight Link :: Kuala Lumpur->KLIA / Sepang,0,3.139,101.6869,2.7456,101.7072,19,3,0.6454
2026-08-27T20:00:00,KLIA Air-Freight Link,KLIA Air-Freight Link :: Kuala Lumpur->KLIA / Sepang,0,3.139,101.6869,2.7456,101.7072,20,3,0.501
2026-08-27T21:00:00,KLIA Air-Freight Link,KLIA Air-Freight Link :: Kuala Lumpur->KLIA / Sepang,0,3.139,101.6869,2.7456,101.7072,21,3,0.272
2026-08-27T22:00:00,KLIA Air-Freight Link,KLIA Air-Freight Link :: Kuala Lumpur->KLIA / Sepang,0,3.139,101.6869,2.7456,101.7072,22,3,0.1805
2026-08-27T23:00:00,KLIA Air-Freight Link,KLIA Air-Freight Link :: Kuala Lumpur->KLIA / Sepang,0,3.139,101.6869,2.7456,101.7072,23,3,0.1793
2026-08-28T00:00:00,KLIA Air-Freight Link,KLIA Air-Freight Link :: Kuala Lumpur->KLIA / Sepang,0,3.139,101.6869,2.7456,101.7072,0,4,0.2273
2026-08-28T01:00:00,KLIA Air-Freight Link,KLIA Air-Freight Link :: Kuala Lumpur->KLIA / Sepang,0,3.139,101.6869,2.7456,101.7072,1,4,0.2772
2026-08-28T02:00:00,KLIA Air-Freight Link,KLIA Air-Freight Link :: Kuala Lumpur->KLIA / Sepang,0,3.139,101.6869,2.7456,101.7072,2,4,0.1549
2026-08-28T03:00:00,KLIA Air-Freight Link,KLIA Air-Freight Link :: Kuala Lumpur->KLIA / Sepang,0,3.139,101.6869,2.7456,101.7072,3,4,0.1994
2026-08-28T04:00:00,KLIA Air-Freight Link,KLIA Air-Freight Link :: Kuala Lumpur->KLIA / Sepang,0,3.139,101.6869,2.7456,101.7072,4,4,0.2219
2026-08-28T05:00:00,KLIA Air-Freight Link,KLIA Air-Freight Link :: Kuala Lumpur->KLIA / Sepang,0,3.139,101.6869,2.7456,101.7072,5,4,0.1851
2026-08-28T06:00:00,KLIA Air-Freight Link,KLIA Air-Freight Link :: Kuala Lumpur->KLIA / Sepang,0,3.139,101.6869,2.7456,101.7072,6,4,0.3758
2026-08-28T07:00:00,KLIA Air-Freight Link,KLIA Air-Freight Link :: Kuala Lumpur->KLIA / Sepang,0,3.139,101.6869,2.7456,101.7072,7,4,0.4901
2026-08-28T08:00:00,KLIA Air-Freight Link,KLIA Air-Freight Link :: Kuala Lumpur->KLIA / Sepang,0,3.139,101.6869,2.7456,101.7072,8,4,0.5814
2026-08-28T09:00:00,KLIA Air-Freight Link,KLIA Air-Freight Link :: Kuala Lumpur->KLIA / Sepang,0,3.139,101.6869,2.7456,101.7072,9,4,0.6
2026-08-28T10:00:00,KLIA Air-Freight Link,KLIA Air-Freight Link :: Kuala Lumpur->KLIA / Sepang,0,3.139,101.6869,2.7456,101.7072,10,4,0.3516
2026-08-28T11:00:00,KLIA Air-Freight Link,KLIA Air-Freight Link :: Kuala Lumpur->KLIA / Sepang,0,3.139,101.6869,2.7456,101.7072,11,4,0.2568
2026-08-28T12:00:00,KLIA Air-Freight Link,KLIA Air-Freight Link :: Kuala Lumpur->KLIA / Sepang,0,3.139,101.6869,2.7456,101.7072,12,4,0.2009
2026-08-28T13:00:00,KLIA Air-Freight Link,KLIA Air-Freight Link :: Kuala Lumpur->KLIA / Sepang,0,3.139,101.6869,2.7456,101.7072,13,4,0.1386
2026-08-28T14:00:00,KLIA Air-Freight Link,KLIA Air-Freight Link :: Kuala Lumpur->KLIA / Sepang,0,3.139,101.6869,2.7456,101.7072,14,4,0.2123
2026-08-28T15:00:00,KLIA Air-Freight Link,KLIA Air-Freight Link :: Kuala Lumpur->KLIA / Sepang,0,3.139,101.6869,2.7456,101.7072,15,4,0.2094
2026-08-28T16:00:00,KLIA Air-Freight Link,KLIA Air-Freight Link :: Kuala Lumpur->KLIA / Sepang,0,3.139,101.6869,2.7456,101.7072,16,4,0.5231
2026-08-28T17:00:00,KLIA Air-Freight Link,KLIA Air-Freight Link :: Kuala Lumpur->KLIA / Sepang,0,3.139,101.6869,2.7456,101.7072,17,4,0.5614
2026-08-28T18:00:00,KLIA Air-Freight Link,KLIA Air-Freight Link :: Kuala Lumpur->KLIA / Sepang,0,3.139,101.6869,2.7456,101.7072,18,4,0.7308
2026-08-28T19:00:00,KLIA Air-Freight Link,KLIA Air-Freight Link :: Kuala Lumpur->KLIA / Sepang,0,3.139,101.6869,2.7456,101.7072,19,4,0.5803
2026-08-28T20:00:00,KLIA Air-Freight Link,KLIA Air-Freight Link :: Kuala Lumpur->KLIA / Sepang,0,3.139,101.6869,2.7456,101.7072,20,4,0.4739
2026-08-28T21:00:00,KLIA Air-Freight Link,KLIA Air-Freight Link :: Kuala Lumpur->KLIA / Sepang,0,3.139,101.6869,2.7456,101.7072,21,4,0.2635
2026-08-28T22:00:00,KLIA Air-Freight Link,KLIA Air-Freight Link :: Kuala Lumpur->KLIA / Sepang,0,3.139,101.6869,2.7456,101.7072,22,4,0.1838
2026-08-28T23:00:00,KLIA Air-Freight Link,KLIA Air-Freight Link :: Kuala Lumpur->KLIA / Sepang,0,3.139,101.6869,2.7456,101.7072,23,4,0.2474
2026-07-30T00:00:00,East Coast (KL-Kuantan),East Coast (KL-Kuantan) :: Kuala Lumpur->Kuantan Port,0,3.139,101.6869,3.9639,103.4292,0,3,0.1243
2026-07-30T01:00:00,East Coast (KL-Kuantan),East Coast (KL-Kuantan) :: Kuala Lumpur->Kuantan Port,0,3.139,101.6869,3.9639,103.4292,1,3,0.1535
2026-07-30T02:00:00,East Coast (KL-Kuantan),East Coast (KL-Kuantan) :: Kuala Lumpur->Kuantan Port,0,3.139,101.6869,3.9639,103.4292,2,3,0.0637
2026-07-30T03:00:00,East Coast (KL-Kuantan),East Coast (KL-Kuantan) :: Kuala Lumpur->Kuantan Port,0,3.139,101.6869,3.9639,103.4292,3,3,0.0388
2026-07-30T04:00:00,East Coast (KL-Kuantan),East Coast (KL-Kuantan) :: Kuala Lumpur->Kuantan Port,0,3.139,101.6869,3.9639,103.4292,4,3,0.1347
2026-07-30T05:00:00,East Coast (KL-Kuantan),East Coast (KL-Kuantan) :: Kuala Lumpur->Kuantan Port,0,3.139,101.6869,3.9639,103.4292,5,3,0.1366
2026-07-30T06:00:00,East Coast (KL-Kuantan),East Coast (KL-Kuantan) :: Kuala Lumpur->Kuantan Port,0,3.139,101.6869,3.9639,103.4292,6,3,0.276
2026-07-30T07:00:00,East Coast (KL-Kuantan),East Coast (KL-Kuantan) :: Kuala Lumpur->Kuantan Port,0,3.139,101.6869,3.9639,103.4292,7,3,0.363
2026-07-30T08:00:00,East Coast (KL-Kuantan),East Coast (KL-Kuantan) :: Kuala Lumpur->Kuantan Port,0,3.139,101.6869,3.9639,103.4292,8,3,0.4498
2026-07-30T09:00:00,East Coast (KL-Kuantan),East Coast (KL-Kuantan) :: Kuala Lumpur->Kuantan Port,0,3.139,101.6869,3.9639,103.4292,9,3,0.2704
2026-07-30T10:00:00,East Coast (KL-Kuantan),East Coast (KL-Kuantan) :: Kuala Lumpur->Kuantan Port,0,3.139,101.6869,3.9639,103.4292,10,3,0.3517
2026-07-30T11:00:00,East Coast (KL-Kuantan),East Coast (KL-Kuantan) :: Kuala Lumpur->Kuantan Port,0,3.139,101.6869,3.9639,103.4292,11,3,0.1459
2026-07-30T12:00:00,East Coast (KL-Kuantan),East Coast (KL-Kuantan) :: Kuala Lumpur->Kuantan Port,0,3.139,101.6869,3.9639,103.4292,12,3,0.1704
2026-07-30T13:00:00,East Coast (KL-Kuantan),East Coast (KL-Kuantan) :: Kuala Lumpur->Kuantan Port,0,3.139,101.6869,3.9639,103.4292,13,3,0.0753
2026-07-30T14:00:00,East Coast (KL-Kuantan),East Coast (KL-Kuantan) :: Kuala Lumpur->Kuantan Port,0,3.139,101.6869,3.9639,103.4292,14,3,0.1553
2026-07-30T15:00:00,East Coast (KL-Kuantan),East Coast (KL-Kuantan) :: Kuala Lumpur->Kuantan Port,0,3.139,101.6869,3.9639,103.4292,15,3,0.1022
2026-07-30T16:00:00,East Coast (KL-Kuantan),East Coast (KL-Kuantan) :: Kuala Lumpur->Kuantan Port,0,3.139,101.6869,3.9639,103.4292,16,3,0.3069
2026-07-30T17:00:00,East Coast (KL-Kuantan),East Coast (KL-Kuantan) :: Kuala Lumpur->Kuantan Port,0,3.139,101.6869,3.9639,103.4292,17,3,0.3877
2026-07-30T18:00:00,East Coast (KL-Kuantan),East Coast (KL-Kuantan) :: Kuala Lumpur->Kuantan Port,0,3.139,101.6869,3.9639,103.4292,18,3,0.4743
2026-07-30T19:00:00,East Coast (KL-Kuantan),East Coast (KL-Kuantan) :: Kuala Lumpur->Kuantan Port,0,3.139,101.6869,3.9639,103.4292,19,3,0.4509
2026-07-30T20:00:00,East Coast (KL-Kuantan),East Coast (KL-Kuantan) :: Kuala Lumpur->Kuantan Port,0,3.139,101.6869,3.9639,103.4292,20,3,0.2058
2026-07-30T21:00:00,East Coast (KL-Kuantan),East Coast (KL-Kuantan) :: Kuala Lumpur->Kuantan Port,0,3.139,101.6869,3.9639,103.4292,21,3,0.1393
2026-07-30T22:00:00,East Coast (KL-Kuantan),East Coast (KL-Kuantan) :: Kuala Lumpur->Kuantan Port,0,3.139,101.6869,3.9639,103.4292,22,3,0.1642
2026-07-30T23:00:00,East Coast (KL-Kuantan),East Coast (KL-Kuantan) :: Kuala Lumpur->Kuantan Port,0,3.139,101.6869,3.9639,103.4292,23,3,0.2508
2026-07-31T00:00:00,East Coast (KL-Kuantan),East Coast (KL-Kuantan) :: Kuala Lumpur->Kuantan Port,0,3.139,101.6869,3.9639,103.4292,0,4,0.1142
2026-07-31T01:00:00,East Coast (KL-Kuantan),East Coast (KL-Kuantan) :: Kuala Lumpur->Kuantan Port,0,3.139,101.6869,3.9639,103.4292,1,4,0.158
2026-07-31T02:00:00,East Coast (KL-Kuantan),East Coast (KL-Kuantan) :: Kuala Lumpur->Kuantan Port,0,3.139,101.6869,3.9639,103.4292,2,4,0.1161
2026-07-31T03:00:00,East Coast (KL-Kuantan),East Coast (KL-Kuantan) :: Kuala Lumpur->Kuantan Port,0,3.139,101.6869,3.9639,103.4292,3,4,0.2396
2026-07-31T04:00:00,East Coast (KL-Kuantan),East Coast (KL-Kuantan) :: Kuala Lumpur->Kuantan Port,0,3.139,101.6869,3.9639,103.4292,4,4,0.0234
2026-07-31T05:00:00,East Coast (KL-Kuantan),East Coast (KL-Kuantan) :: Kuala Lumpur->Kuantan Port,0,3.139,101.6869,3.9639,103.4292,5,4,0.1614
2026-07-31T06:00:00,East Coast (KL-Kuantan),East Coast (KL-Kuantan) :: Kuala Lumpur->Kuantan Port,0,3.139,101.6869,3.9639,103.4292,6,4,0.1408
2026-07-31T07:00:00,East Coast (KL-Kuantan),East Coast (KL-Kuantan) :: Kuala Lumpur->Kuantan Port,0,3.139,101.6869,3.9639,103.4292,7,4,0.2174
2026-07-31T08:00:00,East Coast (KL-Kuantan),East Coast (KL-Kuantan) :: Kuala Lumpur->Kuantan Port,0,3.139,101.6869,3.9639,103.4292,8,4,0.4553
2026-07-31T09:00:00,East Coast (KL-Kuantan),East Coast (KL-Kuantan) :: Kuala Lumpur->Kuantan Port,0,3.139,101.6869,3.9639,103.4292,9,4,0.3762
2026-07-31T10:00:00,East Coast (KL-Kuantan),East Coast (KL-Kuantan) :: Kuala Lumpur->Kuantan Port,0,3.139,101.6869,3.9639,103.4292,10,4,0.2213
2026-07-31T11:00:00,East Coast (KL-Kuantan),East Coast (KL-Kuantan) :: Kuala Lumpur->Kuantan Port,0,3.139,101.6869,3.9639,103.4292,11,4,0.1493
2026-07-31T12:00:00,East Coast (KL-Kuantan),East Coast (KL-Kuantan) :: Kuala Lumpur->Kuantan Port,0,3.139,101.6869,3.9639,103.4292,12,4,0.3144
2026-07-31T13:00:00,East Coast (KL-Kuantan),East Coast (KL-Kuantan) :: Kuala Lumpur->Kuantan Port,0,3.139,101.6869,3.9639,103.4292,13,4,0.11
2026-07-31T14:00:00,East Coast (KL-Kuantan),East Coast (KL-Kuantan) :: Kuala Lumpur->Kuantan Port,0,3.139,101.6869,3.9639,103.4292,14,4,0.1674
2026-07-31T15:00:00,East Coast (KL-Kuantan),East Coast (KL-Kuantan) :: Kuala Lumpur->Kuantan Port,0,3.139,101.6869,3.9639,103.4292,15,4,0.1414
2026-07-31T16:00:00,East Coast (KL-Kuantan),East Coast (KL-Kuantan) :: Kuala Lumpur->Kuantan Port,0,3.139,101.6869,3.9639,103.4292,16,4,0.2975
2026-07-31T17:00:00,East Coast (KL-Kuantan),East Coast (KL-Kuantan) :: Kuala Lumpur->Kuantan Port,0,3.139,101.6869,3.9639,103.4292,17,4,0.3948
2026-07-31T18:00:00,East Coast (KL-Kuantan),East Coast (KL-Kuantan) :: Kuala Lumpur->Kuantan Port,0,3.139,101.6869,3.9639,103.4292,18,4,0.4479
2026-07-31T19:00:00,East Coast (KL-Kuantan),East Coast (KL-Kuantan) :: Kuala Lumpur->Kuantan Port,0,3.139,101.6869,3.9639,103.4292,19,4,0.5182
2026-07-31T20:00:00,East Coast (KL-Kuantan),East Coast (KL-Kuantan) :: Kuala Lumpur->Kuantan Port,0,3.139,101.6869,3.9639,103.4292,20,4,0.3504
2026-07-31T21:00:00,East Coast (KL-Kuantan),East Coast (KL-Kuantan) :: Kuala Lumpur->Kuantan Port,0,3.139,101.6869,3.9639,103.4292,21,4,0.1886
2026-07-31T22:00:00,East Coast (KL-Kuantan),East Coast (KL-Kuantan) :: Kuala Lumpur->Kuantan Port,0,3.139,101.6869,3.9639,103.4292,22,4,0.0
2026-07-31T23:00:00,East Coast (KL-Kuantan),East Coast (KL-Kuantan) :: Kuala Lumpur->Kuantan Port,0,3.139,101.6869,3.9639,103.4292,23,4,0.1032
2026-08-01T00:00:00,East Coast (KL-Kuantan),East Coast (KL-Kuantan) :: Kuala Lumpur->Kuantan Port,0,3.139,101.6869,3.9639,103.4292,0,5,0.2847
2026-08-01T01:00:00,East Coast (KL-Kuantan),East Coast (KL-Kuantan) :: Kuala Lumpur->Kuantan Port,0,3.139,101.6869,3.9639,103.4292,1,5,0.1087
2026-08-01T02:00:00,East Coast (KL-Kuantan),East Coast (KL-Kuantan) :: Kuala Lumpur->Kuantan Port,0,3.139,101.6869,3.9639,103.4292,2,5,0.1887
2026-08-01T03:00:00,East Coast (KL-Kuantan),East Coast (KL-Kuantan) :: Kuala Lumpur->Kuantan Port,0,3.139,101.6869,3.9639,103.4292,3,5,0.2096
2026-08-01T04:00:00,East Coast (KL-Kuantan),East Coast (KL-Kuantan) :: Kuala Lumpur->Kuantan Port,0,3.139,101.6869,3.9639,103.4292,4,5,0.1414
2026-08-01T05:00:00,East Coast (KL-Kuantan),East Coast (KL-Kuantan) :: Kuala Lumpur->Kuantan Port,0,3.139,101.6869,3.9639,103.4292,5,5,0.1052
2026-08-01T06:00:00,East Coast (KL-Kuantan),East Coast (KL-Kuantan) :: Kuala Lumpur->Kuantan Port,0,3.139,101.6869,3.9639,103.4292,6,5,0.0923
2026-08-01T07:00:00,East Coast (KL-Kuantan),East Coast (KL-Kuantan) :: Kuala Lumpur->Kuantan Port,0,3.139,101.6869,3.9639,103.4292,7,5,0.4089
2026-08-01T08:00:00,East Coast (KL-Kuantan),East Coast (KL-Kuantan) :: Kuala Lumpur->Kuantan Port,0,3.139,101.6869,3.9639,103.4292,8,5,0.3886
2026-08-01T09:00:00,East Coast (KL-Kuantan),East Coast (KL-Kuantan) :: Kuala Lumpur->Kuantan Port,0,3.139,101.6869,3.9639,103.4292,9,5,0.3784
2026-08-01T10:00:00,East Coast (KL-Kuantan),East Coast (KL-Kuantan) :: Kuala Lumpur->Kuantan Port,0,3.139,101.6869,3.9639,103.4292,10,5,0.1634
2026-08-01T11:00:00,East Coast (KL-Kuantan),East Coast (KL-Kuantan) :: Kuala Lumpur->Kuantan Port,0,3.139,101.6869,3.9639,103.4292,11,5,0.1398
2026-08-01T12:00:00,East Coast (KL-Kuantan),East Coast (KL-Kuantan) :: Kuala Lumpur->Kuantan Port,0,3.139,101.6869,3.9639,103.4292,12,5,0.1306
2026-08-01T13:00:00,East Coast (KL-Kuantan),East Coast (KL-Kuantan) :: Kuala Lumpur->Kuantan Port,0,3.139,101.6869,3.9639,103.4292,13,5,0.1416
2026-08-01T14:00:00,East Coast (KL-Kuantan),East Coast (KL-Kuantan) :: Kuala Lumpur->Kuantan Port,0,3.139,101.6869,3.9639,103.4292,14,5,0.0699
2026-08-01T15:00:00,East Coast (KL-Kuantan),East Coast (KL-Kuantan) :: Kuala Lumpur->Kuantan Port,0,3.139,101.6869,3.9639,103.4292,15,5,0.2522
2026-08-01T16:00:00,East Coast (KL-Kuantan),East Coast (KL-Kuantan) :: Kuala Lumpur->Kuantan Port,0,3.139,101.6869,3.9639,103.4292,16,5,0.244
2026-08-01T17:00:00,East Coast (KL-Kuantan),East Coast (KL-Kuantan) :: Kuala Lumpur->Kuantan Port,0,3.139,101.6869,3.9639,103.4292,17,5,0.3086
2026-08-01T18:00:00,East Coast (KL-Kuantan),East Coast (KL-Kuantan) :: Kuala Lumpur->Kuantan Port,0,3.139,101.6869,3.9639,103.4292,18,5,0.466
2026-08-01T19:00:00,East Coast (KL-Kuantan),East Coast (KL-Kuantan) :: Kuala Lumpur->Kuantan Port,0,3.139,101.6869,3.9639,103.4292,19,5,0.4111
2026-08-01T20:00:00,East Coast (KL-Kuantan),East Coast (KL-Kuantan) :: Kuala Lumpur->Kuantan Port,0,3.139,101.6869,3.9639,103.4292,20,5,0.2894
2026-08-01T21:00:00,East Coast (KL-Kuantan),East Coast (KL-Kuantan) :: Kuala Lumpur->Kuantan Port,0,3.139,101.6869,3.9639,103.4292,21,5,0.2621
2026-08-01T22:00:00,East Coast (KL-Kuantan),East Coast (KL-Kuantan) :: Kuala Lumpur->Kuantan Port,0,3.139,101.6869,3.9639,103.4292,22,5,0.1226
2026-08-01T23:00:00,East Coast (KL-Kuantan),East Coast (KL-Kuantan) :: Kuala Lumpur->Kuantan Port,0,3.139,101.6869,3.9639,103.4292,23,5,0.1177
2026-08-02T00:00:00,East Coast (KL-Kuantan),East Coast (KL-Kuantan) :: Kuala Lumpur->Kuantan Port,0,3.139,101.6869,3.9639,103.4292,0,6,0.0563
2026-08-02T01:00:00,East Coast (KL-Kuantan),East Coast (KL-Kuantan) :: Kuala Lumpur->Kuantan Port,0,3.139,101.6869,3.9639,103.4292,1,6,0.1717
2026-08-02T02:00:00,East Coast (KL-Kuantan),East Coast (KL-Kuantan) :: Kuala Lumpur->Kuantan Port,0,3.139,101.6869,3.9639,103.4292,2,6,0.1336
2026-08-02T03:00:00,East Coast (KL-Kuantan),East Coast (KL-Kuantan) :: Kuala Lumpur->Kuantan Port,0,3.139,101.6869,3.9639,103.4292,3,6,0.0979
2026-08-02T04:00:00,East Coast (KL-Kuantan),East Coast (KL-Kuantan) :: Kuala Lumpur->Kuantan Port,0,3.139,101.6869,3.9639,103.4292,4,6,0.014
2026-08-02T05:00:00,East Coast (KL-Kuantan),East Coast (KL-Kuantan) :: Kuala Lumpur->Kuantan Port,0,3.139,101.6869,3.9639,103.4292,5,6,0.2424
2026-08-02T06:00:00,East Coast (KL-Kuantan),East Coast (KL-Kuantan) :: Kuala Lumpur->Kuantan Port,0,3.139,101.6869,3.9639,103.4292,6,6,0.1647
2026-08-02T07:00:00,East Coast (KL-Kuantan),East Coast (KL-Kuantan) :: Kuala Lumpur->Kuantan Port,0,3.139,101.6869,3.9639,103.4292,7,6,0.3323
2026-08-02T08:00:00,East Coast (KL-Kuantan),East Coast (KL-Kuantan) :: Kuala Lumpur->Kuantan Port,0,3.139,101.6869,3.9639,103.4292,8,6,0.459
2026-08-02T09:00:00,East Coast (KL-Kuantan),East Coast (KL-Kuantan) :: Kuala Lumpur->Kuantan Port,0,3.139,101.6869,3.9639,103.4292,9,6,0.296
2026-08-02T10:00:00,East Coast (KL-Kuantan),East Coast (KL-Kuantan) :: Kuala Lumpur->Kuantan Port,0,3.139,101.6869,3.9639,103.4292,10,6,0.1488
2026-08-02T11:00:00,East Coast (KL-Kuantan),East Coast (KL-Kuantan) :: Kuala Lumpur->Kuantan Port,0,3.139,101.6869,3.9639,103.4292,11,6,0.0283
2026-08-02T12:00:00,East Coast (KL-Kuantan),East Coast (KL-Kuantan) :: Kuala Lumpur->Kuantan Port,0,3.139,101.6869,3.9639,103.4292,12,6,0.1718
2026-08-02T13:00:00,East Coast (KL-Kuantan),East Coast (KL-Kuantan) :: Kuala Lumpur->Kuantan Port,0,3.139,101.6869,3.9639,103.4292,13,6,0.0928
2026-08-02T14:00:00,East Coast (KL-Kuantan),East Coast (KL-Kuantan) :: Kuala Lumpur->Kuantan Port,0,3.139,101.6869,3.9639,103.4292,14,6,0.3124
2026-08-02T15:00:00,East Coast (KL-Kuantan),East Coast (KL-Kuantan) :: Kuala Lumpur->Kuantan Port,0,3.139,101.6869,3.9639,103.4292,15,6,0.1207
2026-08-02T16:00:00,East Coast (KL-Kuantan),East Coast (KL-Kuantan) :: Kuala Lumpur->Kuantan Port,0,3.139,101.6869,3.9639,103.4292,16,6,0.2245
2026-08-02T17:00:00,East Coast (KL-Kuantan),East Coast (KL-Kuantan) :: Kuala Lumpur->Kuantan Port,0,3.139,101.6869,3.9639,103.4292,17,6,0.3751
2026-08-02T18:00:00,East Coast (KL-Kuantan),East Coast (KL-Kuantan) :: Kuala Lumpur->Kuantan Port,0,3.139,101.6869,3.9639,103.4292,18,6,0.4871
2026-08-02T19:00:00,East Coast (KL-Kuantan),East Coast (KL-Kuantan) :: Kuala Lumpur->Kuantan Port,0,3.139,101.6869,3.9639,103.4292,19,6,0.3808
2026-08-02T20:00:00,East Coast (KL-Kuantan),East Coast (KL-Kuantan) :: Kuala Lumpur->Kuantan Port,0,3.139,101.6869,3.9639,103.4292,20,6,0.3165
2026-08-02T21:00:00,East Coast (KL-Kuantan),East Coast (KL-Kuantan) :: Kuala Lumpur->Kuantan Port,0,3.139,101.6869,3.9639,103.4292,21,6,0.1216
2026-08-02T22:00:00,East Coast (KL-Kuantan),East Coast (KL-Kuantan) :: Kuala Lumpur->Kuantan Port,0,3.139,101.6869,3.9639,103.4292,22,6,0.0539
2026-08-02T23:00:00,East Coast (KL-Kuantan),East Coast (KL-Kuantan) :: Kuala Lumpur->Kuantan Port,0,3.139,101.6869,3.9639,103.4292,23,6,0.017
2026-08-03T00:00:00,East Coast (KL-Kuantan),East Coast (KL-Kuantan) :: Kuala Lumpur->Kuantan Port,0,3.139,101.6869,3.9639,103.4292,0,0,0.0
2026-08-03T01:00:00,East Coast (KL-Kuantan),East Coast (KL-Kuantan) :: Kuala Lumpur->Kuantan Port,0,3.139,101.6869,3.9639,103.4292,1,0,0.0914
2026-08-03T02:00:00,East Coast (KL-Kuantan),East Coast (KL-Kuantan) :: Kuala Lumpur->Kuantan Port,0,3.139,101.6869,3.9639,103.4292,2,0,0.1045
2026-08-03T03:00:00,East Coast (KL-Kuantan),East Coast (KL-Kuantan) :: Kuala Lumpur->Kuantan Port,0,3.139,101.6869,3.9639,103.4292,3,0,0.0852
2026-08-03T04:00:00,East Coast (KL-Kuantan),East Coast (KL-Kuantan) :: Kuala Lumpur->Kuantan Port,0,3.139,101.6869,3.9639,103.4292,4,0,0.2029
2026-08-03T05:00:00,East Coast (KL-Kuantan),East Coast (KL-Kuantan) :: Kuala Lumpur->Kuantan Port,0,3.139,101.6869,3.9639,103.4292,5,0,0.2294
2026-08-03T06:00:00,East Coast (KL-Kuantan),East Coast (KL-Kuantan) :: Kuala Lumpur->Kuantan Port,0,3.139,101.6869,3.9639,103.4292,6,0,0.2183
2026-08-03T07:00:00,East Coast (KL-Kuantan),East Coast (KL-Kuantan) :: Kuala Lumpur->Kuantan Port,0,3.139,101.6869,3.9639,103.4292,7,0,0.2602
2026-08-03T08:00:00,East Coast (KL-Kuantan),East Coast (KL-Kuantan) :: Kuala Lumpur->Kuantan Port,0,3.139,101.6869,3.9639,103.4292,8,0,0.4035
2026-08-03T09:00:00,East Coast (KL-Kuantan),East Coast (KL-Kuantan) :: Kuala Lumpur->Kuantan Port,0,3.139,101.6869,3.9639,103.4292,9,0,0.3318
2026-08-03T10:00:00,East Coast (KL-Kuantan),East Coast (KL-Kuantan) :: Kuala Lumpur->Kuantan Port,0,3.139,101.6869,3.9639,103.4292,10,0,0.199
2026-08-03T11:00:00,East Coast (KL-Kuantan),East Coast (KL-Kuantan) :: Kuala Lumpur->Kuantan Port,0,3.139,101.6869,3.9639,103.4292,11,0,0.1139
2026-08-03T12:00:00,East Coast (KL-Kuantan),East Coast (KL-Kuantan) :: Kuala Lumpur->Kuantan Port,0,3.139,101.6869,3.9639,103.4292,12,0,0.0893
2026-08-03T13:00:00,East Coast (KL-Kuantan),East Coast (KL-Kuantan) :: Kuala Lumpur->Kuantan Port,0,3.139,101.6869,3.9639,103.4292,13,0,0.1023
2026-08-03T14:00:00,East Coast (KL-Kuantan),East Coast (KL-Kuantan) :: Kuala Lumpur->Kuantan Port,0,3.139,101.6869,3.9639,103.4292,14,0,0.0987
2026-08-03T15:00:00,East Coast (KL-Kuantan),East Coast (KL-Kuantan) :: Kuala Lumpur->Kuantan Port,0,3.139,101.6869,3.9639,103.4292,15,0,0.1929
2026-08-03T16:00:00,East Coast (KL-Kuantan),East Coast (KL-Kuantan) :: Kuala Lumpur->Kuantan Port,0,3.139,101.6869,3.9639,103.4292,16,0,0.3014
2026-08-03T17:00:00,East Coast (KL-Kuantan),East Coast (KL-Kuantan) :: Kuala Lumpur->Kuantan Port,0,3.139,101.6869,3.9639,103.4292,17,0,0.3544
2026-08-03T18:00:00,East Coast (KL-Kuantan),East Coast (KL-Kuantan) :: Kuala Lumpur->Kuantan Port,0,3.139,101.6869,3.9639,103.4292,18,0,0.5488
2026-08-03T19:00:00,East Coast (KL-Kuantan),East Coast (KL-Kuantan) :: Kuala Lumpur->Kuantan Port,0,3.139,101.6869,3.9639,103.4292,19,0,0.3503
2026-08-03T20:00:00,East Coast (KL-Kuantan),East Coast (KL-Kuantan) :: Kuala Lumpur->Kuantan Port,0,3.139,101.6869,3.9639,103.4292,20,0,0.1827
2026-08-03T21:00:00,East Coast (KL-Kuantan),East Coast (KL-Kuantan) :: Kuala Lumpur->Kuantan Port,0,3.139,101.6869,3.9639,103.4292,21,0,0.2032
2026-08-03T22:00:00,East Coast (KL-Kuantan),East Coast (KL-Kuantan) :: Kuala Lumpur->Kuantan Port,0,3.139,101.6869,3.9639,103.4292,22,0,0.0877
2026-08-03T23:00:00,East Coast (KL-Kuantan),East Coast (KL-Kuantan) :: Kuala Lumpur->Kuantan Port,0,3.139,101.6869,3.9639,103.4292,23,0,0.1441
2026-08-04T00:00:00,East Coast (KL-Kuantan),East Coast (KL-Kuantan) :: Kuala Lumpur->Kuantan Port,0,3.139,101.6869,3.9639,103.4292,0,1,0.0
2026-08-04T01:00:00,East Coast (KL-Kuantan),East Coast (KL-Kuantan) :: Kuala Lumpur->Kuantan Port,0,3.139,101.6869,3.9639,103.4292,1,1,0.206
2026-08-04T02:00:00,East Coast (KL-Kuantan),East Coast (KL-Kuantan) :: Kuala Lumpur->Kuantan Port,0,3.139,101.6869,3.9639,103.4292,2,1,0.1629
2026-08-04T03:00:00,East Coast (KL-Kuantan),East Coast (KL-Kuantan) :: Kuala Lumpur->Kuantan Port,0,3.139,101.6869,3.9639,103.4292,3,1,0.0331
2026-08-04T04:00:00,East Coast (KL-Kuantan),East Coast (KL-Kuantan) :: Kuala Lumpur->Kuantan Port,0,3.139,101.6869,3.9639,103.4292,4,1,0.0395
2026-08-04T05:00:00,East Coast (KL-Kuantan),East Coast (KL-Kuantan) :: Kuala Lumpur->Kuantan Port,0,3.139,101.6869,3.9639,103.4292,5,1,0.256
2026-08-04T06:00:00,East Coast (KL-Kuantan),East Coast (KL-Kuantan) :: Kuala Lumpur->Kuantan Port,0,3.139,101.6869,3.9639,103.4292,6,1,0.1941
2026-08-04T07:00:00,East Coast (KL-Kuantan),East Coast (KL-Kuantan) :: Kuala Lumpur->Kuantan Port,0,3.139,101.6869,3.9639,103.4292,7,1,0.3178
2026-08-04T08:00:00,East Coast (KL-Kuantan),East Coast (KL-Kuantan) :: Kuala Lumpur->Kuantan Port,0,3.139,101.6869,3.9639,103.4292,8,1,0.3015
2026-08-04T09:00:00,East Coast (KL-Kuantan),East Coast (KL-Kuantan) :: Kuala Lumpur->Kuantan Port,0,3.139,101.6869,3.9639,103.4292,9,1,0.3468
2026-08-04T10:00:00,East Coast (KL-Kuantan),East Coast (KL-Kuantan) :: Kuala Lumpur->Kuantan Port,0,3.139,101.6869,3.9639,103.4292,10,1,0.2247
2026-08-04T11:00:00,East Coast (KL-Kuantan),East Coast (KL-Kuantan) :: Kuala Lumpur->Kuantan Port,0,3.139,101.6869,3.9639,103.4292,11,1,0.1986
2026-08-04T12:00:00,East Coast (KL-Kuantan),East Coast (KL-Kuantan) :: Kuala Lumpur->Kuantan Port,0,3.139,101.6869,3.9639,103.4292,12,1,0.0446
2026-08-04T13:00:00,East Coast (KL-Kuantan),East Coast (KL-Kuantan) :: Kuala Lumpur->Kuantan Port,0,3.139,101.6869,3.9639,103.4292,13,1,0.0342
2026-08-04T14:00:00,East Coast (KL-Kuantan),East Coast (KL-Kuantan) :: Kuala Lumpur->Kuantan Port,0,3.139,101.6869,3.9639,103.4292,14,1,0.1639
2026-08-04T15:00:00,East Coast (KL-Kuantan),East Coast (KL-Kuantan) :: Kuala Lumpur->Kuantan Port,0,3.139,101.6869,3.9639,103.4292,15,1,0.2408
2026-08-04T16:00:00,East Coast (KL-Kuantan),East Coast (KL-Kuantan) :: Kuala Lumpur->Kuantan Port,0,3.139,101.6869,3.9639,103.4292,16,1,0.1855
2026-08-04T17:00:00,East Coast (KL-Kuantan),East Coast (KL-Kuantan) :: Kuala Lumpur->Kuantan Port,0,3.139,101.6869,3.9639,103.4292,17,1,0.4739
2026-08-04T18:00:00,East Coast (KL-Kuantan),East Coast (KL-Kuantan) :: Kuala Lumpur->Kuantan Port,0,3.139,101.6869,3.9639,103.4292,18,1,0.4748
2026-08-04T19:00:00,East Coast (KL-Kuantan),East Coast (KL-Kuantan) :: Kuala Lumpur->Kuantan Port,0,3.139,101.6869,3.9639,103.4292,19,1,0.4746
2026-08-04T20:00:00,East Coast (KL-Kuantan),East Coast (KL-Kuantan) :: Kuala Lumpur->Kuantan Port,0,3.139,101.6869,3.9639,103.4292,20,1,0.2756
2026-08-04T21:00:00,East Coast (KL-Kuantan),East Coast (KL-Kuantan) :: Kuala Lumpur->Kuantan Port,0,3.139,101.6869,3.9639,103.4292,21,1,0.029
2026-08-04T22:00:00,East Coast (KL-Kuantan),East Coast (KL-Kuantan) :: Kuala Lumpur->Kuantan Port,0,3.139,101.6869,3.9639,103.4292,22,1,0.1276
2026-08-04T23:00:00,East Coast (KL-Kuantan),East Coast (KL-Kuantan) :: Kuala Lumpur->Kuantan Port,0,3.139,101.6869,3.9639,103.4292,23,1,0.1885
2026-08-05T00:00:00,East Coast (KL-Kuantan),East Coast (KL-Kuantan) :: Kuala Lumpur->Kuantan Port,0,3.139,101.6869,3.9639,103.4292,0,2,0.0689
2026-08-05T01:00:00,East Coast (KL-Kuantan),East Coast (KL-Kuantan) :: Kuala Lumpur->Kuantan Port,0,3.139,101.6869,3.9639,103.4292,1,2,0.0992
2026-08-05T02:00:00,East Coast (KL-Kuantan),East Coast (KL-Kuantan) :: Kuala Lumpur->Kuantan Port,0,3.139,101.6869,3.9639,103.4292,2,2,0.112
2026-08-05T03:00:00,East Coast (KL-Kuantan),East Coast (KL-Kuantan) :: Kuala Lumpur->Kuantan Port,0,3.139,101.6869,3.9639,103.4292,3,2,0.0
2026-08-05T04:00:00,East Coast (KL-Kuantan),East Coast (KL-Kuantan) :: Kuala Lumpur->Kuantan Port,0,3.139,101.6869,3.9639,103.4292,4,2,0.2286
2026-08-05T05:00:00,East Coast (KL-Kuantan),East Coast (KL-Kuantan) :: Kuala Lumpur->Kuantan Port,0,3.139,101.6869,3.9639,103.4292,5,2,0.1016
2026-08-05T06:00:00,East Coast (KL-Kuantan),East Coast (KL-Kuantan) :: Kuala Lumpur->Kuantan Port,0,3.139,101.6869,3.9639,103.4292,6,2,0.2687
2026-08-05T07:00:00,East Coast (KL-Kuantan),East Coast (KL-Kuantan) :: Kuala Lumpur->Kuantan Port,0,3.139,101.6869,3.9639,103.4292,7,2,0.3626
2026-08-05T08:00:00,East Coast (KL-Kuantan),East Coast (KL-Kuantan) :: Kuala Lumpur->Kuantan Port,0,3.139,101.6869,3.9639,103.4292,8,2,0.513
2026-08-05T09:00:00,East Coast (KL-Kuantan),East Coast (KL-Kuantan) :: Kuala Lumpur->Kuantan Port,0,3.139,101.6869,3.9639,103.4292,9,2,0.3922
2026-08-05T10:00:00,East Coast (KL-Kuantan),East Coast (KL-Kuantan) :: Kuala Lumpur->Kuantan Port,0,3.139,101.6869,3.9639,103.4292,10,2,0.2243
2026-08-05T11:00:00,East Coast (KL-Kuantan),East Coast (KL-Kuantan) :: Kuala Lumpur->Kuantan Port,0,3.139,101.6869,3.9639,103.4292,11,2,0.1021
2026-08-05T12:00:00,East Coast (KL-Kuantan),East Coast (KL-Kuantan) :: Kuala Lumpur->Kuantan Port,0,3.139,101.6869,3.9639,103.4292,12,2,0.1764
2026-08-05T13:00:00,East Coast (KL-Kuantan),East Coast (KL-Kuantan) :: Kuala Lumpur->Kuantan Port,0,3.139,101.6869,3.9639,103.4292,13,2,0.0131
2026-08-05T14:00:00,East Coast (KL-Kuantan),East Coast (KL-Kuantan) :: Kuala Lumpur->Kuantan Port,0,3.139,101.6869,3.9639,103.4292,14,2,0.1756
2026-08-05T15:00:00,East Coast (KL-Kuantan),East Coast (KL-Kuantan) :: Kuala Lumpur->Kuantan Port,0,3.139,101.6869,3.9639,103.4292,15,2,0.1144
2026-08-05T16:00:00,East Coast (KL-Kuantan),East Coast (KL-Kuantan) :: Kuala Lumpur->Kuantan Port,0,3.139,101.6869,3.9639,103.4292,16,2,0.3549
2026-08-05T17:00:00,East Coast (KL-Kuantan),East Coast (KL-Kuantan) :: Kuala Lumpur->Kuantan Port,0,3.139,101.6869,3.9639,103.4292,17,2,0.4187
2026-08-05T18:00:00,East Coast (KL-Kuantan),East Coast (KL-Kuantan) :: Kuala Lumpur->Kuantan Port,0,3.139,101.6869,3.9639,103.4292,18,2,0.5111
2026-08-05T19:00:00,East Coast (KL-Kuantan),East Coast (KL-Kuantan) :: Kuala Lumpur->Kuantan Port,0,3.139,101.6869,3.9639,103.4292,19,2,0.414
2026-08-05T20:00:00,East Coast (KL-Kuantan),East Coast (KL-Kuantan) :: Kuala Lumpur->Kuantan Port,0,3.139,101.6869,3.9639,103.4292,20,2,0.1746
2026-08-05T21:00:00,East Coast (KL-Kuantan),East Coast (KL-Kuantan) :: Kuala Lumpur->Kuantan Port,0,3.139,101.6869,3.9639,103.4292,21,2,0.1287
2026-08-05T22:00:00,East Coast (KL-Kuantan),East Coast (KL-Kuantan) :: Kuala Lumpur->Kuantan Port,0,3.139,101.6869,3.9639,103.4292,22,2,0.1771
2026-08-05T23:00:00,East Coast (KL-Kuantan),East Coast (KL-Kuantan) :: Kuala Lumpur->Kuantan Port,0,3.139,101.6869,3.9639,103.4292,23,2,0.1349
2026-08-06T00:00:00,East Coast (KL-Kuantan),East Coast (KL-Kuantan) :: Kuala Lumpur->Kuantan Port,0,3.139,101.6869,3.9639,103.4292,0,3,0.1934
2026-08-06T01:00:00,East Coast (KL-Kuantan),East Coast (KL-Kuantan) :: Kuala Lumpur->Kuantan Port,0,3.139,101.6869,3.9639,103.4292,1,3,0.1467
2026-08-06T02:00:00,East Coast (KL-Kuantan),East Coast (KL-Kuantan) :: Kuala Lumpur->Kuantan Port,0,3.139,101.6869,3.9639,103.4292,2,3,0.0645
2026-08-06T03:00:00,East Coast (KL-Kuantan),East Coast (KL-Kuantan) :: Kuala Lumpur->Kuantan Port,0,3.139,101.6869,3.9639,103.4292,3,3,0.0753
2026-08-06T04:00:00,East Coast (KL-Kuantan),East Coast (KL-Kuantan) :: Kuala Lumpur->Kuantan Port,0,3.139,101.6869,3.9639,103.4292,4,3,0.1344
2026-08-06T05:00:00,East Coast (KL-Kuantan),East Coast (KL-Kuantan) :: Kuala Lumpur->Kuantan Port,0,3.139,101.6869,3.9639,103.4292,5,3,0.0169
2026-08-06T06:00:00,East Coast (KL-Kuantan),East Coast (KL-Kuantan) :: Kuala Lumpur->Kuantan Port,0,3.139,101.6869,3.9639,103.4292,6,3,0.3388
2026-08-06T07:00:00,East Coast (KL-Kuantan),East Coast (KL-Kuantan) :: Kuala Lumpur->Kuantan Port,0,3.139,101.6869,3.9639,103.4292,7,3,0.3943
2026-08-06T08:00:00,East Coast (KL-Kuantan),East Coast (KL-Kuantan) :: Kuala Lumpur->Kuantan Port,0,3.139,101.6869,3.9639,103.4292,8,3,0.5111
2026-08-06T09:00:00,East Coast (KL-Kuantan),East Coast (KL-Kuantan) :: Kuala Lumpur->Kuantan Port,0,3.139,101.6869,3.9639,103.4292,9,3,0.273
2026-08-06T10:00:00,East Coast (KL-Kuantan),East Coast (KL-Kuantan) :: Kuala Lumpur->Kuantan Port,0,3.139,101.6869,3.9639,103.4292,10,3,0.3131
2026-08-06T11:00:00,East Coast (KL-Kuantan),East Coast (KL-Kuantan) :: Kuala Lumpur->Kuantan Port,0,3.139,101.6869,3.9639,103.4292,11,3,0.2896
2026-08-06T12:00:00,East Coast (KL-Kuantan),East Coast (KL-Kuantan) :: Kuala Lumpur->Kuantan Port,0,3.139,101.6869,3.9639,103.4292,12,3,0.0493
2026-08-06T13:00:00,East Coast (KL-Kuantan),East Coast (KL-Kuantan) :: Kuala Lumpur->Kuantan Port,0,3.139,101.6869,3.9639,103.4292,13,3,0.1718
2026-08-06T14:00:00,East Coast (KL-Kuantan),East Coast (KL-Kuantan) :: Kuala Lumpur->Kuantan Port,0,3.139,101.6869,3.9639,103.4292,14,3,0.1369
2026-08-06T15:00:00,East Coast (KL-Kuantan),East Coast (KL-Kuantan) :: Kuala Lumpur->Kuantan Port,0,3.139,101.6869,3.9639,103.4292,15,3,0.0877
2026-08-06T16:00:00,East Coast (KL-Kuantan),East Coast (KL-Kuantan) :: Kuala Lumpur->Kuantan Port,0,3.139,101.6869,3.9639,103.4292,16,3,0.3093
2026-08-06T17:00:00,East Coast (KL-Kuantan),East Coast (KL-Kuantan) :: Kuala Lumpur->Kuantan Port,0,3.139,101.6869,3.9639,103.4292,17,3,0.4591
2026-08-06T18:00:00,East Coast (KL-Kuantan),East Coast (KL-Kuantan) :: Kuala Lumpur->Kuantan Port,0,3.139,101.6869,3.9639,103.4292,18,3,0.4364
2026-08-06T19:00:00,East Coast (KL-Kuantan),East Coast (KL-Kuantan) :: Kuala Lumpur->Kuantan Port,0,3.139,101.6869,3.9639,103.4292,19,3,0.479
2026-08-06T20:00:00,East Coast (KL-Kuantan),East Coast (KL-Kuantan) :: Kuala Lumpur->Kuantan Port,0,3.139,101.6869,3.9639,103.4292,20,3,0.1798
2026-08-06T21:00:00,East Coast (KL-Kuantan),East Coast (KL-Kuantan) :: Kuala Lumpur->Kuantan Port,0,3.139,101.6869,3.9639,103.4292,21,3,0.0907
2026-08-06T22:00:00,East Coast (KL-Kuantan),East Coast (KL-Kuantan) :: Kuala Lumpur->Kuantan Port,0,3.139,101.6869,3.9639,103.4292,22,3,0.145
2026-08-06T23:00:00,East Coast (KL-Kuantan),East Coast (KL-Kuantan) :: Kuala Lumpur->Kuantan Port,0,3.139,101.6869,3.9639,103.4292,23,3,0.1264
2026-08-07T00:00:00,East Coast (KL-Kuantan),East Coast (KL-Kuantan) :: Kuala Lumpur->Kuantan Port,0,3.139,101.6869,3.9639,103.4292,0,4,0.0795
2026-08-07T01:00:00,East Coast (KL-Kuantan),East Coast (KL-Kuantan) :: Kuala Lumpur->Kuantan Port,0,3.139,101.6869,3.9639,103.4292,1,4,0.1711
2026-08-07T02:00:00,East Coast (KL-Kuantan),East Coast (KL-Kuantan) :: Kuala Lumpur->Kuantan Port,0,3.139,101.6869,3.9639,103.4292,2,4,0.1544
2026-08-07T03:00:00,East Coast (KL-Kuantan),East Coast (KL-Kuantan) :: Kuala Lumpur->Kuantan Port,0,3.139,101.6869,3.9639,103.4292,3,4,0.1746
2026-08-07T04:00:00,East Coast (KL-Kuantan),East Coast (KL-Kuantan) :: Kuala Lumpur->Kuantan Port,0,3.139,101.6869,3.9639,103.4292,4,4,0.1209
2026-08-07T05:00:00,East Coast (KL-Kuantan),East Coast (KL-Kuantan) :: Kuala Lumpur->Kuantan Port,0,3.139,101.6869,3.9639,103.4292,5,4,0.1919
2026-08-07T06:00:00,East Coast (KL-Kuantan),East Coast (KL-Kuantan) :: Kuala Lumpur->Kuantan Port,0,3.139,101.6869,3.9639,103.4292,6,4,0.2116
2026-08-07T07:00:00,East Coast (KL-Kuantan),East Coast (KL-Kuantan) :: Kuala Lumpur->Kuantan Port,0,3.139,101.6869,3.9639,103.4292,7,4,0.4911
2026-08-07T08:00:00,East Coast (KL-Kuantan),East Coast (KL-Kuantan) :: Kuala Lumpur->Kuantan Port,0,3.139,101.6869,3.9639,103.4292,8,4,0.3887
2026-08-07T09:00:00,East Coast (KL-Kuantan),East Coast (KL-Kuantan) :: Kuala Lumpur->Kuantan Port,0,3.139,101.6869,3.9639,103.4292,9,4,0.4941
2026-08-07T10:00:00,East Coast (KL-Kuantan),East Coast (KL-Kuantan) :: Kuala Lumpur->Kuantan Port,0,3.139,101.6869,3.9639,103.4292,10,4,0.2405
2026-08-07T11:00:00,East Coast (KL-Kuantan),East Coast (KL-Kuantan) :: Kuala Lumpur->Kuantan Port,0,3.139,101.6869,3.9639,103.4292,11,4,0.0732
2026-08-07T12:00:00,East Coast (KL-Kuantan),East Coast (KL-Kuantan) :: Kuala Lumpur->Kuantan Port,0,3.139,101.6869,3.9639,103.4292,12,4,0.2106
2026-08-07T13:00:00,East Coast (KL-Kuantan),East Coast (KL-Kuantan) :: Kuala Lumpur->Kuantan Port,0,3.139,101.6869,3.9639,103.4292,13,4,0.133
2026-08-07T14:00:00,East Coast (KL-Kuantan),East Coast (KL-Kuantan) :: Kuala Lumpur->Kuantan Port,0,3.139,101.6869,3.9639,103.4292,14,4,0.1879
2026-08-07T15:00:00,East Coast (KL-Kuantan),East Coast (KL-Kuantan) :: Kuala Lumpur->Kuantan Port,0,3.139,101.6869,3.9639,103.4292,15,4,0.2538
2026-08-07T16:00:00,East Coast (KL-Kuantan),East Coast (KL-Kuantan) :: Kuala Lumpur->Kuantan Port,0,3.139,101.6869,3.9639,103.4292,16,4,0.3
2026-08-07T17:00:00,East Coast (KL-Kuantan),East Coast (KL-Kuantan) :: Kuala Lumpur->Kuantan Port,0,3.139,101.6869,3.9639,103.4292,17,4,0.3735
2026-08-07T18:00:00,East Coast (KL-Kuantan),East Coast (KL-Kuantan) :: Kuala Lumpur->Kuantan Port,0,3.139,101.6869,3.9639,103.4292,18,4,0.531
2026-08-07T19:00:00,East Coast (KL-Kuantan),East Coast (KL-Kuantan) :: Kuala Lumpur->Kuantan Port,0,3.139,101.6869,3.9639,103.4292,19,4,0.4091
2026-08-07T20:00:00,East Coast (KL-Kuantan),East Coast (KL-Kuantan) :: Kuala Lumpur->Kuantan Port,0,3.139,101.6869,3.9639,103.4292,20,4,0.3209
2026-08-07T21:00:00,East Coast (KL-Kuantan),East Coast (KL-Kuantan) :: Kuala Lumpur->Kuantan Port,0,3.139,101.6869,3.9639,103.4292,21,4,0.0511
2026-08-07T22:00:00,East Coast (KL-Kuantan),East Coast (KL-Kuantan) :: Kuala Lumpur->Kuantan Port,0,3.139,101.6869,3.9639,103.4292,22,4,0.1636
2026-08-07T23:00:00,East Coast (KL-Kuantan),East Coast (KL-Kuantan) :: Kuala Lumpur->Kuantan Port,0,3.139,101.6869,3.9639,103.4292,23,4,0.0865
2026-08-08T00:00:00,East Coast (KL-Kuantan),East Coast (KL-Kuantan) :: Kuala Lumpur->Kuantan Port,0,3.139,101.6869,3.9639,103.4292,0,5,0.2217
2026-08-08T01:00:00,East Coast (KL-Kuantan),East Coast (KL-Kuantan) :: Kuala Lumpur->Kuantan Port,0,3.139,101.6869,3.9639,103.4292,1,5,0.1599
2026-08-08T02:00:00,East Coast (KL-Kuantan),East Coast (KL-Kuantan) :: Kuala Lumpur->Kuantan Port,0,3.139,101.6869,3.9639,103.4292,2,5,0.1369
2026-08-08T03:00:00,East Coast (KL-Kuantan),East Coast (KL-Kuantan) :: Kuala Lumpur->Kuantan Port,0,3.139,101.6869,3.9639,103.4292,3,5,0.1523
2026-08-08T04:00:00,East Coast (KL-Kuantan),East Coast (KL-Kuantan) :: Kuala Lumpur->Kuantan Port,0,3.139,101.6869,3.9639,103.4292,4,5,0.0684
2026-08-08T05:00:00,East Coast (KL-Kuantan),East Coast (KL-Kuantan) :: Kuala Lumpur->Kuantan Port,0,3.139,101.6869,3.9639,103.4292,5,5,0.2531
2026-08-08T06:00:00,East Coast (KL-Kuantan),East Coast (KL-Kuantan) :: Kuala Lumpur->Kuantan Port,0,3.139,101.6869,3.9639,103.4292,6,5,0.3579
2026-08-08T07:00:00,East Coast (KL-Kuantan),East Coast (KL-Kuantan) :: Kuala Lumpur->Kuantan Port,0,3.139,101.6869,3.9639,103.4292,7,5,0.3914
2026-08-08T08:00:00,East Coast (KL-Kuantan),East Coast (KL-Kuantan) :: Kuala Lumpur->Kuantan Port,0,3.139,101.6869,3.9639,103.4292,8,5,0.5329
2026-08-08T09:00:00,East Coast (KL-Kuantan),East Coast (KL-Kuantan) :: Kuala Lumpur->Kuantan Port,0,3.139,101.6869,3.9639,103.4292,9,5,0.3337
2026-08-08T10:00:00,East Coast (KL-Kuantan),East Coast (KL-Kuantan) :: Kuala Lumpur->Kuantan Port,0,3.139,101.6869,3.9639,103.4292,10,5,0.1906
2026-08-08T11:00:00,East Coast (KL-Kuantan),East Coast (KL-Kuantan) :: Kuala Lumpur->Kuantan Port,0,3.139,101.6869,3.9639,103.4292,11,5,0.1582
2026-08-08T12:00:00,East Coast (KL-Kuantan),East Coast (KL-Kuantan) :: Kuala Lumpur->Kuantan Port,0,3.139,101.6869,3.9639,103.4292,12,5,0.1546
2026-08-08T13:00:00,East Coast (KL-Kuantan),East Coast (KL-Kuantan) :: Kuala Lumpur->Kuantan Port,0,3.139,101.6869,3.9639,103.4292,13,5,0.1018
2026-08-08T14:00:00,East Coast (KL-Kuantan),East Coast (KL-Kuantan) :: Kuala Lumpur->Kuantan Port,0,3.139,101.6869,3.9639,103.4292,14,5,0.1691
2026-08-08T15:00:00,East Coast (KL-Kuantan),East Coast (KL-Kuantan) :: Kuala Lumpur->Kuantan Port,0,3.139,101.6869,3.9639,103.4292,15,5,0.1987
2026-08-08T16:00:00,East Coast (KL-Kuantan),East Coast (KL-Kuantan) :: Kuala Lumpur->Kuantan Port,0,3.139,101.6869,3.9639,103.4292,16,5,0.2199
2026-08-08T17:00:00,East Coast (KL-Kuantan),East Coast (KL-Kuantan) :: Kuala Lumpur->Kuantan Port,0,3.139,101.6869,3.9639,103.4292,17,5,0.4402
2026-08-08T18:00:00,East Coast (KL-Kuantan),East Coast (KL-Kuantan) :: Kuala Lumpur->Kuantan Port,0,3.139,101.6869,3.9639,103.4292,18,5,0.5243
2026-08-08T19:00:00,East Coast (KL-Kuantan),East Coast (KL-Kuantan) :: Kuala Lumpur->Kuantan Port,0,3.139,101.6869,3.9639,103.4292,19,5,0.4193
2026-08-08T20:00:00,East Coast (KL-Kuantan),East Coast (KL-Kuantan) :: Kuala Lumpur->Kuantan Port,0,3.139,101.6869,3.9639,103.4292,20,5,0.3489
2026-08-08T21:00:00,East Coast (KL-Kuantan),East Coast (KL-Kuantan) :: Kuala Lumpur->Kuantan Port,0,3.139,101.6869,3.9639,103.4292,21,5,0.1073
2026-08-08T22:00:00,East Coast (KL-Kuantan),East Coast (KL-Kuantan) :: Kuala Lumpur->Kuantan Port,0,3.139,101.6869,3.9639,103.4292,22,5,0.1648
2026-08-08T23:00:00,East Coast (KL-Kuantan),East Coast (KL-Kuantan) :: Kuala Lumpur->Kuantan Port,0,3.139,101.6869,3.9639,103.4292,23,5,0.0546
2026-08-09T00:00:00,East Coast (KL-Kuantan),East Coast (KL-Kuantan) :: Kuala Lumpur->Kuantan Port,0,3.139,101.6869,3.9639,103.4292,0,6,0.0557
2026-08-09T01:00:00,East Coast (KL-Kuantan),East Coast (KL-Kuantan) :: Kuala Lumpur->Kuantan Port,0,3.139,101.6869,3.9639,103.4292,1,6,0.0846
2026-08-09T02:00:00,East Coast (KL-Kuantan),East Coast (KL-Kuantan) :: Kuala Lumpur->Kuantan Port,0,3.139,101.6869,3.9639,103.4292,2,6,0.066
2026-08-09T03:00:00,East Coast (KL-Kuantan),East Coast (KL-Kuantan) :: Kuala Lumpur->Kuantan Port,0,3.139,101.6869,3.9639,103.4292,3,6,0.0902
2026-08-09T04:00:00,East Coast (KL-Kuantan),East Coast (KL-Kuantan) :: Kuala Lumpur->Kuantan Port,0,3.139,101.6869,3.9639,103.4292,4,6,0.1154
2026-08-09T05:00:00,East Coast (KL-Kuantan),East Coast (KL-Kuantan) :: Kuala Lumpur->Kuantan Port,0,3.139,101.6869,3.9639,103.4292,5,6,0.2059
2026-08-09T06:00:00,East Coast (KL-Kuantan),East Coast (KL-Kuantan) :: Kuala Lumpur->Kuantan Port,0,3.139,101.6869,3.9639,103.4292,6,6,0.2191
2026-08-09T07:00:00,East Coast (KL-Kuantan),East Coast (KL-Kuantan) :: Kuala Lumpur->Kuantan Port,0,3.139,101.6869,3.9639,103.4292,7,6,0.2727
2026-08-09T08:00:00,East Coast (KL-Kuantan),East Coast (KL-Kuantan) :: Kuala Lumpur->Kuantan Port,0,3.139,101.6869,3.9639,103.4292,8,6,0.5059
2026-08-09T09:00:00,East Coast (KL-Kuantan),East Coast (KL-Kuantan) :: Kuala Lumpur->Kuantan Port,0,3.139,101.6869,3.9639,103.4292,9,6,0.3176
2026-08-09T10:00:00,East Coast (KL-Kuantan),East Coast (KL-Kuantan) :: Kuala Lumpur->Kuantan Port,0,3.139,101.6869,3.9639,103.4292,10,6,0.2349
2026-08-09T11:00:00,East Coast (KL-Kuantan),East Coast (KL-Kuantan) :: Kuala Lumpur->Kuantan Port,0,3.139,101.6869,3.9639,103.4292,11,6,0.1825
2026-08-09T12:00:00,East Coast (KL-Kuantan),East Coast (KL-Kuantan) :: Kuala Lumpur->Kuantan Port,0,3.139,101.6869,3.9639,103.4292,12,6,0.1405
2026-08-09T13:00:00,East Coast (KL-Kuantan),East Coast (KL-Kuantan) :: Kuala Lumpur->Kuantan Port,0,3.139,101.6869,3.9639,103.4292,13,6,0.1911
2026-08-09T14:00:00,East Coast (KL-Kuantan),East Coast (KL-Kuantan) :: Kuala Lumpur->Kuantan Port,0,3.139,101.6869,3.9639,103.4292,14,6,0.1655
2026-08-09T15:00:00,East Coast (KL-Kuantan),East Coast (KL-Kuantan) :: Kuala Lumpur->Kuantan Port,0,3.139,101.6869,3.9639,103.4292,15,6,0.1287
2026-08-09T16:00:00,East Coast (KL-Kuantan),East Coast (KL-Kuantan) :: Kuala Lumpur->Kuantan Port,0,3.139,101.6869,3.9639,103.4292,16,6,0.4105
2026-08-09T17:00:00,East Coast (KL-Kuantan),East Coast (KL-Kuantan) :: Kuala Lumpur->Kuantan Port,0,3.139,101.6869,3.9639,103.4292,17,6,0.4207
2026-08-09T18:00:00,East Coast (KL-Kuantan),East Coast (KL-Kuantan) :: Kuala Lumpur->Kuantan Port,0,3.139,101.6869,3.9639,103.4292,18,6,0.4637
2026-08-09T19:00:00,East Coast (KL-Kuantan),East Coast (KL-Kuantan) :: Kuala Lumpur->Kuantan Port,0,3.139,101.6869,3.9639,103.4292,19,6,0.4669
2026-08-09T20:00:00,East Coast (KL-Kuantan),East Coast (KL-Kuantan) :: Kuala Lumpur->Kuantan Port,0,3.139,101.6869,3.9639,103.4292,20,6,0.2947
2026-08-09T21:00:00,East Coast (KL-Kuantan),East Coast (KL-Kuantan) :: Kuala Lumpur->Kuantan Port,0,3.139,101.6869,3.9639,103.4292,21,6,0.2043
2026-08-09T22:00:00,East Coast (KL-Kuantan),East Coast (KL-Kuantan) :: Kuala Lumpur->Kuantan Port,0,3.139,101.6869,3.9639,103.4292,22,6,0.2863
2026-08-09T23:00:00,East Coast (KL-Kuantan),East Coast (KL-Kuantan) :: Kuala Lumpur->Kuantan Port,0,3.139,101.6869,3.9639,103.4292,23,6,0.1084
2026-08-10T00:00:00,East Coast (KL-Kuantan),East Coast (KL-Kuantan) :: Kuala Lumpur->Kuantan Port,0,3.139,101.6869,3.9639,103.4292,0,0,0.1034
2026-08-10T01:00:00,East Coast (KL-Kuantan),East Coast (KL-Kuantan) :: Kuala Lumpur->Kuantan Port,0,3.139,101.6869,3.9639,103.4292,1,0,0.1295
2026-08-10T02:00:00,East Coast (KL-Kuantan),East Coast (KL-Kuantan) :: Kuala Lumpur->Kuantan Port,0,3.139,101.6869,3.9639,103.4292,2,0,0.1868
2026-08-10T03:00:00,East Coast (KL-Kuantan),East Coast (KL-Kuantan) :: Kuala Lumpur->Kuantan Port,0,3.139,101.6869,3.9639,103.4292,3,0,0.0327
2026-08-10T04:00:00,East Coast (KL-Kuantan),East Coast (KL-Kuantan) :: Kuala Lumpur->Kuantan Port,0,3.139,101.6869,3.9639,103.4292,4,0,0.0103
2026-08-10T05:00:00,East Coast (KL-Kuantan),East Coast (KL-Kuantan) :: Kuala Lumpur->Kuantan Port,0,3.139,101.6869,3.9639,103.4292,5,0,0.1205
2026-08-10T06:00:00,East Coast (KL-Kuantan),East Coast (KL-Kuantan) :: Kuala Lumpur->Kuantan Port,0,3.139,101.6869,3.9639,103.4292,6,0,0.1403
2026-08-10T07:00:00,East Coast (KL-Kuantan),East Coast (KL-Kuantan) :: Kuala Lumpur->Kuantan Port,0,3.139,101.6869,3.9639,103.4292,7,0,0.3423
2026-08-10T08:00:00,East Coast (KL-Kuantan),East Coast (KL-Kuantan) :: Kuala Lumpur->Kuantan Port,0,3.139,101.6869,3.9639,103.4292,8,0,0.4676
2026-08-10T09:00:00,East Coast (KL-Kuantan),East Coast (KL-Kuantan) :: Kuala Lumpur->Kuantan Port,0,3.139,101.6869,3.9639,103.4292,9,0,0.3144
2026-08-10T10:00:00,East Coast (KL-Kuantan),East Coast (KL-Kuantan) :: Kuala Lumpur->Kuantan Port,0,3.139,101.6869,3.9639,103.4292,10,0,0.1528
2026-08-10T11:00:00,East Coast (KL-Kuantan),East Coast (KL-Kuantan) :: Kuala Lumpur->Kuantan Port,0,3.139,101.6869,3.9639,103.4292,11,0,0.1599
2026-08-10T12:00:00,East Coast (KL-Kuantan),East Coast (KL-Kuantan) :: Kuala Lumpur->Kuantan Port,0,3.139,101.6869,3.9639,103.4292,12,0,0.1803
2026-08-10T13:00:00,East Coast (KL-Kuantan),East Coast (KL-Kuantan) :: Kuala Lumpur->Kuantan Port,0,3.139,101.6869,3.9639,103.4292,13,0,0.0238
2026-08-10T14:00:00,East Coast (KL-Kuantan),East Coast (KL-Kuantan) :: Kuala Lumpur->Kuantan Port,0,3.139,101.6869,3.9639,103.4292,14,0,0.186
2026-08-10T15:00:00,East Coast (KL-Kuantan),East Coast (KL-Kuantan) :: Kuala Lumpur->Kuantan Port,0,3.139,101.6869,3.9639,103.4292,15,0,0.2294
2026-08-10T16:00:00,East Coast (KL-Kuantan),East Coast (KL-Kuantan) :: Kuala Lumpur->Kuantan Port,0,3.139,101.6869,3.9639,103.4292,16,0,0.337
2026-08-10T17:00:00,East Coast (KL-Kuantan),East Coast (KL-Kuantan) :: Kuala Lumpur->Kuantan Port,0,3.139,101.6869,3.9639,103.4292,17,0,0.4822
2026-08-10T18:00:00,East Coast (KL-Kuantan),East Coast (KL-Kuantan) :: Kuala Lumpur->Kuantan Port,0,3.139,101.6869,3.9639,103.4292,18,0,0.6046
2026-08-10T19:00:00,East Coast (KL-Kuantan),East Coast (KL-Kuantan) :: Kuala Lumpur->Kuantan Port,0,3.139,101.6869,3.9639,103.4292,19,0,0.3877
2026-08-10T20:00:00,East Coast (KL-Kuantan),East Coast (KL-Kuantan) :: Kuala Lumpur->Kuantan Port,0,3.139,101.6869,3.9639,103.4292,20,0,0.2863
2026-08-10T21:00:00,East Coast (KL-Kuantan),East Coast (KL-Kuantan) :: Kuala Lumpur->Kuantan Port,0,3.139,101.6869,3.9639,103.4292,21,0,0.1554
2026-08-10T22:00:00,East Coast (KL-Kuantan),East Coast (KL-Kuantan) :: Kuala Lumpur->Kuantan Port,0,3.139,101.6869,3.9639,103.4292,22,0,0.1369
2026-08-10T23:00:00,East Coast (KL-Kuantan),East Coast (KL-Kuantan) :: Kuala Lumpur->Kuantan Port,0,3.139,101.6869,3.9639,103.4292,23,0,0.2168
2026-08-11T00:00:00,East Coast (KL-Kuantan),East Coast (KL-Kuantan) :: Kuala Lumpur->Kuantan Port,0,3.139,101.6869,3.9639,103.4292,0,1,0.0418
2026-08-11T01:00:00,East Coast (KL-Kuantan),East Coast (KL-Kuantan) :: Kuala Lumpur->Kuantan Port,0,3.139,101.6869,3.9639,103.4292,1,1,0.0708
2026-08-11T02:00:00,East Coast (KL-Kuantan),East Coast (KL-Kuantan) :: Kuala Lumpur->Kuantan Port,0,3.139,101.6869,3.9639,103.4292,2,1,0.2052
2026-08-11T03:00:00,East Coast (KL-Kuantan),East Coast (KL-Kuantan) :: Kuala Lumpur->Kuantan Port,0,3.139,101.6869,3.9639,103.4292,3,1,0.1843
2026-08-11T04:00:00,East Coast (KL-Kuantan),East Coast (KL-Kuantan) :: Kuala Lumpur->Kuantan Port,0,3.139,101.6869,3.9639,103.4292,4,1,0.1065
2026-08-11T05:00:00,East Coast (KL-Kuantan),East Coast (KL-Kuantan) :: Kuala Lumpur->Kuantan Port,0,3.139,101.6869,3.9639,103.4292,5,1,0.207
2026-08-11T06:00:00,East Coast (KL-Kuantan),East Coast (KL-Kuantan) :: Kuala Lumpur->Kuantan Port,0,3.139,101.6869,3.9639,103.4292,6,1,0.2589
2026-08-11T07:00:00,East Coast (KL-Kuantan),East Coast (KL-Kuantan) :: Kuala Lumpur->Kuantan Port,0,3.139,101.6869,3.9639,103.4292,7,1,0.4578
2026-08-11T08:00:00,East Coast (KL-Kuantan),East Coast (KL-Kuantan) :: Kuala Lumpur->Kuantan Port,0,3.139,101.6869,3.9639,103.4292,8,1,0.442
2026-08-11T09:00:00,East Coast (KL-Kuantan),East Coast (KL-Kuantan) :: Kuala Lumpur->Kuantan Port,0,3.139,101.6869,3.9639,103.4292,9,1,0.4294
2026-08-11T10:00:00,East Coast (KL-Kuantan),East Coast (KL-Kuantan) :: Kuala Lumpur->Kuantan Port,0,3.139,101.6869,3.9639,103.4292,10,1,0.3969
2026-08-11T11:00:00,East Coast (KL-Kuantan),East Coast (KL-Kuantan) :: Kuala Lumpur->Kuantan Port,0,3.139,101.6869,3.9639,103.4292,11,1,0.1916
2026-08-11T12:00:00,East Coast (KL-Kuantan),East Coast (KL-Kuantan) :: Kuala Lumpur->Kuantan Port,0,3.139,101.6869,3.9639,103.4292,12,1,0.1315
2026-08-11T13:00:00,East Coast (KL-Kuantan),East Coast (KL-Kuantan) :: Kuala Lumpur->Kuantan Port,0,3.139,101.6869,3.9639,103.4292,13,1,0.1688
2026-08-11T14:00:00,East Coast (KL-Kuantan),East Coast (KL-Kuantan) :: Kuala Lumpur->Kuantan Port,0,3.139,101.6869,3.9639,103.4292,14,1,0.1149
2026-08-11T15:00:00,East Coast (KL-Kuantan),East Coast (KL-Kuantan) :: Kuala Lumpur->Kuantan Port,0,3.139,101.6869,3.9639,103.4292,15,1,0.3236
2026-08-11T16:00:00,East Coast (KL-Kuantan),East Coast (KL-Kuantan) :: Kuala Lumpur->Kuantan Port,0,3.139,101.6869,3.9639,103.4292,16,1,0.2906
2026-08-11T17:00:00,East Coast (KL-Kuantan),East Coast (KL-Kuantan) :: Kuala Lumpur->Kuantan Port,0,3.139,101.6869,3.9639,103.4292,17,1,0.3927
2026-08-11T18:00:00,East Coast (KL-Kuantan),East Coast (KL-Kuantan) :: Kuala Lumpur->Kuantan Port,0,3.139,101.6869,3.9639,103.4292,18,1,0.4224
2026-08-11T19:00:00,East Coast (KL-Kuantan),East Coast (KL-Kuantan) :: Kuala Lumpur->Kuantan Port,0,3.139,101.6869,3.9639,103.4292,19,1,0.4749
2026-08-11T20:00:00,East Coast (KL-Kuantan),East Coast (KL-Kuantan) :: Kuala Lumpur->Kuantan Port,0,3.139,101.6869,3.9639,103.4292,20,1,0.3318
2026-08-11T21:00:00,East Coast (KL-Kuantan),East Coast (KL-Kuantan) :: Kuala Lumpur->Kuantan Port,0,3.139,101.6869,3.9639,103.4292,21,1,0.1505
2026-08-11T22:00:00,East Coast (KL-Kuantan),East Coast (KL-Kuantan) :: Kuala Lumpur->Kuantan Port,0,3.139,101.6869,3.9639,103.4292,22,1,0.1714
2026-08-11T23:00:00,East Coast (KL-Kuantan),East Coast (KL-Kuantan) :: Kuala Lumpur->Kuantan Port,0,3.139,101.6869,3.9639,103.4292,23,1,0.0343
2026-08-12T00:00:00,East Coast (KL-Kuantan),East Coast (KL-Kuantan) :: Kuala Lumpur->Kuantan Port,0,3.139,101.6869,3.9639,103.4292,0,2,0.1336
2026-08-12T01:00:00,East Coast (KL-Kuantan),East Coast (KL-Kuantan) :: Kuala Lumpur->Kuantan Port,0,3.139,101.6869,3.9639,103.4292,1,2,0.1497
2026-08-12T02:00:00,East Coast (KL-Kuantan),East Coast (KL-Kuantan) :: Kuala Lumpur->Kuantan Port,0,3.139,101.6869,3.9639,103.4292,2,2,0.225
2026-08-12T03:00:00,East Coast (KL-Kuantan),East Coast (KL-Kuantan) :: Kuala Lumpur->Kuantan Port,0,3.139,101.6869,3.9639,103.4292,3,2,0.0769
2026-08-12T04:00:00,East Coast (KL-Kuantan),East Coast (KL-Kuantan) :: Kuala Lumpur->Kuantan Port,0,3.139,101.6869,3.9639,103.4292,4,2,0.0516
2026-08-12T05:00:00,East Coast (KL-Kuantan),East Coast (KL-Kuantan) :: Kuala Lumpur->Kuantan Port,0,3.139,101.6869,3.9639,103.4292,5,2,0.102
2026-08-12T06:00:00,East Coast (KL-Kuantan),East Coast (KL-Kuantan) :: Kuala Lumpur->Kuantan Port,0,3.139,101.6869,3.9639,103.4292,6,2,0.1582
2026-08-12T07:00:00,East Coast (KL-Kuantan),East Coast (KL-Kuantan) :: Kuala Lumpur->Kuantan Port,0,3.139,101.6869,3.9639,103.4292,7,2,0.448
2026-08-12T08:00:00,East Coast (KL-Kuantan),East Coast (KL-Kuantan) :: Kuala Lumpur->Kuantan Port,0,3.139,101.6869,3.9639,103.4292,8,2,0.5304
2026-08-12T09:00:00,East Coast (KL-Kuantan),East Coast (KL-Kuantan) :: Kuala Lumpur->Kuantan Port,0,3.139,101.6869,3.9639,103.4292,9,2,0.387
2026-08-12T10:00:00,East Coast (KL-Kuantan),East Coast (KL-Kuantan) :: Kuala Lumpur->Kuantan Port,0,3.139,101.6869,3.9639,103.4292,10,2,0.3117
2026-08-12T11:00:00,East Coast (KL-Kuantan),East Coast (KL-Kuantan) :: Kuala Lumpur->Kuantan Port,0,3.139,101.6869,3.9639,103.4292,11,2,0.1638
2026-08-12T12:00:00,East Coast (KL-Kuantan),East Coast (KL-Kuantan) :: Kuala Lumpur->Kuantan Port,0,3.139,101.6869,3.9639,103.4292,12,2,0.1228
2026-08-12T13:00:00,East Coast (KL-Kuantan),East Coast (KL-Kuantan) :: Kuala Lumpur->Kuantan Port,0,3.139,101.6869,3.9639,103.4292,13,2,0.1055
2026-08-12T14:00:00,East Coast (KL-Kuantan),East Coast (KL-Kuantan) :: Kuala Lumpur->Kuantan Port,0,3.139,101.6869,3.9639,103.4292,14,2,0.1182
2026-08-12T15:00:00,East Coast (KL-Kuantan),East Coast (KL-Kuantan) :: Kuala Lumpur->Kuantan Port,0,3.139,101.6869,3.9639,103.4292,15,2,0.0875
2026-08-12T16:00:00,East Coast (KL-Kuantan),East Coast (KL-Kuantan) :: Kuala Lumpur->Kuantan Port,0,3.139,101.6869,3.9639,103.4292,16,2,0.2956
2026-08-12T17:00:00,East Coast (KL-Kuantan),East Coast (KL-Kuantan) :: Kuala Lumpur->Kuantan Port,0,3.139,101.6869,3.9639,103.4292,17,2,0.4066
2026-08-12T18:00:00,East Coast (KL-Kuantan),East Coast (KL-Kuantan) :: Kuala Lumpur->Kuantan Port,0,3.139,101.6869,3.9639,103.4292,18,2,0.5172
2026-08-12T19:00:00,East Coast (KL-Kuantan),East Coast (KL-Kuantan) :: Kuala Lumpur->Kuantan Port,0,3.139,101.6869,3.9639,103.4292,19,2,0.4147
2026-08-12T20:00:00,East Coast (KL-Kuantan),East Coast (KL-Kuantan) :: Kuala Lumpur->Kuantan Port,0,3.139,101.6869,3.9639,103.4292,20,2,0.27
2026-08-12T21:00:00,East Coast (KL-Kuantan),East Coast (KL-Kuantan) :: Kuala Lumpur->Kuantan Port,0,3.139,101.6869,3.9639,103.4292,21,2,0.1281
2026-08-12T22:00:00,East Coast (KL-Kuantan),East Coast (KL-Kuantan) :: Kuala Lumpur->Kuantan Port,0,3.139,101.6869,3.9639,103.4292,22,2,0.1411
2026-08-12T23:00:00,East Coast (KL-Kuantan),East Coast (KL-Kuantan) :: Kuala Lumpur->Kuantan Port,0,3.139,101.6869,3.9639,103.4292,23,2,0.1692
2026-08-13T00:00:00,East Coast (KL-Kuantan),East Coast (KL-Kuantan) :: Kuala Lumpur->Kuantan Port,0,3.139,101.6869,3.9639,103.4292,0,3,0.0539
2026-08-13T01:00:00,East Coast (KL-Kuantan),East Coast (KL-Kuantan) :: Kuala Lumpur->Kuantan Port,0,3.139,101.6869,3.9639,103.4292,1,3,0.1277
2026-08-13T02:00:00,East Coast (KL-Kuantan),East Coast (KL-Kuantan) :: Kuala Lumpur->Kuantan Port,0,3.139,101.6869,3.9639,103.4292,2,3,0.1365
2026-08-13T03:00:00,East Coast (KL-Kuantan),East Coast (KL-Kuantan) :: Kuala Lumpur->Kuantan Port,0,3.139,101.6869,3.9639,103.4292,3,3,0.08
2026-08-13T04:00:00,East Coast (KL-Kuantan),East Coast (KL-Kuantan) :: Kuala Lumpur->Kuantan Port,0,3.139,101.6869,3.9639,103.4292,4,3,0.093
2026-08-13T05:00:00,East Coast (KL-Kuantan),East Coast (KL-Kuantan) :: Kuala Lumpur->Kuantan Port,0,3.139,101.6869,3.9639,103.4292,5,3,0.1695
2026-08-13T06:00:00,East Coast (KL-Kuantan),East Coast (KL-Kuantan) :: Kuala Lumpur->Kuantan Port,0,3.139,101.6869,3.9639,103.4292,6,3,0.1704
2026-08-13T07:00:00,East Coast (KL-Kuantan),East Coast (KL-Kuantan) :: Kuala Lumpur->Kuantan Port,0,3.139,101.6869,3.9639,103.4292,7,3,0.3888
2026-08-13T08:00:00,East Coast (KL-Kuantan),East Coast (KL-Kuantan) :: Kuala Lumpur->Kuantan Port,0,3.139,101.6869,3.9639,103.4292,8,3,0.3838
2026-08-13T09:00:00,East Coast (KL-Kuantan),East Coast (KL-Kuantan) :: Kuala Lumpur->Kuantan Port,0,3.139,101.6869,3.9639,103.4292,9,3,0.4316
2026-08-13T10:00:00,East Coast (KL-Kuantan),East Coast (KL-Kuantan) :: Kuala Lumpur->Kuantan Port,0,3.139,101.6869,3.9639,103.4292,10,3,0.3787
2026-08-13T11:00:00,East Coast (KL-Kuantan),East Coast (KL-Kuantan) :: Kuala Lumpur->Kuantan Port,0,3.139,101.6869,3.9639,103.4292,11,3,0.1041
2026-08-13T12:00:00,East Coast (KL-Kuantan),East Coast (KL-Kuantan) :: Kuala Lumpur->Kuantan Port,0,3.139,101.6869,3.9639,103.4292,12,3,0.1606
2026-08-13T13:00:00,East Coast (KL-Kuantan),East Coast (KL-Kuantan) :: Kuala Lumpur->Kuantan Port,0,3.139,101.6869,3.9639,103.4292,13,3,0.0819
2026-08-13T14:00:00,East Coast (KL-Kuantan),East Coast (KL-Kuantan) :: Kuala Lumpur->Kuantan Port,0,3.139,101.6869,3.9639,103.4292,14,3,0.1993
2026-08-13T15:00:00,East Coast (KL-Kuantan),East Coast (KL-Kuantan) :: Kuala Lumpur->Kuantan Port,0,3.139,101.6869,3.9639,103.4292,15,3,0.1044
2026-08-13T16:00:00,East Coast (KL-Kuantan),East Coast (KL-Kuantan) :: Kuala Lumpur->Kuantan Port,0,3.139,101.6869,3.9639,103.4292,16,3,0.3086
2026-08-13T17:00:00,East Coast (KL-Kuantan),East Coast (KL-Kuantan) :: Kuala Lumpur->Kuantan Port,0,3.139,101.6869,3.9639,103.4292,17,3,0.3567
2026-08-13T18:00:00,East Coast (KL-Kuantan),East Coast (KL-Kuantan) :: Kuala Lumpur->Kuantan Port,0,3.139,101.6869,3.9639,103.4292,18,3,0.4601
2026-08-13T19:00:00,East Coast (KL-Kuantan),East Coast (KL-Kuantan) :: Kuala Lumpur->Kuantan Port,0,3.139,101.6869,3.9639,103.4292,19,3,0.3472
2026-08-13T20:00:00,East Coast (KL-Kuantan),East Coast (KL-Kuantan) :: Kuala Lumpur->Kuantan Port,0,3.139,101.6869,3.9639,103.4292,20,3,0.3291
2026-08-13T21:00:00,East Coast (KL-Kuantan),East Coast (KL-Kuantan) :: Kuala Lumpur->Kuantan Port,0,3.139,101.6869,3.9639,103.4292,21,3,0.1301
2026-08-13T22:00:00,East Coast (KL-Kuantan),East Coast (KL-Kuantan) :: Kuala Lumpur->Kuantan Port,0,3.139,101.6869,3.9639,103.4292,22,3,0.1699
2026-08-13T23:00:00,East Coast (KL-Kuantan),East Coast (KL-Kuantan) :: Kuala Lumpur->Kuantan Port,0,3.139,101.6869,3.9639,103.4292,23,3,0.1042
2026-08-14T00:00:00,East Coast (KL-Kuantan),East Coast (KL-Kuantan) :: Kuala Lumpur->Kuantan Port,0,3.139,101.6869,3.9639,103.4292,0,4,0.1156
2026-08-14T01:00:00,East Coast (KL-Kuantan),East Coast (KL-Kuantan) :: Kuala Lumpur->Kuantan Port,0,3.139,101.6869,3.9639,103.4292,1,4,0.1314
2026-08-14T02:00:00,East Coast (KL-Kuantan),East Coast (KL-Kuantan) :: Kuala Lumpur->Kuantan Port,0,3.139,101.6869,3.9639,103.4292,2,4,0.0768
2026-08-14T03:00:00,East Coast (KL-Kuantan),East Coast (KL-Kuantan) :: Kuala Lumpur->Kuantan Port,0,3.139,101.6869,3.9639,103.4292,3,4,0.1357
2026-08-14T04:00:00,East Coast (KL-Kuantan),East Coast (KL-Kuantan) :: Kuala Lumpur->Kuantan Port,0,3.139,101.6869,3.9639,103.4292,4,4,0.2201
2026-08-14T05:00:00,East Coast (KL-Kuantan),East Coast (KL-Kuantan) :: Kuala Lumpur->Kuantan Port,0,3.139,101.6869,3.9639,103.4292,5,4,0.109
2026-08-14T06:00:00,East Coast (KL-Kuantan),East Coast (KL-Kuantan) :: Kuala Lumpur->Kuantan Port,0,3.139,101.6869,3.9639,103.4292,6,4,0.3087
2026-08-14T07:00:00,East Coast (KL-Kuantan),East Coast (KL-Kuantan) :: Kuala Lumpur->Kuantan Port,0,3.139,101.6869,3.9639,103.4292,7,4,0.4577
2026-08-14T08:00:00,East Coast (KL-Kuantan),East Coast (KL-Kuantan) :: Kuala Lumpur->Kuantan Port,0,3.139,101.6869,3.9639,103.4292,8,4,0.3885
2026-08-14T09:00:00,East Coast (KL-Kuantan),East Coast (KL-Kuantan) :: Kuala Lumpur->Kuantan Port,0,3.139,101.6869,3.9639,103.4292,9,4,0.2805
2026-08-14T10:00:00,East Coast (KL-Kuantan),East Coast (KL-Kuantan) :: Kuala Lumpur->Kuantan Port,0,3.139,101.6869,3.9639,103.4292,10,4,0.2565
2026-08-14T11:00:00,East Coast (KL-Kuantan),East Coast (KL-Kuantan) :: Kuala Lumpur->Kuantan Port,0,3.139,101.6869,3.9639,103.4292,11,4,0.1229
2026-08-14T12:00:00,East Coast (KL-Kuantan),East Coast (KL-Kuantan) :: Kuala Lumpur->Kuantan Port,0,3.139,101.6869,3.9639,103.4292,12,4,0.2406
2026-08-14T13:00:00,East Coast (KL-Kuantan),East Coast (KL-Kuantan) :: Kuala Lumpur->Kuantan Port,0,3.139,101.6869,3.9639,103.4292,13,4,0.1276
2026-08-14T14:00:00,East Coast (KL-Kuantan),East Coast (KL-Kuantan) :: Kuala Lumpur->Kuantan Port,0,3.139,101.6869,3.9639,103.4292,14,4,0.0887
2026-08-14T15:00:00,East Coast (KL-Kuantan),East Coast (KL-Kuantan) :: Kuala Lumpur->Kuantan Port,0,3.139,101.6869,3.9639,103.4292,15,4,0.1115
2026-08-14T16:00:00,East Coast (KL-Kuantan),East Coast (KL-Kuantan) :: Kuala Lumpur->Kuantan Port,0,3.139,101.6869,3.9639,103.4292,16,4,0.3452
2026-08-14T17:00:00,East Coast (KL-Kuantan),East Coast (KL-Kuantan) :: Kuala Lumpur->Kuantan Port,0,3.139,101.6869,3.9639,103.4292,17,4,0.3748
2026-08-14T18:00:00,East Coast (KL-Kuantan),East Coast (KL-Kuantan) :: Kuala Lumpur->Kuantan Port,0,3.139,101.6869,3.9639,103.4292,18,4,0.4751
2026-08-14T19:00:00,East Coast (KL-Kuantan),East Coast (KL-Kuantan) :: Kuala Lumpur->Kuantan Port,0,3.139,101.6869,3.9639,103.4292,19,4,0.4664
2026-08-14T20:00:00,East Coast (KL-Kuantan),East Coast (KL-Kuantan) :: Kuala Lumpur->Kuantan Port,0,3.139,101.6869,3.9639,103.4292,20,4,0.2507
2026-08-14T21:00:00,East Coast (KL-Kuantan),East Coast (KL-Kuantan) :: Kuala Lumpur->Kuantan Port,0,3.139,101.6869,3.9639,103.4292,21,4,0.1776
2026-08-14T22:00:00,East Coast (KL-Kuantan),East Coast (KL-Kuantan) :: Kuala Lumpur->Kuantan Port,0,3.139,101.6869,3.9639,103.4292,22,4,0.1358
2026-08-14T23:00:00,East Coast (KL-Kuantan),East Coast (KL-Kuantan) :: Kuala Lumpur->Kuantan Port,0,3.139,101.6869,3.9639,103.4292,23,4,0.1659
2026-08-15T00:00:00,East Coast (KL-Kuantan),East Coast (KL-Kuantan) :: Kuala Lumpur->Kuantan Port,0,3.139,101.6869,3.9639,103.4292,0,5,0.1579
2026-08-15T01:00:00,East Coast (KL-Kuantan),East Coast (KL-Kuantan) :: Kuala Lumpur->Kuantan Port,0,3.139,101.6869,3.9639,103.4292,1,5,0.1093
2026-08-15T02:00:00,East Coast (KL-Kuantan),East Coast (KL-Kuantan) :: Kuala Lumpur->Kuantan Port,0,3.139,101.6869,3.9639,103.4292,2,5,0.1264
2026-08-15T03:00:00,East Coast (KL-Kuantan),East Coast (KL-Kuantan) :: Kuala Lumpur->Kuantan Port,0,3.139,101.6869,3.9639,103.4292,3,5,0.1008
2026-08-15T04:00:00,East Coast (KL-Kuantan),East Coast (KL-Kuantan) :: Kuala Lumpur->Kuantan Port,0,3.139,101.6869,3.9639,103.4292,4,5,0.0396
2026-08-15T05:00:00,East Coast (KL-Kuantan),East Coast (KL-Kuantan) :: Kuala Lumpur->Kuantan Port,0,3.139,101.6869,3.9639,103.4292,5,5,0.1712
2026-08-15T06:00:00,East Coast (KL-Kuantan),East Coast (KL-Kuantan) :: Kuala Lumpur->Kuantan Port,0,3.139,101.6869,3.9639,103.4292,6,5,0.3519
2026-08-15T07:00:00,East Coast (KL-Kuantan),East Coast (KL-Kuantan) :: Kuala Lumpur->Kuantan Port,0,3.139,101.6869,3.9639,103.4292,7,5,0.3148
2026-08-15T08:00:00,East Coast (KL-Kuantan),East Coast (KL-Kuantan) :: Kuala Lumpur->Kuantan Port,0,3.139,101.6869,3.9639,103.4292,8,5,0.3911
2026-08-15T09:00:00,East Coast (KL-Kuantan),East Coast (KL-Kuantan) :: Kuala Lumpur->Kuantan Port,0,3.139,101.6869,3.9639,103.4292,9,5,0.3156
2026-08-15T10:00:00,East Coast (KL-Kuantan),East Coast (KL-Kuantan) :: Kuala Lumpur->Kuantan Port,0,3.139,101.6869,3.9639,103.4292,10,5,0.2819
2026-08-15T11:00:00,East Coast (KL-Kuantan),East Coast (KL-Kuantan) :: Kuala Lumpur->Kuantan Port,0,3.139,101.6869,3.9639,103.4292,11,5,0.1826
2026-08-15T12:00:00,East Coast (KL-Kuantan),East Coast (KL-Kuantan) :: Kuala Lumpur->Kuantan Port,0,3.139,101.6869,3.9639,103.4292,12,5,0.119
2026-08-15T13:00:00,East Coast (KL-Kuantan),East Coast (KL-Kuantan) :: Kuala Lumpur->Kuantan Port,0,3.139,101.6869,3.9639,103.4292,13,5,0.0704
2026-08-15T14:00:00,East Coast (KL-Kuantan),East Coast (KL-Kuantan) :: Kuala Lumpur->Kuantan Port,0,3.139,101.6869,3.9639,103.4292,14,5,0.1423
2026-08-15T15:00:00,East Coast (KL-Kuantan),East Coast (KL-Kuantan) :: Kuala Lumpur->Kuantan Port,0,3.139,101.6869,3.9639,103.4292,15,5,0.0865
2026-08-15T16:00:00,East Coast (KL-Kuantan),East Coast (KL-Kuantan) :: Kuala Lumpur->Kuantan Port,0,3.139,101.6869,3.9639,103.4292,16,5,0.2884
2026-08-15T17:00:00,East Coast (KL-Kuantan),East Coast (KL-Kuantan) :: Kuala Lumpur->Kuantan Port,0,3.139,101.6869,3.9639,103.4292,17,5,0.4613
2026-08-15T18:00:00,East Coast (KL-Kuantan),East Coast (KL-Kuantan) :: Kuala Lumpur->Kuantan Port,0,3.139,101.6869,3.9639,103.4292,18,5,0.3974
2026-08-15T19:00:00,East Coast (KL-Kuantan),East Coast (KL-Kuantan) :: Kuala Lumpur->Kuantan Port,0,3.139,101.6869,3.9639,103.4292,19,5,0.3171
2026-08-15T20:00:00,East Coast (KL-Kuantan),East Coast (KL-Kuantan) :: Kuala Lumpur->Kuantan Port,0,3.139,101.6869,3.9639,103.4292,20,5,0.3745
2026-08-15T21:00:00,East Coast (KL-Kuantan),East Coast (KL-Kuantan) :: Kuala Lumpur->Kuantan Port,0,3.139,101.6869,3.9639,103.4292,21,5,0.1436
2026-08-15T22:00:00,East Coast (KL-Kuantan),East Coast (KL-Kuantan) :: Kuala Lumpur->Kuantan Port,0,3.139,101.6869,3.9639,103.4292,22,5,0.2049
2026-08-15T23:00:00,East Coast (KL-Kuantan),East Coast (KL-Kuantan) :: Kuala Lumpur->Kuantan Port,0,3.139,101.6869,3.9639,103.4292,23,5,0.1156
2026-08-16T00:00:00,East Coast (KL-Kuantan),East Coast (KL-Kuantan) :: Kuala Lumpur->Kuantan Port,0,3.139,101.6869,3.9639,103.4292,0,6,0.1128
2026-08-16T01:00:00,East Coast (KL-Kuantan),East Coast (KL-Kuantan) :: Kuala Lumpur->Kuantan Port,0,3.139,101.6869,3.9639,103.4292,1,6,0.1488
2026-08-16T02:00:00,East Coast (KL-Kuantan),East Coast (KL-Kuantan) :: Kuala Lumpur->Kuantan Port,0,3.139,101.6869,3.9639,103.4292,2,6,0.0695
2026-08-16T03:00:00,East Coast (KL-Kuantan),East Coast (KL-Kuantan) :: Kuala Lumpur->Kuantan Port,0,3.139,101.6869,3.9639,103.4292,3,6,0.1311
2026-08-16T04:00:00,East Coast (KL-Kuantan),East Coast (KL-Kuantan) :: Kuala Lumpur->Kuantan Port,0,3.139,101.6869,3.9639,103.4292,4,6,0.1054
2026-08-16T05:00:00,East Coast (KL-Kuantan),East Coast (KL-Kuantan) :: Kuala Lumpur->Kuantan Port,0,3.139,101.6869,3.9639,103.4292,5,6,0.0765
2026-08-16T06:00:00,East Coast (KL-Kuantan),East Coast (KL-Kuantan) :: Kuala Lumpur->Kuantan Port,0,3.139,101.6869,3.9639,103.4292,6,6,0.2586
2026-08-16T07:00:00,East Coast (KL-Kuantan),East Coast (KL-Kuantan) :: Kuala Lumpur->Kuantan Port,0,3.139,101.6869,3.9639,103.4292,7,6,0.352
2026-08-16T08:00:00,East Coast (KL-Kuantan),East Coast (KL-Kuantan) :: Kuala Lumpur->Kuantan Port,0,3.139,101.6869,3.9639,103.4292,8,6,0.4281
2026-08-16T09:00:00,East Coast (KL-Kuantan),East Coast (KL-Kuantan) :: Kuala Lumpur->Kuantan Port,0,3.139,101.6869,3.9639,103.4292,9,6,0.2952
2026-08-16T10:00:00,East Coast (KL-Kuantan),East Coast (KL-Kuantan) :: Kuala Lumpur->Kuantan Port,0,3.139,101.6869,3.9639,103.4292,10,6,0.3339
2026-08-16T11:00:00,East Coast (KL-Kuantan),East Coast (KL-Kuantan) :: Kuala Lumpur->Kuantan Port,0,3.139,101.6869,3.9639,103.4292,11,6,0.2083
2026-08-16T12:00:00,East Coast (KL-Kuantan),East Coast (KL-Kuantan) :: Kuala Lumpur->Kuantan Port,0,3.139,101.6869,3.9639,103.4292,12,6,0.1864
2026-08-16T13:00:00,East Coast (KL-Kuantan),East Coast (KL-Kuantan) :: Kuala Lumpur->Kuantan Port,0,3.139,101.6869,3.9639,103.4292,13,6,0.1071
2026-08-16T14:00:00,East Coast (KL-Kuantan),East Coast (KL-Kuantan) :: Kuala Lumpur->Kuantan Port,0,3.139,101.6869,3.9639,103.4292,14,6,0.0331
2026-08-16T15:00:00,East Coast (KL-Kuantan),East Coast (KL-Kuantan) :: Kuala Lumpur->Kuantan Port,0,3.139,101.6869,3.9639,103.4292,15,6,0.2975
2026-08-16T16:00:00,East Coast (KL-Kuantan),East Coast (KL-Kuantan) :: Kuala Lumpur->Kuantan Port,0,3.139,101.6869,3.9639,103.4292,16,6,0.2761
2026-08-16T17:00:00,East Coast (KL-Kuantan),East Coast (KL-Kuantan) :: Kuala Lumpur->Kuantan Port,0,3.139,101.6869,3.9639,103.4292,17,6,0.3641
2026-08-16T18:00:00,East Coast (KL-Kuantan),East Coast (KL-Kuantan) :: Kuala Lumpur->Kuantan Port,0,3.139,101.6869,3.9639,103.4292,18,6,0.4975
2026-08-16T19:00:00,East Coast (KL-Kuantan),East Coast (KL-Kuantan) :: Kuala Lumpur->Kuantan Port,0,3.139,101.6869,3.9639,103.4292,19,6,0.4791
2026-08-16T20:00:00,East Coast (KL-Kuantan),East Coast (KL-Kuantan) :: Kuala Lumpur->Kuantan Port,0,3.139,101.6869,3.9639,103.4292,20,6,0.2784
2026-08-16T21:00:00,East Coast (KL-Kuantan),East Coast (KL-Kuantan) :: Kuala Lumpur->Kuantan Port,0,3.139,101.6869,3.9639,103.4292,21,6,0.2571
2026-08-16T22:00:00,East Coast (KL-Kuantan),East Coast (KL-Kuantan) :: Kuala Lumpur->Kuantan Port,0,3.139,101.6869,3.9639,103.4292,22,6,0.2017
2026-08-16T23:00:00,East Coast (KL-Kuantan),East Coast (KL-Kuantan) :: Kuala Lumpur->Kuantan Port,0,3.139,101.6869,3.9639,103.4292,23,6,0.0603
2026-08-17T00:00:00,East Coast (KL-Kuantan),East Coast (KL-Kuantan) :: Kuala Lumpur->Kuantan Port,0,3.139,101.6869,3.9639,103.4292,0,0,0.0821
2026-08-17T01:00:00,East Coast (KL-Kuantan),East Coast (KL-Kuantan) :: Kuala Lumpur->Kuantan Port,0,3.139,101.6869,3.9639,103.4292,1,0,0.18
2026-08-17T02:00:00,East Coast (KL-Kuantan),East Coast (KL-Kuantan) :: Kuala Lumpur->Kuantan Port,0,3.139,101.6869,3.9639,103.4292,2,0,0.0
2026-08-17T03:00:00,East Coast (KL-Kuantan),East Coast (KL-Kuantan) :: Kuala Lumpur->Kuantan Port,0,3.139,101.6869,3.9639,103.4292,3,0,0.1141
2026-08-17T04:00:00,East Coast (KL-Kuantan),East Coast (KL-Kuantan) :: Kuala Lumpur->Kuantan Port,0,3.139,101.6869,3.9639,103.4292,4,0,0.0424
2026-08-17T05:00:00,East Coast (KL-Kuantan),East Coast (KL-Kuantan) :: Kuala Lumpur->Kuantan Port,0,3.139,101.6869,3.9639,103.4292,5,0,0.1271
2026-08-17T06:00:00,East Coast (KL-Kuantan),East Coast (KL-Kuantan) :: Kuala Lumpur->Kuantan Port,0,3.139,101.6869,3.9639,103.4292,6,0,0.2205
2026-08-17T07:00:00,East Coast (KL-Kuantan),East Coast (KL-Kuantan) :: Kuala Lumpur->Kuantan Port,0,3.139,101.6869,3.9639,103.4292,7,0,0.3463
2026-08-17T08:00:00,East Coast (KL-Kuantan),East Coast (KL-Kuantan) :: Kuala Lumpur->Kuantan Port,0,3.139,101.6869,3.9639,103.4292,8,0,0.4044
2026-08-17T09:00:00,East Coast (KL-Kuantan),East Coast (KL-Kuantan) :: Kuala Lumpur->Kuantan Port,0,3.139,101.6869,3.9639,103.4292,9,0,0.302
2026-08-17T10:00:00,East Coast (KL-Kuantan),East Coast (KL-Kuantan) :: Kuala Lumpur->Kuantan Port,0,3.139,101.6869,3.9639,103.4292,10,0,0.3759
2026-08-17T11:00:00,East Coast (KL-Kuantan),East Coast (KL-Kuantan) :: Kuala Lumpur->Kuantan Port,0,3.139,101.6869,3.9639,103.4292,11,0,0.2678
2026-08-17T12:00:00,East Coast (KL-Kuantan),East Coast (KL-Kuantan) :: Kuala Lumpur->Kuantan Port,0,3.139,101.6869,3.9639,103.4292,12,0,0.0588
2026-08-17T13:00:00,East Coast (KL-Kuantan),East Coast (KL-Kuantan) :: Kuala Lumpur->Kuantan Port,0,3.139,101.6869,3.9639,103.4292,13,0,0.2204
2026-08-17T14:00:00,East Coast (KL-Kuantan),East Coast (KL-Kuantan) :: Kuala Lumpur->Kuantan Port,0,3.139,101.6869,3.9639,103.4292,14,0,0.1128
2026-08-17T15:00:00,East Coast (KL-Kuantan),East Coast (KL-Kuantan) :: Kuala Lumpur->Kuantan Port,0,3.139,101.6869,3.9639,103.4292,15,0,0.1881
2026-08-17T16:00:00,East Coast (KL-Kuantan),East Coast (KL-Kuantan) :: Kuala Lumpur->Kuantan Port,0,3.139,101.6869,3.9639,103.4292,16,0,0.276
2026-08-17T17:00:00,East Coast (KL-Kuantan),East Coast (KL-Kuantan) :: Kuala Lumpur->Kuantan Port,0,3.139,101.6869,3.9639,103.4292,17,0,0.3695
2026-08-17T18:00:00,East Coast (KL-Kuantan),East Coast (KL-Kuantan) :: Kuala Lumpur->Kuantan Port,0,3.139,101.6869,3.9639,103.4292,18,0,0.5315
2026-08-17T19:00:00,East Coast (KL-Kuantan),East Coast (KL-Kuantan) :: Kuala Lumpur->Kuantan Port,0,3.139,101.6869,3.9639,103.4292,19,0,0.4166
2026-08-17T20:00:00,East Coast (KL-Kuantan),East Coast (KL-Kuantan) :: Kuala Lumpur->Kuantan Port,0,3.139,101.6869,3.9639,103.4292,20,0,0.2512
2026-08-17T21:00:00,East Coast (KL-Kuantan),East Coast (KL-Kuantan) :: Kuala Lumpur->Kuantan Port,0,3.139,101.6869,3.9639,103.4292,21,0,0.1021
2026-08-17T22:00:00,East Coast (KL-Kuantan),East Coast (KL-Kuantan) :: Kuala Lumpur->Kuantan Port,0,3.139,101.6869,3.9639,103.4292,22,0,0.0832
2026-08-17T23:00:00,East Coast (KL-Kuantan),East Coast (KL-Kuantan) :: Kuala Lumpur->Kuantan Port,0,3.139,101.6869,3.9639,103.4292,23,0,0.0264
2026-08-18T00:00:00,East Coast (KL-Kuantan),East Coast (KL-Kuantan) :: Kuala Lumpur->Kuantan Port,0,3.139,101.6869,3.9639,103.4292,0,1,0.1232
2026-08-18T01:00:00,East Coast (KL-Kuantan),East Coast (KL-Kuantan) :: Kuala Lumpur->Kuantan Port,0,3.139,101.6869,3.9639,103.4292,1,1,0.0507
2026-08-18T02:00:00,East Coast (KL-Kuantan),East Coast (KL-Kuantan) :: Kuala Lumpur->Kuantan Port,0,3.139,101.6869,3.9639,103.4292,2,1,0.1066
2026-08-18T03:00:00,East Coast (KL-Kuantan),East Coast (KL-Kuantan) :: Kuala Lumpur->Kuantan Port,0,3.139,101.6869,3.9639,103.4292,3,1,0.2053
2026-08-18T04:00:00,East Coast (KL-Kuantan),East Coast (KL-Kuantan) :: Kuala Lumpur->Kuantan Port,0,3.139,101.6869,3.9639,103.4292,4,1,0.2002
2026-08-18T05:00:00,East Coast (KL-Kuantan),East Coast (KL-Kuantan) :: Kuala Lumpur->Kuantan Port,0,3.139,101.6869,3.9639,103.4292,5,1,0.1538
2026-08-18T06:00:00,East Coast (KL-Kuantan),East Coast (KL-Kuantan) :: Kuala Lumpur->Kuantan Port,0,3.139,101.6869,3.9639,103.4292,6,1,0.2332
2026-08-18T07:00:00,East Coast (KL-Kuantan),East Coast (KL-Kuantan) :: Kuala Lumpur->Kuantan Port,0,3.139,101.6869,3.9639,103.4292,7,1,0.4806
2026-08-18T08:00:00,East Coast (KL-Kuantan),East Coast (KL-Kuantan) :: Kuala Lumpur->Kuantan Port,0,3.139,101.6869,3.9639,103.4292,8,1,0.4687
2026-08-18T09:00:00,East Coast (KL-Kuantan),East Coast (KL-Kuantan) :: Kuala Lumpur->Kuantan Port,0,3.139,101.6869,3.9639,103.4292,9,1,0.3482
2026-08-18T10:00:00,East Coast (KL-Kuantan),East Coast (KL-Kuantan) :: Kuala Lumpur->Kuantan Port,0,3.139,101.6869,3.9639,103.4292,10,1,0.1528
2026-08-18T11:00:00,East Coast (KL-Kuantan),East Coast (KL-Kuantan) :: Kuala Lumpur->Kuantan Port,0,3.139,101.6869,3.9639,103.4292,11,1,0.1794
2026-08-18T12:00:00,East Coast (KL-Kuantan),East Coast (KL-Kuantan) :: Kuala Lumpur->Kuantan Port,0,3.139,101.6869,3.9639,103.4292,12,1,0.1783
2026-08-18T13:00:00,East Coast (KL-Kuantan),East Coast (KL-Kuantan) :: Kuala Lumpur->Kuantan Port,0,3.139,101.6869,3.9639,103.4292,13,1,0.0876
2026-08-18T14:00:00,East Coast (KL-Kuantan),East Coast (KL-Kuantan) :: Kuala Lumpur->Kuantan Port,0,3.139,101.6869,3.9639,103.4292,14,1,0.1543
2026-08-18T15:00:00,East Coast (KL-Kuantan),East Coast (KL-Kuantan) :: Kuala Lumpur->Kuantan Port,0,3.139,101.6869,3.9639,103.4292,15,1,0.1585
2026-08-18T16:00:00,East Coast (KL-Kuantan),East Coast (KL-Kuantan) :: Kuala Lumpur->Kuantan Port,0,3.139,101.6869,3.9639,103.4292,16,1,0.2687
2026-08-18T17:00:00,East Coast (KL-Kuantan),East Coast (KL-Kuantan) :: Kuala Lumpur->Kuantan Port,0,3.139,101.6869,3.9639,103.4292,17,1,0.2598
2026-08-18T18:00:00,East Coast (KL-Kuantan),East Coast (KL-Kuantan) :: Kuala Lumpur->Kuantan Port,0,3.139,101.6869,3.9639,103.4292,18,1,0.4592
2026-08-18T19:00:00,East Coast (KL-Kuantan),East Coast (KL-Kuantan) :: Kuala Lumpur->Kuantan Port,0,3.139,101.6869,3.9639,103.4292,19,1,0.4672
2026-08-18T20:00:00,East Coast (KL-Kuantan),East Coast (KL-Kuantan) :: Kuala Lumpur->Kuantan Port,0,3.139,101.6869,3.9639,103.4292,20,1,0.2419
2026-08-18T21:00:00,East Coast (KL-Kuantan),East Coast (KL-Kuantan) :: Kuala Lumpur->Kuantan Port,0,3.139,101.6869,3.9639,103.4292,21,1,0.1835
2026-08-18T22:00:00,East Coast (KL-Kuantan),East Coast (KL-Kuantan) :: Kuala Lumpur->Kuantan Port,0,3.139,101.6869,3.9639,103.4292,22,1,0.0914
2026-08-18T23:00:00,East Coast (KL-Kuantan),East Coast (KL-Kuantan) :: Kuala Lumpur->Kuantan Port,0,3.139,101.6869,3.9639,103.4292,23,1,0.1465
2026-08-19T00:00:00,East Coast (KL-Kuantan),East Coast (KL-Kuantan) :: Kuala Lumpur->Kuantan Port,0,3.139,101.6869,3.9639,103.4292,0,2,0.1095
2026-08-19T01:00:00,East Coast (KL-Kuantan),East Coast (KL-Kuantan) :: Kuala Lumpur->Kuantan Port,0,3.139,101.6869,3.9639,103.4292,1,2,0.0661
2026-08-19T02:00:00,East Coast (KL-Kuantan),East Coast (KL-Kuantan) :: Kuala Lumpur->Kuantan Port,0,3.139,101.6869,3.9639,103.4292,2,2,0.2025
2026-08-19T03:00:00,East Coast (KL-Kuantan),East Coast (KL-Kuantan) :: Kuala Lumpur->Kuantan Port,0,3.139,101.6869,3.9639,103.4292,3,2,0.1788
2026-08-19T04:00:00,East Coast (KL-Kuantan),East Coast (KL-Kuantan) :: Kuala Lumpur->Kuantan Port,0,3.139,101.6869,3.9639,103.4292,4,2,0.092
2026-08-19T05:00:00,East Coast (KL-Kuantan),East Coast (KL-Kuantan) :: Kuala Lumpur->Kuantan Port,0,3.139,101.6869,3.9639,103.4292,5,2,0.1856
2026-08-19T06:00:00,East Coast (KL-Kuantan),East Coast (KL-Kuantan) :: Kuala Lumpur->Kuantan Port,0,3.139,101.6869,3.9639,103.4292,6,2,0.2706
2026-08-19T07:00:00,East Coast (KL-Kuantan),East Coast (KL-Kuantan) :: Kuala Lumpur->Kuantan Port,0,3.139,101.6869,3.9639,103.4292,7,2,0.4064
2026-08-19T08:00:00,East Coast (KL-Kuantan),East Coast (KL-Kuantan) :: Kuala Lumpur->Kuantan Port,0,3.139,101.6869,3.9639,103.4292,8,2,0.3358
2026-08-19T09:00:00,East Coast (KL-Kuantan),East Coast (KL-Kuantan) :: Kuala Lumpur->Kuantan Port,0,3.139,101.6869,3.9639,103.4292,9,2,0.4282
2026-08-19T10:00:00,East Coast (KL-Kuantan),East Coast (KL-Kuantan) :: Kuala Lumpur->Kuantan Port,0,3.139,101.6869,3.9639,103.4292,10,2,0.2042
2026-08-19T11:00:00,East Coast (KL-Kuantan),East Coast (KL-Kuantan) :: Kuala Lumpur->Kuantan Port,0,3.139,101.6869,3.9639,103.4292,11,2,0.1343
2026-08-19T12:00:00,East Coast (KL-Kuantan),East Coast (KL-Kuantan) :: Kuala Lumpur->Kuantan Port,0,3.139,101.6869,3.9639,103.4292,12,2,0.2868
2026-08-19T13:00:00,East Coast (KL-Kuantan),East Coast (KL-Kuantan) :: Kuala Lumpur->Kuantan Port,0,3.139,101.6869,3.9639,103.4292,13,2,0.1436
2026-08-19T14:00:00,East Coast (KL-Kuantan),East Coast (KL-Kuantan) :: Kuala Lumpur->Kuantan Port,0,3.139,101.6869,3.9639,103.4292,14,2,0.1136
2026-08-19T15:00:00,East Coast (KL-Kuantan),East Coast (KL-Kuantan) :: Kuala Lumpur->Kuantan Port,0,3.139,101.6869,3.9639,103.4292,15,2,0.048
2026-08-19T16:00:00,East Coast (KL-Kuantan),East Coast (KL-Kuantan) :: Kuala Lumpur->Kuantan Port,0,3.139,101.6869,3.9639,103.4292,16,2,0.3632
2026-08-19T17:00:00,East Coast (KL-Kuantan),East Coast (KL-Kuantan) :: Kuala Lumpur->Kuantan Port,0,3.139,101.6869,3.9639,103.4292,17,2,0.3283
2026-08-19T18:00:00,East Coast (KL-Kuantan),East Coast (KL-Kuantan) :: Kuala Lumpur->Kuantan Port,0,3.139,101.6869,3.9639,103.4292,18,2,0.4123
2026-08-19T19:00:00,East Coast (KL-Kuantan),East Coast (KL-Kuantan) :: Kuala Lumpur->Kuantan Port,0,3.139,101.6869,3.9639,103.4292,19,2,0.3892
2026-08-19T20:00:00,East Coast (KL-Kuantan),East Coast (KL-Kuantan) :: Kuala Lumpur->Kuantan Port,0,3.139,101.6869,3.9639,103.4292,20,2,0.3647
2026-08-19T21:00:00,East Coast (KL-Kuantan),East Coast (KL-Kuantan) :: Kuala Lumpur->Kuantan Port,0,3.139,101.6869,3.9639,103.4292,21,2,0.2267
2026-08-19T22:00:00,East Coast (KL-Kuantan),East Coast (KL-Kuantan) :: Kuala Lumpur->Kuantan Port,0,3.139,101.6869,3.9639,103.4292,22,2,0.1273
2026-08-19T23:00:00,East Coast (KL-Kuantan),East Coast (KL-Kuantan) :: Kuala Lumpur->Kuantan Port,0,3.139,101.6869,3.9639,103.4292,23,2,0.1434
2026-08-20T00:00:00,East Coast (KL-Kuantan),East Coast (KL-Kuantan) :: Kuala Lumpur->Kuantan Port,0,3.139,101.6869,3.9639,103.4292,0,3,0.0865
2026-08-20T01:00:00,East Coast (KL-Kuantan),East Coast (KL-Kuantan) :: Kuala Lumpur->Kuantan Port,0,3.139,101.6869,3.9639,103.4292,1,3,0.1309
2026-08-20T02:00:00,East Coast (KL-Kuantan),East Coast (KL-Kuantan) :: Kuala Lumpur->Kuantan Port,0,3.139,101.6869,3.9639,103.4292,2,3,0.1269
2026-08-20T03:00:00,East Coast (KL-Kuantan),East Coast (KL-Kuantan) :: Kuala Lumpur->Kuantan Port,0,3.139,101.6869,3.9639,103.4292,3,3,0.1812
2026-08-20T04:00:00,East Coast (KL-Kuantan),East Coast (KL-Kuantan) :: Kuala Lumpur->Kuantan Port,0,3.139,101.6869,3.9639,103.4292,4,3,0.1863
2026-08-20T05:00:00,East Coast (KL-Kuantan),East Coast (KL-Kuantan) :: Kuala Lumpur->Kuantan Port,0,3.139,101.6869,3.9639,103.4292,5,3,0.1853
2026-08-20T06:00:00,East Coast (KL-Kuantan),East Coast (KL-Kuantan) :: Kuala Lumpur->Kuantan Port,0,3.139,101.6869,3.9639,103.4292,6,3,0.2166
2026-08-20T07:00:00,East Coast (KL-Kuantan),East Coast (KL-Kuantan) :: Kuala Lumpur->Kuantan Port,0,3.139,101.6869,3.9639,103.4292,7,3,0.4123
2026-08-20T08:00:00,East Coast (KL-Kuantan),East Coast (KL-Kuantan) :: Kuala Lumpur->Kuantan Port,0,3.139,101.6869,3.9639,103.4292,8,3,0.432
2026-08-20T09:00:00,East Coast (KL-Kuantan),East Coast (KL-Kuantan) :: Kuala Lumpur->Kuantan Port,0,3.139,101.6869,3.9639,103.4292,9,3,0.3029
2026-08-20T10:00:00,East Coast (KL-Kuantan),East Coast (KL-Kuantan) :: Kuala Lumpur->Kuantan Port,0,3.139,101.6869,3.9639,103.4292,10,3,0.2142
2026-08-20T11:00:00,East Coast (KL-Kuantan),East Coast (KL-Kuantan) :: Kuala Lumpur->Kuantan Port,0,3.139,101.6869,3.9639,103.4292,11,3,0.1608
2026-08-20T12:00:00,East Coast (KL-Kuantan),East Coast (KL-Kuantan) :: Kuala Lumpur->Kuantan Port,0,3.139,101.6869,3.9639,103.4292,12,3,0.1831
2026-08-20T13:00:00,East Coast (KL-Kuantan),East Coast (KL-Kuantan) :: Kuala Lumpur->Kuantan Port,0,3.139,101.6869,3.9639,103.4292,13,3,0.1145
2026-08-20T14:00:00,East Coast (KL-Kuantan),East Coast (KL-Kuantan) :: Kuala Lumpur->Kuantan Port,0,3.139,101.6869,3.9639,103.4292,14,3,0.0643
2026-08-20T15:00:00,East Coast (KL-Kuantan),East Coast (KL-Kuantan) :: Kuala Lumpur->Kuantan Port,0,3.139,101.6869,3.9639,103.4292,15,3,0.1838
2026-08-20T16:00:00,East Coast (KL-Kuantan),East Coast (KL-Kuantan) :: Kuala Lumpur->Kuantan Port,0,3.139,101.6869,3.9639,103.4292,16,3,0.2866
2026-08-20T17:00:00,East Coast (KL-Kuantan),East Coast (KL-Kuantan) :: Kuala Lumpur->Kuantan Port,0,3.139,101.6869,3.9639,103.4292,17,3,0.4202
2026-08-20T18:00:00,East Coast (KL-Kuantan),East Coast (KL-Kuantan) :: Kuala Lumpur->Kuantan Port,0,3.139,101.6869,3.9639,103.4292,18,3,0.5277
2026-08-20T19:00:00,East Coast (KL-Kuantan),East Coast (KL-Kuantan) :: Kuala Lumpur->Kuantan Port,0,3.139,101.6869,3.9639,103.4292,19,3,0.4702
2026-08-20T20:00:00,East Coast (KL-Kuantan),East Coast (KL-Kuantan) :: Kuala Lumpur->Kuantan Port,0,3.139,101.6869,3.9639,103.4292,20,3,0.2441
2026-08-20T21:00:00,East Coast (KL-Kuantan),East Coast (KL-Kuantan) :: Kuala Lumpur->Kuantan Port,0,3.139,101.6869,3.9639,103.4292,21,3,0.1434
2026-08-20T22:00:00,East Coast (KL-Kuantan),East Coast (KL-Kuantan) :: Kuala Lumpur->Kuantan Port,0,3.139,101.6869,3.9639,103.4292,22,3,0.0744
2026-08-20T23:00:00,East Coast (KL-Kuantan),East Coast (KL-Kuantan) :: Kuala Lumpur->Kuantan Port,0,3.139,101.6869,3.9639,103.4292,23,3,0.1668
2026-08-21T00:00:00,East Coast (KL-Kuantan),East Coast (KL-Kuantan) :: Kuala Lumpur->Kuantan Port,0,3.139,101.6869,3.9639,103.4292,0,4,0.2094
2026-08-21T01:00:00,East Coast (KL-Kuantan),East Coast (KL-Kuantan) :: Kuala Lumpur->Kuantan Port,0,3.139,101.6869,3.9639,103.4292,1,4,0.1036
2026-08-21T02:00:00,East Coast (KL-Kuantan),East Coast (KL-Kuantan) :: Kuala Lumpur->Kuantan Port,0,3.139,101.6869,3.9639,103.4292,2,4,0.1081
2026-08-21T03:00:00,East Coast (KL-Kuantan),East Coast (KL-Kuantan) :: Kuala Lumpur->Kuantan Port,0,3.139,101.6869,3.9639,103.4292,3,4,0.2111
2026-08-21T04:00:00,East Coast (KL-Kuantan),East Coast (KL-Kuantan) :: Kuala Lumpur->Kuantan Port,0,3.139,101.6869,3.9639,103.4292,4,4,0.1586
2026-08-21T05:00:00,East Coast (KL-Kuantan),East Coast (KL-Kuantan) :: Kuala Lumpur->Kuantan Port,0,3.139,101.6869,3.9639,103.4292,5,4,0.1819
2026-08-21T06:00:00,East Coast (KL-Kuantan),East Coast (KL-Kuantan) :: Kuala Lumpur->Kuantan Port,0,3.139,101.6869,3.9639,103.4292,6,4,0.1669
2026-08-21T07:00:00,East Coast (KL-Kuantan),East Coast (KL-Kuantan) :: Kuala Lumpur->Kuantan Port,0,3.139,101.6869,3.9639,103.4292,7,4,0.4085
2026-08-21T08:00:00,East Coast (KL-Kuantan),East Coast (KL-Kuantan) :: Kuala Lumpur->Kuantan Port,0,3.139,101.6869,3.9639,103.4292,8,4,0.3818
2026-08-21T09:00:00,East Coast (KL-Kuantan),East Coast (KL-Kuantan) :: Kuala Lumpur->Kuantan Port,0,3.139,101.6869,3.9639,103.4292,9,4,0.2998
2026-08-21T10:00:00,East Coast (KL-Kuantan),East Coast (KL-Kuantan) :: Kuala Lumpur->Kuantan Port,0,3.139,101.6869,3.9639,103.4292,10,4,0.2176
2026-08-21T11:00:00,East Coast (KL-Kuantan),East Coast (KL-Kuantan) :: Kuala Lumpur->Kuantan Port,0,3.139,101.6869,3.9639,103.4292,11,4,0.1206
2026-08-21T12:00:00,East Coast (KL-Kuantan),East Coast (KL-Kuantan) :: Kuala Lumpur->Kuantan Port,0,3.139,101.6869,3.9639,103.4292,12,4,0.1152
2026-08-21T13:00:00,East Coast (KL-Kuantan),East Coast (KL-Kuantan) :: Kuala Lumpur->Kuantan Port,0,3.139,101.6869,3.9639,103.4292,13,4,0.039
2026-08-21T14:00:00,East Coast (KL-Kuantan),East Coast (KL-Kuantan) :: Kuala Lumpur->Kuantan Port,0,3.139,101.6869,3.9639,103.4292,14,4,0.1943
2026-08-21T15:00:00,East Coast (KL-Kuantan),East Coast (KL-Kuantan) :: Kuala Lumpur->Kuantan Port,0,3.139,101.6869,3.9639,103.4292,15,4,0.248
2026-08-21T16:00:00,East Coast (KL-Kuantan),East Coast (KL-Kuantan) :: Kuala Lumpur->Kuantan Port,0,3.139,101.6869,3.9639,103.4292,16,4,0.1629
2026-08-21T17:00:00,East Coast (KL-Kuantan),East Coast (KL-Kuantan) :: Kuala Lumpur->Kuantan Port,0,3.139,101.6869,3.9639,103.4292,17,4,0.4678
2026-08-21T18:00:00,East Coast (KL-Kuantan),East Coast (KL-Kuantan) :: Kuala Lumpur->Kuantan Port,0,3.139,101.6869,3.9639,103.4292,18,4,0.4239
2026-08-21T19:00:00,East Coast (KL-Kuantan),East Coast (KL-Kuantan) :: Kuala Lumpur->Kuantan Port,0,3.139,101.6869,3.9639,103.4292,19,4,0.4605
2026-08-21T20:00:00,East Coast (KL-Kuantan),East Coast (KL-Kuantan) :: Kuala Lumpur->Kuantan Port,0,3.139,101.6869,3.9639,103.4292,20,4,0.2757
2026-08-21T21:00:00,East Coast (KL-Kuantan),East Coast (KL-Kuantan) :: Kuala Lumpur->Kuantan Port,0,3.139,101.6869,3.9639,103.4292,21,4,0.1821
2026-08-21T22:00:00,East Coast (KL-Kuantan),East Coast (KL-Kuantan) :: Kuala Lumpur->Kuantan Port,0,3.139,101.6869,3.9639,103.4292,22,4,0.1257
2026-08-21T23:00:00,East Coast (KL-Kuantan),East Coast (KL-Kuantan) :: Kuala Lumpur->Kuantan Port,0,3.139,101.6869,3.9639,103.4292,23,4,0.1976
2026-08-22T00:00:00,East Coast (KL-Kuantan),East Coast (KL-Kuantan) :: Kuala Lumpur->Kuantan Port,0,3.139,101.6869,3.9639,103.4292,0,5,0.0481
2026-08-22T01:00:00,East Coast (KL-Kuantan),East Coast (KL-Kuantan) :: Kuala Lumpur->Kuantan Port,0,3.139,101.6869,3.9639,103.4292,1,5,0.159
2026-08-22T02:00:00,East Coast (KL-Kuantan),East Coast (KL-Kuantan) :: Kuala Lumpur->Kuantan Port,0,3.139,101.6869,3.9639,103.4292,2,5,0.1886
2026-08-22T03:00:00,East Coast (KL-Kuantan),East Coast (KL-Kuantan) :: Kuala Lumpur->Kuantan Port,0,3.139,101.6869,3.9639,103.4292,3,5,0.1661
2026-08-22T04:00:00,East Coast (KL-Kuantan),East Coast (KL-Kuantan) :: Kuala Lumpur->Kuantan Port,0,3.139,101.6869,3.9639,103.4292,4,5,0.2678
2026-08-22T05:00:00,East Coast (KL-Kuantan),East Coast (KL-Kuantan) :: Kuala Lumpur->Kuantan Port,0,3.139,101.6869,3.9639,103.4292,5,5,0.124
2026-08-22T06:00:00,East Coast (KL-Kuantan),East Coast (KL-Kuantan) :: Kuala Lumpur->Kuantan Port,0,3.139,101.6869,3.9639,103.4292,6,5,0.2958
2026-08-22T07:00:00,East Coast (KL-Kuantan),East Coast (KL-Kuantan) :: Kuala Lumpur->Kuantan Port,0,3.139,101.6869,3.9639,103.4292,7,5,0.3615
2026-08-22T08:00:00,East Coast (KL-Kuantan),East Coast (KL-Kuantan) :: Kuala Lumpur->Kuantan Port,0,3.139,101.6869,3.9639,103.4292,8,5,0.5115
2026-08-22T09:00:00,East Coast (KL-Kuantan),East Coast (KL-Kuantan) :: Kuala Lumpur->Kuantan Port,0,3.139,101.6869,3.9639,103.4292,9,5,0.3674
2026-08-22T10:00:00,East Coast (KL-Kuantan),East Coast (KL-Kuantan) :: Kuala Lumpur->Kuantan Port,0,3.139,101.6869,3.9639,103.4292,10,5,0.2151
2026-08-22T11:00:00,East Coast (KL-Kuantan),East Coast (KL-Kuantan) :: Kuala Lumpur->Kuantan Port,0,3.139,101.6869,3.9639,103.4292,11,5,0.2341
2026-08-22T12:00:00,East Coast (KL-Kuantan),East Coast (KL-Kuantan) :: Kuala Lumpur->Kuantan Port,0,3.139,101.6869,3.9639,103.4292,12,5,0.099
2026-08-22T13:00:00,East Coast (KL-Kuantan),East Coast (KL-Kuantan) :: Kuala Lumpur->Kuantan Port,0,3.139,101.6869,3.9639,103.4292,13,5,0.0407
2026-08-22T14:00:00,East Coast (KL-Kuantan),East Coast (KL-Kuantan) :: Kuala Lumpur->Kuantan Port,0,3.139,101.6869,3.9639,103.4292,14,5,0.1058
2026-08-22T15:00:00,East Coast (KL-Kuantan),East Coast (KL-Kuantan) :: Kuala Lumpur->Kuantan Port,0,3.139,101.6869,3.9639,103.4292,15,5,0.2175
2026-08-22T16:00:00,East Coast (KL-Kuantan),East Coast (KL-Kuantan) :: Kuala Lumpur->Kuantan Port,0,3.139,101.6869,3.9639,103.4292,16,5,0.3633
2026-08-22T17:00:00,East Coast (KL-Kuantan),East Coast (KL-Kuantan) :: Kuala Lumpur->Kuantan Port,0,3.139,101.6869,3.9639,103.4292,17,5,0.4157
2026-08-22T18:00:00,East Coast (KL-Kuantan),East Coast (KL-Kuantan) :: Kuala Lumpur->Kuantan Port,0,3.139,101.6869,3.9639,103.4292,18,5,0.5516
2026-08-22T19:00:00,East Coast (KL-Kuantan),East Coast (KL-Kuantan) :: Kuala Lumpur->Kuantan Port,0,3.139,101.6869,3.9639,103.4292,19,5,0.3276
2026-08-22T20:00:00,East Coast (KL-Kuantan),East Coast (KL-Kuantan) :: Kuala Lumpur->Kuantan Port,0,3.139,101.6869,3.9639,103.4292,20,5,0.2532
2026-08-22T21:00:00,East Coast (KL-Kuantan),East Coast (KL-Kuantan) :: Kuala Lumpur->Kuantan Port,0,3.139,101.6869,3.9639,103.4292,21,5,0.163
2026-08-22T22:00:00,East Coast (KL-Kuantan),East Coast (KL-Kuantan) :: Kuala Lumpur->Kuantan Port,0,3.139,101.6869,3.9639,103.4292,22,5,0.1299
2026-08-22T23:00:00,East Coast (KL-Kuantan),East Coast (KL-Kuantan) :: Kuala Lumpur->Kuantan Port,0,3.139,101.6869,3.9639,103.4292,23,5,0.1299
2026-08-23T00:00:00,East Coast (KL-Kuantan),East Coast (KL-Kuantan) :: Kuala Lumpur->Kuantan Port,0,3.139,101.6869,3.9639,103.4292,0,6,0.164
2026-08-23T01:00:00,East Coast (KL-Kuantan),East Coast (KL-Kuantan) :: Kuala Lumpur->Kuantan Port,0,3.139,101.6869,3.9639,103.4292,1,6,0.0958
2026-08-23T02:00:00,East Coast (KL-Kuantan),East Coast (KL-Kuantan) :: Kuala Lumpur->Kuantan Port,0,3.139,101.6869,3.9639,103.4292,2,6,0.1309
2026-08-23T03:00:00,East Coast (KL-Kuantan),East Coast (KL-Kuantan) :: Kuala Lumpur->Kuantan Port,0,3.139,101.6869,3.9639,103.4292,3,6,0.1204
2026-08-23T04:00:00,East Coast (KL-Kuantan),East Coast (KL-Kuantan) :: Kuala Lumpur->Kuantan Port,0,3.139,101.6869,3.9639,103.4292,4,6,0.0727
2026-08-23T05:00:00,East Coast (KL-Kuantan),East Coast (KL-Kuantan) :: Kuala Lumpur->Kuantan Port,0,3.139,101.6869,3.9639,103.4292,5,6,0.1489
2026-08-23T06:00:00,East Coast (KL-Kuantan),East Coast (KL-Kuantan) :: Kuala Lumpur->Kuantan Port,0,3.139,101.6869,3.9639,103.4292,6,6,0.2298
2026-08-23T07:00:00,East Coast (KL-Kuantan),East Coast (KL-Kuantan) :: Kuala Lumpur->Kuantan Port,0,3.139,101.6869,3.9639,103.4292,7,6,0.3579
2026-08-23T08:00:00,East Coast (KL-Kuantan),East Coast (KL-Kuantan) :: Kuala Lumpur->Kuantan Port,0,3.139,101.6869,3.9639,103.4292,8,6,0.4394
2026-08-23T09:00:00,East Coast (KL-Kuantan),East Coast (KL-Kuantan) :: Kuala Lumpur->Kuantan Port,0,3.139,101.6869,3.9639,103.4292,9,6,0.3724
2026-08-23T10:00:00,East Coast (KL-Kuantan),East Coast (KL-Kuantan) :: Kuala Lumpur->Kuantan Port,0,3.139,101.6869,3.9639,103.4292,10,6,0.2124
2026-08-23T11:00:00,East Coast (KL-Kuantan),East Coast (KL-Kuantan) :: Kuala Lumpur->Kuantan Port,0,3.139,101.6869,3.9639,103.4292,11,6,0.2321
2026-08-23T12:00:00,East Coast (KL-Kuantan),East Coast (KL-Kuantan) :: Kuala Lumpur->Kuantan Port,0,3.139,101.6869,3.9639,103.4292,12,6,0.0584
2026-08-23T13:00:00,East Coast (KL-Kuantan),East Coast (KL-Kuantan) :: Kuala Lumpur->Kuantan Port,0,3.139,101.6869,3.9639,103.4292,13,6,0.0822
2026-08-23T14:00:00,East Coast (KL-Kuantan),East Coast (KL-Kuantan) :: Kuala Lumpur->Kuantan Port,0,3.139,101.6869,3.9639,103.4292,14,6,0.3036
2026-08-23T15:00:00,East Coast (KL-Kuantan),East Coast (KL-Kuantan) :: Kuala Lumpur->Kuantan Port,0,3.139,101.6869,3.9639,103.4292,15,6,0.1181
2026-08-23T16:00:00,East Coast (KL-Kuantan),East Coast (KL-Kuantan) :: Kuala Lumpur->Kuantan Port,0,3.139,101.6869,3.9639,103.4292,16,6,0.1985
2026-08-23T17:00:00,East Coast (KL-Kuantan),East Coast (KL-Kuantan) :: Kuala Lumpur->Kuantan Port,0,3.139,101.6869,3.9639,103.4292,17,6,0.4531
2026-08-23T18:00:00,East Coast (KL-Kuantan),East Coast (KL-Kuantan) :: Kuala Lumpur->Kuantan Port,0,3.139,101.6869,3.9639,103.4292,18,6,0.3479
2026-08-23T19:00:00,East Coast (KL-Kuantan),East Coast (KL-Kuantan) :: Kuala Lumpur->Kuantan Port,0,3.139,101.6869,3.9639,103.4292,19,6,0.3949
2026-08-23T20:00:00,East Coast (KL-Kuantan),East Coast (KL-Kuantan) :: Kuala Lumpur->Kuantan Port,0,3.139,101.6869,3.9639,103.4292,20,6,0.4085
2026-08-23T21:00:00,East Coast (KL-Kuantan),East Coast (KL-Kuantan) :: Kuala Lumpur->Kuantan Port,0,3.139,101.6869,3.9639,103.4292,21,6,0.0877
2026-08-23T22:00:00,East Coast (KL-Kuantan),East Coast (KL-Kuantan) :: Kuala Lumpur->Kuantan Port,0,3.139,101.6869,3.9639,103.4292,22,6,0.0178
2026-08-23T23:00:00,East Coast (KL-Kuantan),East Coast (KL-Kuantan) :: Kuala Lumpur->Kuantan Port,0,3.139,101.6869,3.9639,103.4292,23,6,0.0349
2026-08-24T00:00:00,East Coast (KL-Kuantan),East Coast (KL-Kuantan) :: Kuala Lumpur->Kuantan Port,0,3.139,101.6869,3.9639,103.4292,0,0,0.1764
2026-08-24T01:00:00,East Coast (KL-Kuantan),East Coast (KL-Kuantan) :: Kuala Lumpur->Kuantan Port,0,3.139,101.6869,3.9639,103.4292,1,0,0.19
2026-08-24T02:00:00,East Coast (KL-Kuantan),East Coast (KL-Kuantan) :: Kuala Lumpur->Kuantan Port,0,3.139,101.6869,3.9639,103.4292,2,0,0.0918
2026-08-24T03:00:00,East Coast (KL-Kuantan),East Coast (KL-Kuantan) :: Kuala Lumpur->Kuantan Port,0,3.139,101.6869,3.9639,103.4292,3,0,0.1641
2026-08-24T04:00:00,East Coast (KL-Kuantan),East Coast (KL-Kuantan) :: Kuala Lumpur->Kuantan Port,0,3.139,101.6869,3.9639,103.4292,4,0,0.2117
2026-08-24T05:00:00,East Coast (KL-Kuantan),East Coast (KL-Kuantan) :: Kuala Lumpur->Kuantan Port,0,3.139,101.6869,3.9639,103.4292,5,0,0.2629
2026-08-24T06:00:00,East Coast (KL-Kuantan),East Coast (KL-Kuantan) :: Kuala Lumpur->Kuantan Port,0,3.139,101.6869,3.9639,103.4292,6,0,0.2236
2026-08-24T07:00:00,East Coast (KL-Kuantan),East Coast (KL-Kuantan) :: Kuala Lumpur->Kuantan Port,0,3.139,101.6869,3.9639,103.4292,7,0,0.2297
2026-08-24T08:00:00,East Coast (KL-Kuantan),East Coast (KL-Kuantan) :: Kuala Lumpur->Kuantan Port,0,3.139,101.6869,3.9639,103.4292,8,0,0.3882
2026-08-24T09:00:00,East Coast (KL-Kuantan),East Coast (KL-Kuantan) :: Kuala Lumpur->Kuantan Port,0,3.139,101.6869,3.9639,103.4292,9,0,0.3422
2026-08-24T10:00:00,East Coast (KL-Kuantan),East Coast (KL-Kuantan) :: Kuala Lumpur->Kuantan Port,0,3.139,101.6869,3.9639,103.4292,10,0,0.2228
2026-08-24T11:00:00,East Coast (KL-Kuantan),East Coast (KL-Kuantan) :: Kuala Lumpur->Kuantan Port,0,3.139,101.6869,3.9639,103.4292,11,0,0.1444
2026-08-24T12:00:00,East Coast (KL-Kuantan),East Coast (KL-Kuantan) :: Kuala Lumpur->Kuantan Port,0,3.139,101.6869,3.9639,103.4292,12,0,0.1957
2026-08-24T13:00:00,East Coast (KL-Kuantan),East Coast (KL-Kuantan) :: Kuala Lumpur->Kuantan Port,0,3.139,101.6869,3.9639,103.4292,13,0,0.2019
2026-08-24T14:00:00,East Coast (KL-Kuantan),East Coast (KL-Kuantan) :: Kuala Lumpur->Kuantan Port,0,3.139,101.6869,3.9639,103.4292,14,0,0.1265
2026-08-24T15:00:00,East Coast (KL-Kuantan),East Coast (KL-Kuantan) :: Kuala Lumpur->Kuantan Port,0,3.139,101.6869,3.9639,103.4292,15,0,0.2463
2026-08-24T16:00:00,East Coast (KL-Kuantan),East Coast (KL-Kuantan) :: Kuala Lumpur->Kuantan Port,0,3.139,101.6869,3.9639,103.4292,16,0,0.3012
2026-08-24T17:00:00,East Coast (KL-Kuantan),East Coast (KL-Kuantan) :: Kuala Lumpur->Kuantan Port,0,3.139,101.6869,3.9639,103.4292,17,0,0.4129
2026-08-24T18:00:00,East Coast (KL-Kuantan),East Coast (KL-Kuantan) :: Kuala Lumpur->Kuantan Port,0,3.139,101.6869,3.9639,103.4292,18,0,0.5269
2026-08-24T19:00:00,East Coast (KL-Kuantan),East Coast (KL-Kuantan) :: Kuala Lumpur->Kuantan Port,0,3.139,101.6869,3.9639,103.4292,19,0,0.4134
2026-08-24T20:00:00,East Coast (KL-Kuantan),East Coast (KL-Kuantan) :: Kuala Lumpur->Kuantan Port,0,3.139,101.6869,3.9639,103.4292,20,0,0.4032
2026-08-24T21:00:00,East Coast (KL-Kuantan),East Coast (KL-Kuantan) :: Kuala Lumpur->Kuantan Port,0,3.139,101.6869,3.9639,103.4292,21,0,0.094
2026-08-24T22:00:00,East Coast (KL-Kuantan),East Coast (KL-Kuantan) :: Kuala Lumpur->Kuantan Port,0,3.139,101.6869,3.9639,103.4292,22,0,0.1059
2026-08-24T23:00:00,East Coast (KL-Kuantan),East Coast (KL-Kuantan) :: Kuala Lumpur->Kuantan Port,0,3.139,101.6869,3.9639,103.4292,23,0,0.1173
2026-08-25T00:00:00,East Coast (KL-Kuantan),East Coast (KL-Kuantan) :: Kuala Lumpur->Kuantan Port,0,3.139,101.6869,3.9639,103.4292,0,1,0.1489
2026-08-25T01:00:00,East Coast (KL-Kuantan),East Coast (KL-Kuantan) :: Kuala Lumpur->Kuantan Port,0,3.139,101.6869,3.9639,103.4292,1,1,0.1986
2026-08-25T02:00:00,East Coast (KL-Kuantan),East Coast (KL-Kuantan) :: Kuala Lumpur->Kuantan Port,0,3.139,101.6869,3.9639,103.4292,2,1,0.1211
2026-08-25T03:00:00,East Coast (KL-Kuantan),East Coast (KL-Kuantan) :: Kuala Lumpur->Kuantan Port,0,3.139,101.6869,3.9639,103.4292,3,1,0.0378
2026-08-25T04:00:00,East Coast (KL-Kuantan),East Coast (KL-Kuantan) :: Kuala Lumpur->Kuantan Port,0,3.139,101.6869,3.9639,103.4292,4,1,0.1788
2026-08-25T05:00:00,East Coast (KL-Kuantan),East Coast (KL-Kuantan) :: Kuala Lumpur->Kuantan Port,0,3.139,101.6869,3.9639,103.4292,5,1,0.201
2026-08-25T06:00:00,East Coast (KL-Kuantan),East Coast (KL-Kuantan) :: Kuala Lumpur->Kuantan Port,0,3.139,101.6869,3.9639,103.4292,6,1,0.1219
2026-08-25T07:00:00,East Coast (KL-Kuantan),East Coast (KL-Kuantan) :: Kuala Lumpur->Kuantan Port,0,3.139,101.6869,3.9639,103.4292,7,1,0.3676
2026-08-25T08:00:00,East Coast (KL-Kuantan),East Coast (KL-Kuantan) :: Kuala Lumpur->Kuantan Port,0,3.139,101.6869,3.9639,103.4292,8,1,0.3421
2026-08-25T09:00:00,East Coast (KL-Kuantan),East Coast (KL-Kuantan) :: Kuala Lumpur->Kuantan Port,0,3.139,101.6869,3.9639,103.4292,9,1,0.3279
2026-08-25T10:00:00,East Coast (KL-Kuantan),East Coast (KL-Kuantan) :: Kuala Lumpur->Kuantan Port,0,3.139,101.6869,3.9639,103.4292,10,1,0.1842
2026-08-25T11:00:00,East Coast (KL-Kuantan),East Coast (KL-Kuantan) :: Kuala Lumpur->Kuantan Port,0,3.139,101.6869,3.9639,103.4292,11,1,0.2043
2026-08-25T12:00:00,East Coast (KL-Kuantan),East Coast (KL-Kuantan) :: Kuala Lumpur->Kuantan Port,0,3.139,101.6869,3.9639,103.4292,12,1,0.1355
2026-08-25T13:00:00,East Coast (KL-Kuantan),East Coast (KL-Kuantan) :: Kuala Lumpur->Kuantan Port,0,3.139,101.6869,3.9639,103.4292,13,1,0.0483
2026-08-25T14:00:00,East Coast (KL-Kuantan),East Coast (KL-Kuantan) :: Kuala Lumpur->Kuantan Port,0,3.139,101.6869,3.9639,103.4292,14,1,0.1896
2026-08-25T15:00:00,East Coast (KL-Kuantan),East Coast (KL-Kuantan) :: Kuala Lumpur->Kuantan Port,0,3.139,101.6869,3.9639,103.4292,15,1,0.0943
2026-08-25T16:00:00,East Coast (KL-Kuantan),East Coast (KL-Kuantan) :: Kuala Lumpur->Kuantan Port,0,3.139,101.6869,3.9639,103.4292,16,1,0.2996
2026-08-25T17:00:00,East Coast (KL-Kuantan),East Coast (KL-Kuantan) :: Kuala Lumpur->Kuantan Port,0,3.139,101.6869,3.9639,103.4292,17,1,0.3602
2026-08-25T18:00:00,East Coast (KL-Kuantan),East Coast (KL-Kuantan) :: Kuala Lumpur->Kuantan Port,0,3.139,101.6869,3.9639,103.4292,18,1,0.4506
2026-08-25T19:00:00,East Coast (KL-Kuantan),East Coast (KL-Kuantan) :: Kuala Lumpur->Kuantan Port,0,3.139,101.6869,3.9639,103.4292,19,1,0.4393
2026-08-25T20:00:00,East Coast (KL-Kuantan),East Coast (KL-Kuantan) :: Kuala Lumpur->Kuantan Port,0,3.139,101.6869,3.9639,103.4292,20,1,0.3111
2026-08-25T21:00:00,East Coast (KL-Kuantan),East Coast (KL-Kuantan) :: Kuala Lumpur->Kuantan Port,0,3.139,101.6869,3.9639,103.4292,21,1,0.2606
2026-08-25T22:00:00,East Coast (KL-Kuantan),East Coast (KL-Kuantan) :: Kuala Lumpur->Kuantan Port,0,3.139,101.6869,3.9639,103.4292,22,1,0.1318
2026-08-25T23:00:00,East Coast (KL-Kuantan),East Coast (KL-Kuantan) :: Kuala Lumpur->Kuantan Port,0,3.139,101.6869,3.9639,103.4292,23,1,0.1432
2026-08-26T00:00:00,East Coast (KL-Kuantan),East Coast (KL-Kuantan) :: Kuala Lumpur->Kuantan Port,0,3.139,101.6869,3.9639,103.4292,0,2,0.0962
2026-08-26T01:00:00,East Coast (KL-Kuantan),East Coast (KL-Kuantan) :: Kuala Lumpur->Kuantan Port,0,3.139,101.6869,3.9639,103.4292,1,2,0.1334
2026-08-26T02:00:00,East Coast (KL-Kuantan),East Coast (KL-Kuantan) :: Kuala Lumpur->Kuantan Port,0,3.139,101.6869,3.9639,103.4292,2,2,0.1489
2026-08-26T03:00:00,East Coast (KL-Kuantan),East Coast (KL-Kuantan) :: Kuala Lumpur->Kuantan Port,0,3.139,101.6869,3.9639,103.4292,3,2,0.1172
2026-08-26T04:00:00,East Coast (KL-Kuantan),East Coast (KL-Kuantan) :: Kuala Lumpur->Kuantan Port,0,3.139,101.6869,3.9639,103.4292,4,2,0.02
2026-08-26T05:00:00,East Coast (KL-Kuantan),East Coast (KL-Kuantan) :: Kuala Lumpur->Kuantan Port,0,3.139,101.6869,3.9639,103.4292,5,2,0.1756
2026-08-26T06:00:00,East Coast (KL-Kuantan),East Coast (KL-Kuantan) :: Kuala Lumpur->Kuantan Port,0,3.139,101.6869,3.9639,103.4292,6,2,0.2603
2026-08-26T07:00:00,East Coast (KL-Kuantan),East Coast (KL-Kuantan) :: Kuala Lumpur->Kuantan Port,0,3.139,101.6869,3.9639,103.4292,7,2,0.327
2026-08-26T08:00:00,East Coast (KL-Kuantan),East Coast (KL-Kuantan) :: Kuala Lumpur->Kuantan Port,0,3.139,101.6869,3.9639,103.4292,8,2,0.3604
2026-08-26T09:00:00,East Coast (KL-Kuantan),East Coast (KL-Kuantan) :: Kuala Lumpur->Kuantan Port,0,3.139,101.6869,3.9639,103.4292,9,2,0.4564
2026-08-26T10:00:00,East Coast (KL-Kuantan),East Coast (KL-Kuantan) :: Kuala Lumpur->Kuantan Port,0,3.139,101.6869,3.9639,103.4292,10,2,0.2679
2026-08-26T11:00:00,East Coast (KL-Kuantan),East Coast (KL-Kuantan) :: Kuala Lumpur->Kuantan Port,0,3.139,101.6869,3.9639,103.4292,11,2,0.142
2026-08-26T12:00:00,East Coast (KL-Kuantan),East Coast (KL-Kuantan) :: Kuala Lumpur->Kuantan Port,0,3.139,101.6869,3.9639,103.4292,12,2,0.0603
2026-08-26T13:00:00,East Coast (KL-Kuantan),East Coast (KL-Kuantan) :: Kuala Lumpur->Kuantan Port,0,3.139,101.6869,3.9639,103.4292,13,2,0.0762
2026-08-26T14:00:00,East Coast (KL-Kuantan),East Coast (KL-Kuantan) :: Kuala Lumpur->Kuantan Port,0,3.139,101.6869,3.9639,103.4292,14,2,0.215
2026-08-26T15:00:00,East Coast (KL-Kuantan),East Coast (KL-Kuantan) :: Kuala Lumpur->Kuantan Port,0,3.139,101.6869,3.9639,103.4292,15,2,0.1886
2026-08-26T16:00:00,East Coast (KL-Kuantan),East Coast (KL-Kuantan) :: Kuala Lumpur->Kuantan Port,0,3.139,101.6869,3.9639,103.4292,16,2,0.2467
2026-08-26T17:00:00,East Coast (KL-Kuantan),East Coast (KL-Kuantan) :: Kuala Lumpur->Kuantan Port,0,3.139,101.6869,3.9639,103.4292,17,2,0.4396
2026-08-26T18:00:00,East Coast (KL-Kuantan),East Coast (KL-Kuantan) :: Kuala Lumpur->Kuantan Port,0,3.139,101.6869,3.9639,103.4292,18,2,0.4236
2026-08-26T19:00:00,East Coast (KL-Kuantan),East Coast (KL-Kuantan) :: Kuala Lumpur->Kuantan Port,0,3.139,101.6869,3.9639,103.4292,19,2,0.4991
2026-08-26T20:00:00,East Coast (KL-Kuantan),East Coast (KL-Kuantan) :: Kuala Lumpur->Kuantan Port,0,3.139,101.6869,3.9639,103.4292,20,2,0.3609
2026-08-26T21:00:00,East Coast (KL-Kuantan),East Coast (KL-Kuantan) :: Kuala Lumpur->Kuantan Port,0,3.139,101.6869,3.9639,103.4292,21,2,0.1524
2026-08-26T22:00:00,East Coast (KL-Kuantan),East Coast (KL-Kuantan) :: Kuala Lumpur->Kuantan Port,0,3.139,101.6869,3.9639,103.4292,22,2,0.099
2026-08-26T23:00:00,East Coast (KL-Kuantan),East Coast (KL-Kuantan) :: Kuala Lumpur->Kuantan Port,0,3.139,101.6869,3.9639,103.4292,23,2,0.0
2026-08-27T00:00:00,East Coast (KL-Kuantan),East Coast (KL-Kuantan) :: Kuala Lumpur->Kuantan Port,0,3.139,101.6869,3.9639,103.4292,0,3,0.0336
2026-08-27T01:00:00,East Coast (KL-Kuantan),East Coast (KL-Kuantan) :: Kuala Lumpur->Kuantan Port,0,3.139,101.6869,3.9639,103.4292,1,3,0.0421
2026-08-27T02:00:00,East Coast (KL-Kuantan),East Coast (KL-Kuantan) :: Kuala Lumpur->Kuantan Port,0,3.139,101.6869,3.9639,103.4292,2,3,0.1307
2026-08-27T03:00:00,East Coast (KL-Kuantan),East Coast (KL-Kuantan) :: Kuala Lumpur->Kuantan Port,0,3.139,101.6869,3.9639,103.4292,3,3,0.1035
2026-08-27T04:00:00,East Coast (KL-Kuantan),East Coast (KL-Kuantan) :: Kuala Lumpur->Kuantan Port,0,3.139,101.6869,3.9639,103.4292,4,3,0.0475
2026-08-27T05:00:00,East Coast (KL-Kuantan),East Coast (KL-Kuantan) :: Kuala Lumpur->Kuantan Port,0,3.139,101.6869,3.9639,103.4292,5,3,0.1388
2026-08-27T06:00:00,East Coast (KL-Kuantan),East Coast (KL-Kuantan) :: Kuala Lumpur->Kuantan Port,0,3.139,101.6869,3.9639,103.4292,6,3,0.2687
2026-08-27T07:00:00,East Coast (KL-Kuantan),East Coast (KL-Kuantan) :: Kuala Lumpur->Kuantan Port,0,3.139,101.6869,3.9639,103.4292,7,3,0.3995
2026-08-27T08:00:00,East Coast (KL-Kuantan),East Coast (KL-Kuantan) :: Kuala Lumpur->Kuantan Port,0,3.139,101.6869,3.9639,103.4292,8,3,0.3235
2026-08-27T09:00:00,East Coast (KL-Kuantan),East Coast (KL-Kuantan) :: Kuala Lumpur->Kuantan Port,0,3.139,101.6869,3.9639,103.4292,9,3,0.3601
2026-08-27T10:00:00,East Coast (KL-Kuantan),East Coast (KL-Kuantan) :: Kuala Lumpur->Kuantan Port,0,3.139,101.6869,3.9639,103.4292,10,3,0.1554
2026-08-27T11:00:00,East Coast (KL-Kuantan),East Coast (KL-Kuantan) :: Kuala Lumpur->Kuantan Port,0,3.139,101.6869,3.9639,103.4292,11,3,0.2098
2026-08-27T12:00:00,East Coast (KL-Kuantan),East Coast (KL-Kuantan) :: Kuala Lumpur->Kuantan Port,0,3.139,101.6869,3.9639,103.4292,12,3,0.1756
2026-08-27T13:00:00,East Coast (KL-Kuantan),East Coast (KL-Kuantan) :: Kuala Lumpur->Kuantan Port,0,3.139,101.6869,3.9639,103.4292,13,3,0.0716
2026-08-27T14:00:00,East Coast (KL-Kuantan),East Coast (KL-Kuantan) :: Kuala Lumpur->Kuantan Port,0,3.139,101.6869,3.9639,103.4292,14,3,0.0908
2026-08-27T15:00:00,East Coast (KL-Kuantan),East Coast (KL-Kuantan) :: Kuala Lumpur->Kuantan Port,0,3.139,101.6869,3.9639,103.4292,15,3,0.1527
2026-08-27T16:00:00,East Coast (KL-Kuantan),East Coast (KL-Kuantan) :: Kuala Lumpur->Kuantan Port,0,3.139,101.6869,3.9639,103.4292,16,3,0.1446
2026-08-27T17:00:00,East Coast (KL-Kuantan),East Coast (KL-Kuantan) :: Kuala Lumpur->Kuantan Port,0,3.139,101.6869,3.9639,103.4292,17,3,0.4292
2026-08-27T18:00:00,East Coast (KL-Kuantan),East Coast (KL-Kuantan) :: Kuala Lumpur->Kuantan Port,0,3.139,101.6869,3.9639,103.4292,18,3,0.4561
2026-08-27T19:00:00,East Coast (KL-Kuantan),East Coast (KL-Kuantan) :: Kuala Lumpur->Kuantan Port,0,3.139,101.6869,3.9639,103.4292,19,3,0.4673
2026-08-27T20:00:00,East Coast (KL-Kuantan),East Coast (KL-Kuantan) :: Kuala Lumpur->Kuantan Port,0,3.139,101.6869,3.9639,103.4292,20,3,0.2139
2026-08-27T21:00:00,East Coast (KL-Kuantan),East Coast (KL-Kuantan) :: Kuala Lumpur->Kuantan Port,0,3.139,101.6869,3.9639,103.4292,21,3,0.1432
2026-08-27T22:00:00,East Coast (KL-Kuantan),East Coast (KL-Kuantan) :: Kuala Lumpur->Kuantan Port,0,3.139,101.6869,3.9639,103.4292,22,3,0.0464
2026-08-27T23:00:00,East Coast (KL-Kuantan),East Coast (KL-Kuantan) :: Kuala Lumpur->Kuantan Port,0,3.139,101.6869,3.9639,103.4292,23,3,0.0646
2026-08-28T00:00:00,East Coast (KL-Kuantan),East Coast (KL-Kuantan) :: Kuala Lumpur->Kuantan Port,0,3.139,101.6869,3.9639,103.4292,0,4,0.0516
2026-08-28T01:00:00,East Coast (KL-Kuantan),East Coast (KL-Kuantan) :: Kuala Lumpur->Kuantan Port,0,3.139,101.6869,3.9639,103.4292,1,4,0.1823
2026-08-28T02:00:00,East Coast (KL-Kuantan),East Coast (KL-Kuantan) :: Kuala Lumpur->Kuantan Port,0,3.139,101.6869,3.9639,103.4292,2,4,0.0806
2026-08-28T03:00:00,East Coast (KL-Kuantan),East Coast (KL-Kuantan) :: Kuala Lumpur->Kuantan Port,0,3.139,101.6869,3.9639,103.4292,3,4,0.1306
2026-08-28T04:00:00,East Coast (KL-Kuantan),East Coast (KL-Kuantan) :: Kuala Lumpur->Kuantan Port,0,3.139,101.6869,3.9639,103.4292,4,4,0.1054
2026-08-28T05:00:00,East Coast (KL-Kuantan),East Coast (KL-Kuantan) :: Kuala Lumpur->Kuantan Port,0,3.139,101.6869,3.9639,103.4292,5,4,0.0795
2026-08-28T06:00:00,East Coast (KL-Kuantan),East Coast (KL-Kuantan) :: Kuala Lumpur->Kuantan Port,0,3.139,101.6869,3.9639,103.4292,6,4,0.2283
2026-08-28T07:00:00,East Coast (KL-Kuantan),East Coast (KL-Kuantan) :: Kuala Lumpur->Kuantan Port,0,3.139,101.6869,3.9639,103.4292,7,4,0.4038
2026-08-28T08:00:00,East Coast (KL-Kuantan),East Coast (KL-Kuantan) :: Kuala Lumpur->Kuantan Port,0,3.139,101.6869,3.9639,103.4292,8,4,0.365
2026-08-28T09:00:00,East Coast (KL-Kuantan),East Coast (KL-Kuantan) :: Kuala Lumpur->Kuantan Port,0,3.139,101.6869,3.9639,103.4292,9,4,0.4164
2026-08-28T10:00:00,East Coast (KL-Kuantan),East Coast (KL-Kuantan) :: Kuala Lumpur->Kuantan Port,0,3.139,101.6869,3.9639,103.4292,10,4,0.1874
2026-08-28T11:00:00,East Coast (KL-Kuantan),East Coast (KL-Kuantan) :: Kuala Lumpur->Kuantan Port,0,3.139,101.6869,3.9639,103.4292,11,4,0.1267
2026-08-28T12:00:00,East Coast (KL-Kuantan),East Coast (KL-Kuantan) :: Kuala Lumpur->Kuantan Port,0,3.139,101.6869,3.9639,103.4292,12,4,0.1604
2026-08-28T13:00:00,East Coast (KL-Kuantan),East Coast (KL-Kuantan) :: Kuala Lumpur->Kuantan Port,0,3.139,101.6869,3.9639,103.4292,13,4,0.0857
2026-08-28T14:00:00,East Coast (KL-Kuantan),East Coast (KL-Kuantan) :: Kuala Lumpur->Kuantan Port,0,3.139,101.6869,3.9639,103.4292,14,4,0.1391
2026-08-28T15:00:00,East Coast (KL-Kuantan),East Coast (KL-Kuantan) :: Kuala Lumpur->Kuantan Port,0,3.139,101.6869,3.9639,103.4292,15,4,0.1615
2026-08-28T16:00:00,East Coast (KL-Kuantan),East Coast (KL-Kuantan) :: Kuala Lumpur->Kuantan Port,0,3.139,101.6869,3.9639,103.4292,16,4,0.2875
2026-08-28T17:00:00,East Coast (KL-Kuantan),East Coast (KL-Kuantan) :: Kuala Lumpur->Kuantan Port,0,3.139,101.6869,3.9639,103.4292,17,4,0.2662
2026-08-28T18:00:00,East Coast (KL-Kuantan),East Coast (KL-Kuantan) :: Kuala Lumpur->Kuantan Port,0,3.139,101.6869,3.9639,103.4292,18,4,0.3627
2026-08-28T19:00:00,East Coast (KL-Kuantan),East Coast (KL-Kuantan) :: Kuala Lumpur->Kuantan Port,0,3.139,101.6869,3.9639,103.4292,19,4,0.446
2026-08-28T20:00:00,East Coast (KL-Kuantan),East Coast (KL-Kuantan) :: Kuala Lumpur->Kuantan Port,0,3.139,101.6869,3.9639,103.4292,20,4,0.342
2026-08-28T21:00:00,East Coast (KL-Kuantan),East Coast (KL-Kuantan) :: Kuala Lumpur->Kuantan Port,0,3.139,101.6869,3.9639,103.4292,21,4,0.1257
2026-08-28T22:00:00,East Coast (KL-Kuantan),East Coast (KL-Kuantan) :: Kuala Lumpur->Kuantan Port,0,3.139,101.6869,3.9639,103.4292,22,4,0.1221
2026-08-28T23:00:00,East Coast (KL-Kuantan),East Coast (KL-Kuantan) :: Kuala Lumpur->Kuantan Port,0,3.139,101.6869,3.9639,103.4292,23,4,0.1425
